asset_id,entity_id,entity_type,entity_display_name,priority_tier,display_readiness,publication_status,quality_tier,is_canonical_copy,is_stock_photo,duplicate_group,source_category,source_folder,filename,media_class,resolution_class,width,height,size_bytes,sha256,notes
AST-000174,PRJ-LOCAL-0901,AGGREGATE_DUPLICATE_BUCKET,ALL Root (Unique Residue),TIER_D,THUMBNAIL_ONLY,ARCHIVE,TIER_4,YES,NO,,ALL,ALL,iaMedium-1 copy.jpg,IMAGE,VERY_LOW,660,495,141283,9827d47e55469bc8d2f0960d8cd30a8b51cfebfa98a79adce71f2737e999ac29,Archive catch-all
AST-000268,PRJ-LOCAL-0092,PORTFOLIO_COLLECTION,Appliances Portfolio,TIER_B,RESTORATION_CANDIDATE,USE_AFTER_CONTENT_APPROVAL,TIER_4,YES,NO,DUP-00030,APPLIANCES,Air Conditioning Fan,FAN1.jpg,IMAGE,VERY_LOW,660,518,44337,9fb502a451097bebc29639a354d62a237b6bb993f0098ff040aea5e83f297736,
AST-000269,PRJ-LOCAL-0092,PORTFOLIO_COLLECTION,Appliances Portfolio,TIER_B,RESTORATION_CANDIDATE,USE_AFTER_CONTENT_APPROVAL,TIER_4,YES,NO,DUP-00031,APPLIANCES,Air Conditioning Fan,FAN2.jpg,IMAGE,VERY_LOW,660,518,62180,7613e7b41b05fd809cb10184ab65d5d0c5328d0614c9173c000c13484659c879,
AST-000270,PRJ-LOCAL-0092,PORTFOLIO_COLLECTION,Appliances Portfolio,TIER_B,RESTORATION_CANDIDATE,USE_AFTER_CONTENT_APPROVAL,TIER_4,YES,NO,DUP-00032,APPLIANCES,Air Conditioning Fan,FAN3.jpg,IMAGE,VERY_LOW,660,518,28672,21c9041323e8d79318d4acff52a52ba3a79722735c8371efdf2ebeeaed52a538,
AST-000271,PRJ-LOCAL-0092,PORTFOLIO_COLLECTION,Appliances Portfolio,TIER_B,RESTORATION_CANDIDATE,USE_AFTER_CONTENT_APPROVAL,TIER_4,YES,NO,DUP-00140,APPLIANCES,Coffee Maker,coffee.jpg,IMAGE,VERY_LOW,660,576,69414,ec069c905263dcad15e724bd808a2f97b9e53f4f38493a61a3a3768600e51057,
AST-000272,PRJ-LOCAL-0092,PORTFOLIO_COLLECTION,Appliances Portfolio,TIER_B,RESTORATION_CANDIDATE,USE_AFTER_CONTENT_APPROVAL,TIER_4,YES,NO,DUP-00141,APPLIANCES,Coffee Maker,coffee2.jpg,IMAGE,VERY_LOW,660,576,42758,73fcf1812c22260347e40425d695a104d2cbfa4cec88844a060d78f2886dfa77,
AST-000273,PRJ-LOCAL-0092,PORTFOLIO_COLLECTION,Appliances Portfolio,TIER_B,RESTORATION_CANDIDATE,USE_AFTER_CONTENT_APPROVAL,TIER_4,YES,NO,DUP-00079,APPLIANCES,Refrigerator 1,Refrigerator_1.jpg,IMAGE,VERY_LOW,660,310,48992,bdb51be6031793c646cf6ecbb1f1f67291b67e7260b29e2bf9f6147ca647841c,
AST-000274,PRJ-LOCAL-0092,PORTFOLIO_COLLECTION,Appliances Portfolio,TIER_B,RESTORATION_CANDIDATE,USE_AFTER_CONTENT_APPROVAL,TIER_4,YES,NO,DUP-00080,APPLIANCES,Refrigerator 1,Refrigerator_1_b.jpg,IMAGE,VERY_LOW,400,284,42602,eaa16c9a5f37b2b62735ac26c30b02c0ecd1471b212661aa70d96dc98ff4683e,
AST-000275,PRJ-LOCAL-0092,PORTFOLIO_COLLECTION,Appliances Portfolio,TIER_B,RESTORATION_CANDIDATE,USE_AFTER_CONTENT_APPROVAL,TIER_4,YES,NO,DUP-00081,APPLIANCES,Refrigerator 2,Refrigerator_2-1.jpg,IMAGE,VERY_LOW,660,310,41727,b61c379d701a8509f9f75fbab58727fbc7cb8df24c0901ec44b79810f67f8bbe,
AST-000276,PRJ-LOCAL-0092,PORTFOLIO_COLLECTION,Appliances Portfolio,TIER_B,RESTORATION_CANDIDATE,USE_AFTER_CONTENT_APPROVAL,TIER_4,YES,NO,DUP-00082,APPLIANCES,Refrigerator 2,Refrigerator_2-1_2.jpg,IMAGE,VERY_LOW,400,284,41371,77b6d4370238414236f5541e1cd6fb2644bc30fa8c224eb4fa4d2758e74ea93a,
AST-000277,PRJ-LOCAL-0092,PORTFOLIO_COLLECTION,Appliances Portfolio,TIER_B,RESTORATION_CANDIDATE,USE_AFTER_CONTENT_APPROVAL,TIER_4,YES,NO,DUP-00116,APPLIANCES,Vacuum Cleaner,Vacuum_Cleaner-1.jpg,IMAGE,VERY_LOW,660,310,95426,34a65c67da292cce2df2f0a031c470336f93fc1fe4b3983708a999bd9bf75734,
AST-000278,PRJ-LOCAL-0092,PORTFOLIO_COLLECTION,Appliances Portfolio,TIER_B,RESTORATION_CANDIDATE,USE_AFTER_CONTENT_APPROVAL,TIER_4,YES,NO,DUP-00117,APPLIANCES,Vacuum Cleaner,Vacuum_Cleaner-2.jpg,IMAGE,VERY_LOW,400,284,12755,9dda49aba6af66e2d962a527015c5b148ef4bda5da98ee336745434752a6a7e9,
AST-000279,PRJ-LOCAL-0006,INDIVIDUAL_PROJECT,520 Madison Avenue NY,TIER_C,RESTORATION_CANDIDATE,USE_AFTER_CONTENT_APPROVAL,TIER_4,YES,NO,DUP-00021,ARCHITECTURE,520 Madison Avenue NY,DSC02427.JPG,IMAGE,VERY_LOW,640,480,144835,9dc56a96783def73f5ddca9c84f230f1fe68b5da56b7a72fe89f3da9da82654d,
AST-000280,PRJ-LOCAL-0003,INDIVIDUAL_PROJECT,Charlotte Office Interior,TIER_C,THUMBNAIL_ONLY,USE_AFTER_CONTENT_APPROVAL,TIER_4,YES,NO,DUP-00013,ARCHITECTURE,Charlotte Office Interior,Charlotte  photos 11-20-09 084 (2).jpg,IMAGE,VERY_LOW,800,600,66502,0f8b5deb9d4f4a097f22029bbfbfbfdf95953b4c3b18f786ef188a4dad9f6a6b,
AST-000281,PRJ-LOCAL-0003,INDIVIDUAL_PROJECT,Charlotte Office Interior,TIER_C,THUMBNAIL_ONLY,USE_AFTER_CONTENT_APPROVAL,TIER_4,YES,NO,DUP-00014,ARCHITECTURE,Charlotte Office Interior,Charlotte  photos 11-20-09 087 (2).jpg,IMAGE,VERY_LOW,800,600,61145,a0daff7d2a6588596785185e7e8e7c3283e2cac1978e4f69a5fd85da627b9956,
AST-000282,PRJ-LOCAL-0003,INDIVIDUAL_PROJECT,Charlotte Office Interior,TIER_C,THUMBNAIL_ONLY,USE_AFTER_CONTENT_APPROVAL,TIER_4,YES,NO,DUP-00015,ARCHITECTURE,Charlotte Office Interior,Charlotte  photos 11-20-09 092 (2).jpg,IMAGE,VERY_LOW,800,600,47226,46e5cd4dc973ef9d608409b0059de87f397e54a4d5daa6323b799cb2b7586a99,
AST-000283,PRJ-LOCAL-0004,INDIVIDUAL_PROJECT,Convent of the Sacred Heart,TIER_C,RESTORATION_CANDIDATE,USE_AFTER_CONTENT_APPROVAL,TIER_4,YES,NO,,ARCHITECTURE,Convent of the Sacred Heart,Sacred Heart-1.jpg,IMAGE,VERY_LOW,636,515,58256,a8a417bc1202f9dcb9d60dda8eb6ca4ccabadb7d8d5912972601d053dadbd2f7,
AST-000284,PRJ-LOCAL-0004,INDIVIDUAL_PROJECT,Convent of the Sacred Heart,TIER_C,RESTORATION_CANDIDATE,USE_AFTER_CONTENT_APPROVAL,TIER_4,YES,NO,DUP-00091,ARCHITECTURE,Convent of the Sacred Heart,SacredHeart.jpg,IMAGE,VERY_LOW,636,515,83825,2b7f55cb0aff6acb6f0404dccb53ff9d71a766baa2b43c10b240ad191018e271,
AST-000285,PRJ-LOCAL-0004,INDIVIDUAL_PROJECT,Convent of the Sacred Heart,TIER_C,RESTORATION_CANDIDATE,USE_AFTER_CONTENT_APPROVAL,TIER_4,YES,NO,DUP-00092,ARCHITECTURE,Convent of the Sacred Heart,SacredHeart3.jpg,IMAGE,VERY_LOW,636,515,53529,05b3ed6bc00697f25d68583fe3e967b26391cdd0745dce606ccbda6656fe50b9,
AST-000286,PRJ-LOCAL-0005,INDIVIDUAL_PROJECT,Hayderabad Phase II Project,TIER_C,RESTORATION_CANDIDATE,USE_AFTER_CONTENT_APPROVAL,TIER_4,YES,NO,DUP-00041,ARCHITECTURE,Hayderabad Phase II Project,Haydar1.jpg,IMAGE,VERY_LOW,640,427,55118,67710c0ba4f9c50c247449f222b040f8c797b37bafcc5a48159b80efcffffc30,
AST-000287,PRJ-LOCAL-0005,INDIVIDUAL_PROJECT,Hayderabad Phase II Project,TIER_C,RESTORATION_CANDIDATE,USE_AFTER_CONTENT_APPROVAL,TIER_4,YES,NO,DUP-00042,ARCHITECTURE,Hayderabad Phase II Project,Haydar2.jpg,IMAGE,VERY_LOW,640,427,54796,ebd802c7942ce7a2e935881cfe947ccbe84b41d2e2aa73a92d40b8e64564ebf1,
AST-000288,PRJ-LOCAL-0005,INDIVIDUAL_PROJECT,Hayderabad Phase II Project,TIER_C,RESTORATION_CANDIDATE,USE_AFTER_CONTENT_APPROVAL,TIER_4,YES,NO,DUP-00043,ARCHITECTURE,Hayderabad Phase II Project,Haydar3.jpg,IMAGE,VERY_LOW,640,427,64481,3d5f082c4151f809096390edf3162556ba3a612ca28aada812cbeae41d295267,
AST-000289,PRJ-LOCAL-0002,INDIVIDUAL_PROJECT,Misquamicut Beach Club,TIER_A,RESTORATION_CANDIDATE,USE_AFTER_CONTENT_APPROVAL,TIER_4,YES,NO,DUP-00201,ARCHITECTURE,Misquamicut Beach Club,misquamicut.jpg,IMAGE,VERY_LOW,636,515,47454,48e5458584d5972beb19ac74d9c51137c328e7128514ac9b65ceaf1bd87ebac0,
AST-000290,PRJ-LOCAL-0002,INDIVIDUAL_PROJECT,Misquamicut Beach Club,TIER_A,RESTORATION_CANDIDATE,USE_AFTER_CONTENT_APPROVAL,TIER_4,YES,NO,DUP-00202,ARCHITECTURE,Misquamicut Beach Club,misquamicut1.jpg,IMAGE,VERY_LOW,636,515,63464,e19b4aba1888c95ee0ef896cf0fe686fbbbab376eedbfd9b9719d28867dbf30f,
AST-000291,PRJ-LOCAL-0002,INDIVIDUAL_PROJECT,Misquamicut Beach Club,TIER_A,RESTORATION_CANDIDATE,USE_AFTER_CONTENT_APPROVAL,TIER_4,YES,NO,DUP-00203,ARCHITECTURE,Misquamicut Beach Club,misquamicut2.jpg,IMAGE,VERY_LOW,636,515,47881,3d206c804e430b35ad44bce7e95b855afb63a15c9a8c6fa781cd73cf3c4c9800,
AST-000292,PRJ-LOCAL-0002,INDIVIDUAL_PROJECT,Misquamicut Beach Club,TIER_A,RESTORATION_CANDIDATE,USE_AFTER_CONTENT_APPROVAL,TIER_4,YES,NO,DUP-00204,ARCHITECTURE,Misquamicut Beach Club,misquamicut3.jpg,IMAGE,VERY_LOW,636,515,70331,9fdba08f7939c00a7b220b157928e9e36e1e1ddbf2bba16d1bb93b1b82788cc6,
AST-000293,PRJ-LOCAL-0001,INDIVIDUAL_PROJECT,Tamarack Country Club,TIER_A,RESTORATION_CANDIDATE,USE_AFTER_CONTENT_APPROVAL,TIER_4,YES,NO,DUP-00105,ARCHITECTURE,Tamarack Country Club,TamarackCC1.jpg,IMAGE,VERY_LOW,636,515,43284,8b5619e60cb0b8859984a46d83a1d1640d578dd2028b3c9378b4c7069969aba1,
AST-000294,PRJ-LOCAL-0001,INDIVIDUAL_PROJECT,Tamarack Country Club,TIER_A,RESTORATION_CANDIDATE,USE_AFTER_CONTENT_APPROVAL,TIER_4,YES,NO,,ARCHITECTURE,Tamarack Country Club,TamarackCC2.jpg,IMAGE,VERY_LOW,636,515,51451,4b92e39ff0934ab7d4ffb2fcd41b175b648cb857a16472eaa59f2deadb61fc29,
AST-000295,PRJ-LOCAL-0001,INDIVIDUAL_PROJECT,Tamarack Country Club,TIER_A,RESTORATION_CANDIDATE,USE_AFTER_CONTENT_APPROVAL,TIER_4,YES,NO,DUP-00106,ARCHITECTURE,Tamarack Country Club,TamarackCC3.jpg,IMAGE,VERY_LOW,636,515,50312,d09492d80f2c22b9a71bb834ab00ae1b2bd96febaa35766b2b90204804fa5e4e,
AST-000296,PRJ-LOCAL-0001,INDIVIDUAL_PROJECT,Tamarack Country Club,TIER_A,RESTORATION_CANDIDATE,USE_AFTER_CONTENT_APPROVAL,TIER_4,YES,NO,DUP-00107,ARCHITECTURE,Tamarack Country Club,TamarackCC4.jpg,IMAGE,VERY_LOW,636,515,68959,655ce75593d7647ffb0f22f19d9e61f45f31ccac0c6ba729acb3a235643f0429,
AST-000297,PRJ-LOCAL-0001,INDIVIDUAL_PROJECT,Tamarack Country Club,TIER_A,RESTORATION_CANDIDATE,USE_AFTER_CONTENT_APPROVAL,TIER_4,YES,NO,DUP-00108,ARCHITECTURE,Tamarack Country Club,TamarackCC5.jpg,IMAGE,VERY_LOW,636,515,56742,e51288860ddd5e6ffed94996a9638b13c43590ff322b4dba311bbe997db7f3c2,
AST-000298,PRJ-LOCAL-0001,INDIVIDUAL_PROJECT,Tamarack Country Club,TIER_A,RESTORATION_CANDIDATE,USE_AFTER_CONTENT_APPROVAL,TIER_4,YES,NO,DUP-00109,ARCHITECTURE,Tamarack Country Club,TamarackCountry.jpg,IMAGE,VERY_LOW,636,515,40277,70c6aa9a3ea8e44404491f8441fb39f2f8c8da27b70a3b19b7e961633ed93611,
AST-000299,PRJ-LOCAL-0001,INDIVIDUAL_PROJECT,Tamarack Country Club,TIER_A,CARD_READY,USE_AFTER_CONTENT_APPROVAL,TIER_3,YES,NO,DUP-00249,ARCHITECTURE,Tamarack Country Club,tam-main-elevs-front.jpg,IMAGE,LOW,1280,853,164585,dc4460143975188fb0fcbb846e733792e83990d26ce95575ef9ff68a3ea31477,
AST-000300,PRJ-LOCAL-0001,INDIVIDUAL_PROJECT,Tamarack Country Club,TIER_A,CARD_READY,USE_AFTER_CONTENT_APPROVAL,TIER_3,YES,NO,DUP-00250,ARCHITECTURE,Tamarack Country Club,tam-main-elevs-side.jpg,IMAGE,LOW,1280,853,104391,ba2fada30c67f4ee0f10e5aa1ebc3faebaf37e6c13dec0dab1e838e6c46a4244,
AST-000301,PRJ-LOCAL-0001,INDIVIDUAL_PROJECT,Tamarack Country Club,TIER_A,RESTORATION_CANDIDATE,USE_AFTER_CONTENT_APPROVAL,TIER_4,YES,NO,DUP-00110,ARCHITECTURE,Tamarack Pool House,TamarackPool.jpg,IMAGE,VERY_LOW,636,515,76054,81acc65cc3d267238dd139a538f807bc663bf489694006eba5978f2e9e4b6309,
AST-000302,PRJ-LOCAL-0001,INDIVIDUAL_PROJECT,Tamarack Country Club,TIER_A,RESTORATION_CANDIDATE,USE_AFTER_CONTENT_APPROVAL,TIER_4,YES,NO,DUP-00111,ARCHITECTURE,Tamarack Pool House,TamarackPool1.jpg,IMAGE,VERY_LOW,636,515,70655,05bc2aa3f01c7fbc2691aaebab1875a46691613941c4ec7cff57a35fc616dfe6,
AST-000303,PRJ-LOCAL-0085,PORTFOLIO_COLLECTION,Commercial Products Portfolio,TIER_B,RESTORATION_CANDIDATE,USE_AFTER_CONTENT_APPROVAL,TIER_4,YES,NO,DUP-00136,COMMERCIAL,Barcode Scanner,bs.jpg,IMAGE,VERY_LOW,660,274,8171,d8f8736a5a4ce46789f82b632428dfcafb24b20d5648553491077954583b417d,
AST-000304,PRJ-LOCAL-0085,PORTFOLIO_COLLECTION,Commercial Products Portfolio,TIER_B,RESTORATION_CANDIDATE,USE_AFTER_CONTENT_APPROVAL,TIER_4,YES,NO,DUP-00137,COMMERCIAL,Barcode Scanner,bs_2.jpg,IMAGE,VERY_LOW,400,284,67978,6feae0c532ccbf8a6f70aa2c9c62c76e09a2b16364a777538e53c58602c500e1,
AST-000305,PRJ-LOCAL-0085,PORTFOLIO_COLLECTION,Commercial Products Portfolio,TIER_B,RESTORATION_CANDIDATE,USE_AFTER_CONTENT_APPROVAL,TIER_4,YES,NO,DUP-00026,COMMERCIAL,Dictaphone,Dictaphone-1.jpg,IMAGE,VERY_LOW,660,274,80411,bf8f31842a0a28693ee05d86252583c1e944a91f4e1225b9a308e1d5de114a97,
AST-000306,PRJ-LOCAL-0085,PORTFOLIO_COLLECTION,Commercial Products Portfolio,TIER_B,RESTORATION_CANDIDATE,USE_AFTER_CONTENT_APPROVAL,TIER_4,YES,NO,DUP-00027,COMMERCIAL,Dictaphone,Dictaphone-2.jpg,IMAGE,VERY_LOW,400,284,71448,90aafc85b7fdd84faa4d81dcbe61e7f90073b1356894c654b5bca14a8c08b430,
AST-000307,PRJ-LOCAL-0052,INDIVIDUAL_PROJECT,Finger-Print Scanner,TIER_B,RESTORATION_CANDIDATE,HOLD_OWNER_REVIEW,TIER_4,YES,NO,DUP-00159,COMMERCIAL,Finger-Print Scanner,fps_1.jpg,IMAGE,VERY_LOW,660,274,7515,9b3111d5c1ca6d6fef1e7af6009b0f5317eeacf756ae33393fbf690814c81353,
AST-000308,PRJ-LOCAL-0052,INDIVIDUAL_PROJECT,Finger-Print Scanner,TIER_B,RESTORATION_CANDIDATE,HOLD_OWNER_REVIEW,TIER_4,YES,NO,DUP-00160,COMMERCIAL,Finger-Print Scanner,fps_2.jpg,IMAGE,VERY_LOW,400,284,74944,08812cc8682f375120128eac8c322cf987c030c8cc727ef8a0b1bd74da67850f,
AST-000309,PRJ-LOCAL-0053,INDIVIDUAL_PROJECT,Flight Planner,TIER_B,RESTORATION_CANDIDATE,HOLD_OWNER_REVIEW,TIER_4,YES,NO,DUP-00157,COMMERCIAL,Flight Planner,flight_planner-1.jpg,IMAGE,VERY_LOW,660,274,95174,6d9ba91f3ac397f2b0ced8e2db79182f2167f764fe98457c6e2c9093f18e61e3,
AST-000310,PRJ-LOCAL-0053,INDIVIDUAL_PROJECT,Flight Planner,TIER_B,RESTORATION_CANDIDATE,HOLD_OWNER_REVIEW,TIER_4,YES,NO,DUP-00158,COMMERCIAL,Flight Planner,flight_planner-2.jpg,IMAGE,VERY_LOW,400,284,107053,a9a87c2849a88c88f71fde8e6c62c85939a0a0694cc1faa3199a0aaf4573f5b2,
AST-000311,PRJ-LOCAL-0085,PORTFOLIO_COLLECTION,Commercial Products Portfolio,TIER_B,RESTORATION_CANDIDATE,USE_AFTER_CONTENT_APPROVAL,TIER_4,YES,NO,DUP-00168,COMMERCIAL,Hand Dryer,hand_dryer_1.jpg,IMAGE,VERY_LOW,660,274,160861,5ebba028da49c0d6bee419062c5e6d155a552a72a8eb388c14e987b4cd331e32,
AST-000312,PRJ-LOCAL-0085,PORTFOLIO_COLLECTION,Commercial Products Portfolio,TIER_B,RESTORATION_CANDIDATE,USE_AFTER_CONTENT_APPROVAL,TIER_4,YES,NO,DUP-00169,COMMERCIAL,Hand Dryer,hand_dryer_2.jpg,IMAGE,VERY_LOW,400,284,52165,4cd183c886527b09eedf3f4804a6a36f68b4b2beb9b149feed1a84272e6871ab,
AST-000313,PRJ-LOCAL-0054,INDIVIDUAL_PROJECT,Security Scanner,TIER_B,RESTORATION_CANDIDATE,HOLD_OWNER_REVIEW,TIER_4,YES,NO,DUP-00018,COMMERCIAL,Security Scanner,Commercia_img.jpg,IMAGE,VERY_LOW,660,369,13320,9e1efacaf729b5da7b62337fdc448fa74ca7ddefc16d5f5b61f6310deee3de92,
AST-000314,PRJ-LOCAL-0054,INDIVIDUAL_PROJECT,Security Scanner,TIER_B,RESTORATION_CANDIDATE,HOLD_OWNER_REVIEW,TIER_4,YES,NO,DUP-00095,COMMERCIAL,Security Scanner,Security_Scanner-2.jpg,IMAGE,VERY_LOW,400,284,8796,bc57a53aac9f286ae82365a82ce3447cdbfe219806e548d7d16a1107bf2d7cee,
AST-000315,PRJ-LOCAL-0085,PORTFOLIO_COLLECTION,Commercial Products Portfolio,TIER_B,RESTORATION_CANDIDATE,USE_AFTER_CONTENT_APPROVAL,TIER_4,YES,NO,DUP-00096,COMMERCIAL,Soup Server,Soup_Server-1.jpg,IMAGE,VERY_LOW,660,274,103887,bbe4751e327aead60b37a884aee2d786a9427c70bd85be46977f012b391fa5c7,
AST-000316,PRJ-LOCAL-0085,PORTFOLIO_COLLECTION,Commercial Products Portfolio,TIER_B,RESTORATION_CANDIDATE,USE_AFTER_CONTENT_APPROVAL,TIER_4,YES,NO,DUP-00097,COMMERCIAL,Soup Server,Soup_Server-2.jpg,IMAGE,VERY_LOW,400,284,112486,78b967f8e43f6d0938be68edccc6accaaf183cc7631e40d0966eeafcc9998543,
AST-000317,PRJ-LOCAL-0085,PORTFOLIO_COLLECTION,Commercial Products Portfolio,TIER_B,RESTORATION_CANDIDATE,USE_AFTER_CONTENT_APPROVAL,TIER_4,YES,NO,DUP-00099,COMMERCIAL,Staircase,Staircase-1.jpg,IMAGE,VERY_LOW,660,274,168155,55b5f59eda0d8cb1dc2f9b20a041408be7b72d1f7d6eb12f2d2b0a54eb49726e,
AST-000318,PRJ-LOCAL-0085,PORTFOLIO_COLLECTION,Commercial Products Portfolio,TIER_B,RESTORATION_CANDIDATE,USE_AFTER_CONTENT_APPROVAL,TIER_4,YES,NO,DUP-00100,COMMERCIAL,Staircase,Staircase-2.jpg,IMAGE,VERY_LOW,400,284,127726,e34c920a0c6637f29c14c36e25078deaff12a9f7d52cd377c827bcc02661a74d,
AST-000319,PRJ-LOCAL-0051,INDIVIDUAL_PROJECT,iaMedium,TIER_B,RESTORATION_CANDIDATE,HOLD_OWNER_REVIEW,TIER_4,YES,NO,DUP-00174,COMMERCIAL,iaMedium,iaMedium-1.jpg,IMAGE,VERY_LOW,660,495,47631,5dbe573fe774beee29565fa41777a88cbc41b6d3855313d533296da59f5ee933,
AST-000320,PRJ-LOCAL-0051,INDIVIDUAL_PROJECT,iaMedium,TIER_B,RESTORATION_CANDIDATE,HOLD_OWNER_REVIEW,TIER_4,YES,NO,DUP-00175,COMMERCIAL,iaMedium,iaMedium-2.jpg,IMAGE,VERY_LOW,400,284,149660,07bb177fb0647ccd5ef20e844cbe397e1f618ba04ec2994d0fb141eeb7400a35,
AST-000321,PRJ-LOCAL-0051,INDIVIDUAL_PROJECT,iaMedium,TIER_B,RESTORATION_CANDIDATE,HOLD_OWNER_REVIEW,TIER_4,YES,NO,DUP-00176,COMMERCIAL,iaMedium,iaMedium-3.jpg,IMAGE,VERY_LOW,400,300,20305,bee2d7403007b55664ffafcfaa2e1611c409841c8679138cab8cd039796e4a2d,
AST-000322,PRJ-LOCAL-0091,PORTFOLIO_COLLECTION,Communication Devices Portfolio,TIER_B,RESTORATION_CANDIDATE,USE_AFTER_CONTENT_APPROVAL,TIER_4,YES,NO,DUP-00008,COMMUNICATION,Business Phone,Business_phone-1.jpg,IMAGE,VERY_LOW,660,310,72622,91b97451b22ab15406f23971ae820a8902519fec6b6159e904d0172cf8bcdbbc,
AST-000323,PRJ-LOCAL-0091,PORTFOLIO_COLLECTION,Communication Devices Portfolio,TIER_B,RESTORATION_CANDIDATE,USE_AFTER_CONTENT_APPROVAL,TIER_4,YES,NO,DUP-00072,COMMUNICATION,Business Phone,PHONE-1.jpg,IMAGE,VERY_LOW,400,598,105405,95411b998694be665716964716c49c120cab2d2c005ce9da729314177ff70adf,
AST-000324,PRJ-LOCAL-0091,PORTFOLIO_COLLECTION,Communication Devices Portfolio,TIER_B,RESTORATION_CANDIDATE,USE_AFTER_CONTENT_APPROVAL,TIER_4,YES,NO,DUP-00035,COMMUNICATION,GPS Navigator,GPS_Navigator-1.jpg,IMAGE,VERY_LOW,660,310,103306,ac2f101003535d5764863b017a1b34222b9fedd1ce1208bc6514b6ca479143e1,
AST-000325,PRJ-LOCAL-0091,PORTFOLIO_COLLECTION,Communication Devices Portfolio,TIER_B,RESTORATION_CANDIDATE,USE_AFTER_CONTENT_APPROVAL,TIER_4,YES,NO,DUP-00036,COMMUNICATION,GPS Navigator,GPS_Navigator-2.jpg,IMAGE,VERY_LOW,400,284,94768,7bd86e1f21f3d75483a93487391cfa073a14aec12ad445bc84cfdb04662fe83a,
AST-000326,PRJ-LOCAL-0091,PORTFOLIO_COLLECTION,Communication Devices Portfolio,TIER_B,RESTORATION_CANDIDATE,USE_AFTER_CONTENT_APPROVAL,TIER_4,YES,NO,DUP-00070,COMMUNICATION,PDA,PDA-1.jpg,IMAGE,VERY_LOW,660,310,114479,40aa88da47b269781cfcdf32405940d57d12093769a8370c507a6672097e3adf,
AST-000327,PRJ-LOCAL-0091,PORTFOLIO_COLLECTION,Communication Devices Portfolio,TIER_B,RESTORATION_CANDIDATE,USE_AFTER_CONTENT_APPROVAL,TIER_4,YES,NO,DUP-00071,COMMUNICATION,PDA,PDA-2.jpg,IMAGE,VERY_LOW,400,284,73904,8bedc9bb6e261bb64bae1e7cfbc1020f3d6f51b7be8a0a917697bcde12b3b9ad,
AST-000328,PRJ-LOCAL-0091,PORTFOLIO_COLLECTION,Communication Devices Portfolio,TIER_B,RESTORATION_CANDIDATE,USE_AFTER_CONTENT_APPROVAL,TIER_4,YES,NO,DUP-00210,COMMUNICATION,Payphone,payphone.jpg,IMAGE,VERY_LOW,660,310,81269,44de03969a83e5fc90a93ea4828da9c5e647bb1f677e117bf76aa68032796653,
AST-000329,PRJ-LOCAL-0091,PORTFOLIO_COLLECTION,Communication Devices Portfolio,TIER_B,RESTORATION_CANDIDATE,USE_AFTER_CONTENT_APPROVAL,TIER_4,YES,NO,DUP-00118,COMMUNICATION,Walkie Talkie,Walkie_Talkie-1.jpg,IMAGE,VERY_LOW,660,310,39743,f347e201ca4fec46130bf93610de0a2f5f78e35e5ce65e194cb796618ac0a6b9,
AST-000330,PRJ-LOCAL-0091,PORTFOLIO_COLLECTION,Communication Devices Portfolio,TIER_B,RESTORATION_CANDIDATE,USE_AFTER_CONTENT_APPROVAL,TIER_4,YES,NO,DUP-00119,COMMUNICATION,Walkie Talkie,Walkie_Talkie-2.jpg,IMAGE,VERY_LOW,400,284,39395,6b242ca94ee3dd06a7958e1bc68f32c42280ace37bcc12f218c8a3d3672c4868,
AST-000331,PRJ-LOCAL-0091,PORTFOLIO_COLLECTION,Communication Devices Portfolio,TIER_B,RESTORATION_CANDIDATE,USE_AFTER_CONTENT_APPROVAL,TIER_4,YES,NO,DUP-00019,COMMUNICATION,iPhone Case,Communication_main_2.jpg,IMAGE,VERY_LOW,400,284,47272,6aa0440675b066b3cb6821bf08bcc68d997c809d09d07064ace65bb3d810d090,
AST-000332,PRJ-LOCAL-0091,PORTFOLIO_COLLECTION,Communication Devices Portfolio,TIER_B,RESTORATION_CANDIDATE,USE_AFTER_CONTENT_APPROVAL,TIER_4,YES,NO,DUP-00020,COMMUNICATION,iPhone Case,Communication_main_img.jpg,IMAGE,VERY_LOW,660,369,84233,71fac3a1d246cf8a5e3cad5662d7937e221fff37368600568af4edc49af6ade7,
AST-000333,PRJ-LOCAL-0090,PORTFOLIO_COLLECTION,Consumer Electronics Portfolio,TIER_B,RESTORATION_CANDIDATE,USE_AFTER_CONTENT_APPROVAL,TIER_4,YES,NO,DUP-00138,CONSUMER ELECTRONICS,CD Player,cd_player_1.jpg,IMAGE,VERY_LOW,660,369,23939,e3d17ed2d40ef47cdba09071c04d4b0734303bc74e02135277adc1483728ad64,
AST-000334,PRJ-LOCAL-0090,PORTFOLIO_COLLECTION,Consumer Electronics Portfolio,TIER_B,RESTORATION_CANDIDATE,USE_AFTER_CONTENT_APPROVAL,TIER_4,YES,NO,DUP-00139,CONSUMER ELECTRONICS,CD Player,cd_player_2.jpg,IMAGE,VERY_LOW,400,284,13837,383ba20e5af27e90b2ca6d92455f3fa68adca62660650a31ad5bf8862048b6a4,
AST-000335,PRJ-LOCAL-0090,PORTFOLIO_COLLECTION,Consumer Electronics Portfolio,TIER_B,RESTORATION_CANDIDATE,USE_AFTER_CONTENT_APPROVAL,TIER_4,YES,NO,DUP-00009,CONSUMER ELECTRONICS,Cam Corder (Portable Camera),Camcorder-1.jpg,IMAGE,VERY_LOW,660,369,22887,da5c7dfbc9484c3f9503fe414d27aa75554708e94190a7f1d105b31db472d71f,
AST-000336,PRJ-LOCAL-0090,PORTFOLIO_COLLECTION,Consumer Electronics Portfolio,TIER_B,RESTORATION_CANDIDATE,USE_AFTER_CONTENT_APPROVAL,TIER_4,YES,NO,DUP-00010,CONSUMER ELECTRONICS,Cam Corder (Portable Camera),Camcorder-2.jpg,IMAGE,VERY_LOW,400,284,22444,89a3318ff5fcbe76f301ec5799f68dc6abdcc423ef8e5031d517ca3fc1bef46c,
AST-000337,PRJ-LOCAL-0090,PORTFOLIO_COLLECTION,Consumer Electronics Portfolio,TIER_B,RESTORATION_CANDIDATE,USE_AFTER_CONTENT_APPROVAL,TIER_4,YES,NO,DUP-00022,CONSUMER ELECTRONICS,DVD Player,DVD Player.jpg,IMAGE,VERY_LOW,660,443,129884,264aa0361495bcebc83046634c3e27537f638630c31814bb65e327b593570458,
AST-000338,PRJ-LOCAL-0090,PORTFOLIO_COLLECTION,Consumer Electronics Portfolio,TIER_B,RESTORATION_CANDIDATE,USE_AFTER_CONTENT_APPROVAL,TIER_4,YES,NO,DUP-00023,CONSUMER ELECTRONICS,DVD Player,DVD Player_2.jpg,IMAGE,VERY_LOW,400,314,56699,6e50e5eaf8e9694f2ccfbe2b71eda88ef469bb35265995e9b09691a9f629c3bc,
AST-000339,PRJ-LOCAL-0090,PORTFOLIO_COLLECTION,Consumer Electronics Portfolio,TIER_B,RESTORATION_CANDIDATE,USE_AFTER_CONTENT_APPROVAL,TIER_4,YES,NO,DUP-00039,CONSUMER ELECTRONICS,Handheld Massager,Handheld_Massager-1.jpg,IMAGE,VERY_LOW,660,369,23330,4f80f1bf310aa7d1815a8e89d950b99614ede40ae81529af7ab361ff48668062,
AST-000340,PRJ-LOCAL-0090,PORTFOLIO_COLLECTION,Consumer Electronics Portfolio,TIER_B,RESTORATION_CANDIDATE,USE_AFTER_CONTENT_APPROVAL,TIER_4,YES,NO,DUP-00040,CONSUMER ELECTRONICS,Handheld Massager,Handheld_Massager-2.jpg,IMAGE,VERY_LOW,400,284,11547,c176b831f0e137e6a17ee3ab027960006657d182bb66a027cf2b94837cc7c744,
AST-000341,PRJ-LOCAL-0090,PORTFOLIO_COLLECTION,Consumer Electronics Portfolio,TIER_B,RESTORATION_CANDIDATE,USE_AFTER_CONTENT_APPROVAL,TIER_4,YES,NO,DUP-00170,CONSUMER ELECTRONICS,Hard Drive Tower,hard_drive_tower_1.jpg,IMAGE,VERY_LOW,660,369,19632,8c1e8efa14ad25ae49d361f3f84d56321e16169b59bbe68b17b835fd5838ae66,
AST-000342,PRJ-LOCAL-0090,PORTFOLIO_COLLECTION,Consumer Electronics Portfolio,TIER_B,RESTORATION_CANDIDATE,USE_AFTER_CONTENT_APPROVAL,TIER_4,YES,NO,DUP-00171,CONSUMER ELECTRONICS,Hard Drive Tower,hard_drive_tower_2.jpg,IMAGE,VERY_LOW,400,284,43803,dfab14ad09477a54e52f4cad7b8d688041f75023ad86a2500c051e2bb5fe922a,
AST-000343,PRJ-LOCAL-0090,PORTFOLIO_COLLECTION,Consumer Electronics Portfolio,TIER_B,RESTORATION_CANDIDATE,USE_AFTER_CONTENT_APPROVAL,TIER_4,YES,NO,DUP-00213,CONSUMER ELECTRONICS,Portable Shredder,portable_shredder_1.jpg,IMAGE,VERY_LOW,660,369,76461,a0b388bea1998f30df8b239f54687cb690196f9a1b31c36a79b54840b02f1c1c,
AST-000344,PRJ-LOCAL-0090,PORTFOLIO_COLLECTION,Consumer Electronics Portfolio,TIER_B,RESTORATION_CANDIDATE,USE_AFTER_CONTENT_APPROVAL,TIER_4,YES,NO,DUP-00214,CONSUMER ELECTRONICS,Portable Shredder,portable_shredder_2.jpg,IMAGE,VERY_LOW,400,284,48591,e2f8c85105dcd985eb89a4aa91349f099af217e01a043898f3e95a4ca34cdcc5,
AST-000345,PRJ-LOCAL-0090,PORTFOLIO_COLLECTION,Consumer Electronics Portfolio,TIER_B,RESTORATION_CANDIDATE,USE_AFTER_CONTENT_APPROVAL,TIER_4,YES,NO,DUP-00241,CONSUMER ELECTRONICS,Submersible Tablet,submersible_tablet_1.jpg,IMAGE,VERY_LOW,660,369,80713,f49746eda5cfa5fc06bfea36b6fe0a971befc374c8ec5ebb77d4d9606ebabe2a,
AST-000346,PRJ-LOCAL-0090,PORTFOLIO_COLLECTION,Consumer Electronics Portfolio,TIER_B,RESTORATION_CANDIDATE,USE_AFTER_CONTENT_APPROVAL,TIER_4,YES,NO,DUP-00242,CONSUMER ELECTRONICS,Submersible Tablet,submersible_tablet_2.jpg,IMAGE,VERY_LOW,400,284,46186,1774f2ddbec18e01f552c149433a0b21f68ee940fe5dd275b9ff6893065123c6,
AST-000347,PRJ-LOCAL-0090,PORTFOLIO_COLLECTION,Consumer Electronics Portfolio,TIER_B,RESTORATION_CANDIDATE,USE_AFTER_CONTENT_APPROVAL,TIER_4,YES,NO,DUP-00247,CONSUMER ELECTRONICS,Tablet,tablet_1.jpg,IMAGE,VERY_LOW,660,369,115075,7596e229577bc223a3c6959da78d8f758d0d4230cfad8ecf6f9372f406249034,
AST-000348,PRJ-LOCAL-0090,PORTFOLIO_COLLECTION,Consumer Electronics Portfolio,TIER_B,RESTORATION_CANDIDATE,USE_AFTER_CONTENT_APPROVAL,TIER_4,YES,NO,DUP-00248,CONSUMER ELECTRONICS,Tablet,tablet_2.jpg,IMAGE,VERY_LOW,400,284,91124,d8a1567e8abae011310a81d811c47b7d6e23e24016af2d66fe9e6d41409523cb,
AST-000349,PRJ-LOCAL-0090,PORTFOLIO_COLLECTION,Consumer Electronics Portfolio,TIER_B,RESTORATION_CANDIDATE,USE_AFTER_CONTENT_APPROVAL,TIER_4,YES,NO,DUP-00229,CONSUMER ELECTRONICS,Universal Remote Control,remote.jpg,IMAGE,VERY_LOW,660,437,47655,eccc2308f8e0b779d58b8805f3d442c128e95e38745763cda262a3aff39c6946,
AST-000350,PRJ-LOCAL-0090,PORTFOLIO_COLLECTION,Consumer Electronics Portfolio,TIER_B,RESTORATION_CANDIDATE,USE_AFTER_CONTENT_APPROVAL,TIER_4,YES,NO,DUP-00260,CONSUMER ELECTRONICS,Universal Remote Control,universal_remote_control.jpg,IMAGE,VERY_LOW,660,369,126766,04aaab344930f9da11e89f114050875ee818099f49beb1b3e1cf359e496c9eb1,
AST-000351,PRJ-LOCAL-0090,PORTFOLIO_COLLECTION,Consumer Electronics Portfolio,TIER_B,RESTORATION_CANDIDATE,USE_AFTER_CONTENT_APPROVAL,TIER_4,YES,NO,DUP-00261,CONSUMER ELECTRONICS,Video Player,video_player_1.jpg,IMAGE,VERY_LOW,660,369,21776,5c23a730c47c2a224d7fd8ec070e08579205efeca04f7c813f9dd641ed44c0d3,
AST-000352,PRJ-LOCAL-0090,PORTFOLIO_COLLECTION,Consumer Electronics Portfolio,TIER_B,RESTORATION_CANDIDATE,USE_AFTER_CONTENT_APPROVAL,TIER_4,YES,NO,DUP-00262,CONSUMER ELECTRONICS,Video Player,video_player_2.jpg,IMAGE,VERY_LOW,400,284,15303,71a9f47d46b6238afbac1aa01a3ed3b81da1f8d54c5edee3d51f6585201fa5dd,
AST-000353,PRJ-LOCAL-0090,PORTFOLIO_COLLECTION,Consumer Electronics Portfolio,TIER_B,RESTORATION_CANDIDATE,USE_AFTER_CONTENT_APPROVAL,TIER_4,YES,NO,DUP-00120,CONSUMER ELECTRONICS,Wireless Tower,Wireless_Tower_1.jpg,IMAGE,VERY_LOW,660,369,27025,b9c73e0e1ac3d95fa732b727040807f37b3740bb464a22e3686a4450260bb03a,
AST-000354,PRJ-LOCAL-0090,PORTFOLIO_COLLECTION,Consumer Electronics Portfolio,TIER_B,RESTORATION_CANDIDATE,USE_AFTER_CONTENT_APPROVAL,TIER_4,YES,NO,DUP-00121,CONSUMER ELECTRONICS,Wireless Tower,Wireless_Tower_2.jpg,IMAGE,VERY_LOW,400,284,22441,f367b6d1857bb4eeaa4d3f9439b43880e8a581336d16d91a417a971e98a58b76,
AST-000355,PRJ-LOCAL-0070,PORTFOLIO_COLLECTION,Graphic Design Portfolio,TIER_C,RESTORATION_CANDIDATE,USE_AFTER_CONTENT_APPROVAL,TIER_4,YES,NO,DUP-00016,GRAPHIC,Cleanser,Cleanser-1.jpg,IMAGE,VERY_LOW,660,274,64706,46488437230e895410982df44877420fbc9a5d5a920aae28a9ce1c8d49f55deb,
AST-000356,PRJ-LOCAL-0070,PORTFOLIO_COLLECTION,Graphic Design Portfolio,TIER_C,RESTORATION_CANDIDATE,USE_AFTER_CONTENT_APPROVAL,TIER_4,YES,NO,DUP-00017,GRAPHIC,Cleanser,Cleanser-2.jpg,IMAGE,VERY_LOW,400,284,77971,d6648d556e9e81d21a7a4335bfc6f4e231b32b40ff82e30ccc6d199d5abe44d0,
AST-000357,PRJ-LOCAL-0070,PORTFOLIO_COLLECTION,Graphic Design Portfolio,TIER_C,RESTORATION_CANDIDATE,USE_AFTER_CONTENT_APPROVAL,TIER_4,YES,NO,DUP-00142,GRAPHIC,Da Benito,da_Benito_2.jpg,IMAGE,VERY_LOW,400,284,88108,7cd482ec3aa22d016506f6f9f16f23faffa322c04c815e535303f11c055efd7b,
AST-000358,PRJ-LOCAL-0070,PORTFOLIO_COLLECTION,Graphic Design Portfolio,TIER_C,RESTORATION_CANDIDATE,USE_AFTER_CONTENT_APPROVAL,TIER_4,YES,NO,DUP-00143,GRAPHIC,Da Benito,da_benito-1.jpg,IMAGE,VERY_LOW,660,274,128035,e315f19a149f1bdf00e8dcab4c12bedc89aae832870475798a71ff5e5ae56103,
AST-000359,PRJ-LOCAL-0070,PORTFOLIO_COLLECTION,Graphic Design Portfolio,TIER_C,RESTORATION_CANDIDATE,USE_AFTER_CONTENT_APPROVAL,TIER_4,YES,NO,DUP-00044,GRAPHIC,Heavenly,Heavenly_Cigar-1.jpg,IMAGE,VERY_LOW,660,274,53043,f555b0bc179a8f15b105475b7c18c3865a16110979af976479a08716bdf696a8,
AST-000360,PRJ-LOCAL-0070,PORTFOLIO_COLLECTION,Graphic Design Portfolio,TIER_C,RESTORATION_CANDIDATE,USE_AFTER_CONTENT_APPROVAL,TIER_4,YES,NO,DUP-00183,GRAPHIC,Jewelry,jewelry.jpg,IMAGE,VERY_LOW,660,274,166704,545b91e9e6f8180d1839f17fe3729c74e8a1a1a465105938e139b2b964a80b78,
AST-000361,PRJ-LOCAL-0070,PORTFOLIO_COLLECTION,Graphic Design Portfolio,TIER_C,RESTORATION_CANDIDATE,USE_AFTER_CONTENT_APPROVAL,TIER_4,YES,NO,DUP-00184,GRAPHIC,Jewelry,jewelry_2.jpg,IMAGE,VERY_LOW,400,284,79557,888930ce6067a6283ec1dc4e29473e6c950f2268f28c7f3b9b2e177616fe7d17,
AST-000362,PRJ-LOCAL-0070,PORTFOLIO_COLLECTION,Graphic Design Portfolio,TIER_C,RESTORATION_CANDIDATE,USE_AFTER_CONTENT_APPROVAL,TIER_4,YES,NO,DUP-00055,GRAPHIC,MCL Cafeteria,MCL_Cafeteria-1.jpg,IMAGE,VERY_LOW,660,274,96704,88ec9fa0d5fff0924d5187abafc6e66521eb4ddae1943eb4a16a87b21625702f,
AST-000363,PRJ-LOCAL-0070,PORTFOLIO_COLLECTION,Graphic Design Portfolio,TIER_C,RESTORATION_CANDIDATE,USE_AFTER_CONTENT_APPROVAL,TIER_4,YES,NO,DUP-00056,GRAPHIC,MCL Cafeteria,MCL_Cafeteria-2.jpg,IMAGE,VERY_LOW,400,284,48829,30bc9ad0658cb4fc7d276368bbd6d47c252c0270a06df91b34264a9935bd1273,
AST-000364,PRJ-LOCAL-0070,PORTFOLIO_COLLECTION,Graphic Design Portfolio,TIER_C,RESTORATION_CANDIDATE,USE_AFTER_CONTENT_APPROVAL,TIER_4,YES,NO,DUP-00061,GRAPHIC,Mastique,Mastique-1.jpg,IMAGE,VERY_LOW,660,274,83925,83c4326daf405654568a06cf72d110e7856ec0d0b61063b7ec15b1114a5bf954,
AST-000365,PRJ-LOCAL-0070,PORTFOLIO_COLLECTION,Graphic Design Portfolio,TIER_C,RESTORATION_CANDIDATE,USE_AFTER_CONTENT_APPROVAL,TIER_4,YES,NO,DUP-00195,GRAPHIC,Medical Advertising,medical_Advertising_1.jpg,IMAGE,VERY_LOW,660,218,82572,762b6c5395a2cd7239a9eebb2fd85767296cfaaa9c461c160e6c7fd5f93cf386,
AST-000366,PRJ-LOCAL-0070,PORTFOLIO_COLLECTION,Graphic Design Portfolio,TIER_C,RESTORATION_CANDIDATE,USE_AFTER_CONTENT_APPROVAL,TIER_4,YES,NO,DUP-00196,GRAPHIC,Medical Advertising,medical_Advertising_2.jpg,IMAGE,VERY_LOW,400,284,34879,5698084e59dad3e4f82f8475ec89cc411a79b2da2b66b091fd62b2589c2b9bd7,
AST-000367,PRJ-LOCAL-0070,PORTFOLIO_COLLECTION,Graphic Design Portfolio,TIER_C,RESTORATION_CANDIDATE,USE_AFTER_CONTENT_APPROVAL,TIER_4,YES,NO,DUP-00066,GRAPHIC,Naples Lumber,Naples_Lumber-1.jpg,IMAGE,VERY_LOW,660,274,90742,f1d02882be19bbe3f689bb63892fc4291b6bb08bf96db064e3c00d2b994fbf8e,
AST-000368,PRJ-LOCAL-0070,PORTFOLIO_COLLECTION,Graphic Design Portfolio,TIER_C,RESTORATION_CANDIDATE,USE_AFTER_CONTENT_APPROVAL,TIER_4,YES,NO,DUP-00067,GRAPHIC,Naples Lumber,Naples_Lumber-2.jpg,IMAGE,VERY_LOW,400,284,103657,dfb2baa0fbc8c815b1e34c89e996fad5c3b0cde1f32e83f4b78e500dfec0de7d,
AST-000369,PRJ-LOCAL-0070,PORTFOLIO_COLLECTION,Graphic Design Portfolio,TIER_C,RESTORATION_CANDIDATE,USE_AFTER_CONTENT_APPROVAL,TIER_4,YES,NO,DUP-00093,GRAPHIC,Sioux City Sarsaparilla,Sarsaparilla-1.jpg,IMAGE,VERY_LOW,116,511,80866,3ea1360eed8925c20b791411b09e1b0a321a3ac0bae2270478b0b9f45c7aa3e0,
AST-000370,PRJ-LOCAL-0070,PORTFOLIO_COLLECTION,Graphic Design Portfolio,TIER_C,RESTORATION_CANDIDATE,USE_AFTER_CONTENT_APPROVAL,TIER_4,YES,NO,DUP-00094,GRAPHIC,Sioux City Sarsaparilla,Sarsaparilla-2.jpg,IMAGE,VERY_LOW,400,284,125805,0abd93444e2cd1b409f1ce255ecd58dc22fe2d46306777f2eda492a046803259,
AST-000371,PRJ-LOCAL-0030,INDIVIDUAL_PROJECT,Crestron Adagio,TIER_A,RESTORATION_CANDIDATE,USE_AFTER_CLIENT_APPROVAL,TIER_4,YES,NO,DUP-00125,HOME GOODS,Adagio,adagio1.jpg,IMAGE,VERY_LOW,660,310,61668,46b6951ee9cd4d6f19f3ffc01f4bcc4af3b5e492a94dbb9a4c8d74464a16e7e1,
AST-000372,PRJ-LOCAL-0030,INDIVIDUAL_PROJECT,Crestron Adagio,TIER_A,RESTORATION_CANDIDATE,USE_AFTER_CLIENT_APPROVAL,TIER_4,YES,NO,DUP-00126,HOME GOODS,Adagio,adagio2.jpg,IMAGE,VERY_LOW,400,375,18627,a8238dc481d48a6933ab109aea74fa50e16596eefa2672075fc02408ebe26e7e,
AST-000373,PRJ-LOCAL-0093,PORTFOLIO_COLLECTION,Home Goods Portfolio,TIER_D,RESTORATION_CANDIDATE,USE_AFTER_CONTENT_APPROVAL,TIER_4,YES,NO,DUP-00144,HOME GOODS,Dehumidifier,dehumidifier.jpg,IMAGE,VERY_LOW,660,310,21635,e76aec46ff61c303a7bd74c6779b6520ce1e744bd0a2a6834bbf52e9c010cc2c,
AST-000374,PRJ-LOCAL-0093,PORTFOLIO_COLLECTION,Home Goods Portfolio,TIER_D,RESTORATION_CANDIDATE,USE_AFTER_CONTENT_APPROVAL,TIER_4,YES,NO,DUP-00145,HOME GOODS,Dehumidifier,dehumidifier2.jpg,IMAGE,VERY_LOW,400,284,24690,6318bc495187655d5bf3c30ab726417f3df55559317ccef155be02fc2253fad6,
AST-000375,PRJ-LOCAL-0093,PORTFOLIO_COLLECTION,Home Goods Portfolio,TIER_D,RESTORATION_CANDIDATE,USE_AFTER_CONTENT_APPROVAL,TIER_4,YES,NO,DUP-00049,HOME GOODS,Fan Tower,Ionizer-1.jpg,IMAGE,VERY_LOW,660,310,25288,31c0d8fce4b097c5a4cec5e73090690b5a81b5df780eb1fcf231cf077be3d6a8,
AST-000376,PRJ-LOCAL-0093,PORTFOLIO_COLLECTION,Home Goods Portfolio,TIER_D,RESTORATION_CANDIDATE,USE_AFTER_CONTENT_APPROVAL,TIER_4,YES,NO,DUP-00050,HOME GOODS,Fan Tower,Ionizer-2.jpg,IMAGE,VERY_LOW,400,284,26525,bcf27c5ba16f4d4da22f7191c86f086f74f553153aa892df77e9ad62d4878726,
AST-000379,PRJ-LOCAL-0093,PORTFOLIO_COLLECTION,Home Goods Portfolio,TIER_D,RESTORATION_CANDIDATE,USE_AFTER_CONTENT_APPROVAL,TIER_4,YES,NO,DUP-00098,HOME GOODS,Speaker Tower,Speaker_Tower-1.jpg,IMAGE,VERY_LOW,660,310,66116,ae4e73d5a8cfdeddab83a39537f76eb0f48bb43818a406dd02895f208228faa6,
AST-000380,PRJ-LOCAL-0095,PORTFOLIO_COLLECTION,Industrial Equipment Portfolio,TIER_B,RESTORATION_CANDIDATE,USE_AFTER_CONTENT_APPROVAL,TIER_4,YES,NO,DUP-00172,INDUSTRIAL,Hydraulic Cross-section,hydraulic1.jpg,IMAGE,VERY_LOW,480,640,31117,08c78184bd9e61c8028e836ade672b163a33a894a4a93fa643e776fbaa91921d,
AST-000381,PRJ-LOCAL-0095,PORTFOLIO_COLLECTION,Industrial Equipment Portfolio,TIER_B,RESTORATION_CANDIDATE,USE_AFTER_CONTENT_APPROVAL,TIER_4,YES,NO,DUP-00173,INDUSTRIAL,Hydraulic Cross-section,hydraulic2.jpg,IMAGE,VERY_LOW,480,640,35508,ef6be522a944ca80f52bfd0d2bea857a58682326704dc2c46d422d2e9acc631c,
AST-000382,PRJ-LOCAL-0095,PORTFOLIO_COLLECTION,Industrial Equipment Portfolio,TIER_B,RESTORATION_CANDIDATE,USE_AFTER_CONTENT_APPROVAL,TIER_4,YES,NO,DUP-00177,INDUSTRIAL,Infrared Window,infrared1.jpg,IMAGE,VERY_LOW,660,432,51032,befde98d1e970d8a07ba7d19b5a9787805cf218fb21370169a61be3020e8e136,
AST-000383,PRJ-LOCAL-0095,PORTFOLIO_COLLECTION,Industrial Equipment Portfolio,TIER_B,RESTORATION_CANDIDATE,USE_AFTER_CONTENT_APPROVAL,TIER_4,YES,NO,DUP-00178,INDUSTRIAL,Infrared Window,infrared2.jpg,IMAGE,VERY_LOW,660,432,66123,3e904c9686cc86dca784decb2d87e05ff130ec8d97f19ba8301b0a6de1b837b5,
AST-000384,PRJ-LOCAL-0095,PORTFOLIO_COLLECTION,Industrial Equipment Portfolio,TIER_B,RESTORATION_CANDIDATE,USE_AFTER_CONTENT_APPROVAL,TIER_4,YES,NO,DUP-00189,INDUSTRIAL,Labeler,labeler-1.jpg,IMAGE,VERY_LOW,660,274,9288,12e7dc7ed6283f7dcfa896a4aa032282dea9ba6fcf231a2edbe5cac19f8f5579,
AST-000385,PRJ-LOCAL-0095,PORTFOLIO_COLLECTION,Industrial Equipment Portfolio,TIER_B,RESTORATION_CANDIDATE,USE_AFTER_CONTENT_APPROVAL,TIER_4,YES,NO,DUP-00190,INDUSTRIAL,Labeler,labeler-2.jpg,IMAGE,VERY_LOW,400,284,68766,f10fc5c961e45603e67b95d0b1c43a281cd94d9d01f3d7c9cd07c57daec0de71,
AST-000386,PRJ-LOCAL-0095,PORTFOLIO_COLLECTION,Industrial Equipment Portfolio,TIER_B,RESTORATION_CANDIDATE,USE_AFTER_CONTENT_APPROVAL,TIER_4,YES,NO,DUP-00057,INDUSTRIAL,Mail Extraction Machine,Mail_Extraction_Machine.jpg,IMAGE,VERY_LOW,660,274,17025,8ff701c5affde1f8b6ede6344ab1f72b00f5e0bfe58c8227ec50bb9eec78f723,
AST-000387,PRJ-LOCAL-0095,PORTFOLIO_COLLECTION,Industrial Equipment Portfolio,TIER_B,RESTORATION_CANDIDATE,USE_AFTER_CONTENT_APPROVAL,TIER_4,YES,NO,DUP-00058,INDUSTRIAL,Mail Extraction Machine,Mail_Extraction_Machine_2.jpg,IMAGE,VERY_LOW,400,284,14956,4bdf71b561e81f5f5a6ddea628409eb2efadc9af40459ae481025b617154bd5a,
AST-000388,PRJ-LOCAL-0095,PORTFOLIO_COLLECTION,Industrial Equipment Portfolio,TIER_B,RESTORATION_CANDIDATE,USE_AFTER_CONTENT_APPROVAL,TIER_4,YES,NO,DUP-00245,INDUSTRIAL,Synergix,synergix-1.jpg,IMAGE,VERY_LOW,660,274,67935,0333d4ab91f25380dc0fd6b3a42c9a339e079a6cf9e00f28f59c00ffb19bf0dd,
AST-000389,PRJ-LOCAL-0095,PORTFOLIO_COLLECTION,Industrial Equipment Portfolio,TIER_B,RESTORATION_CANDIDATE,USE_AFTER_CONTENT_APPROVAL,TIER_4,YES,NO,DUP-00246,INDUSTRIAL,Synergix,synergix-2.jpg,IMAGE,VERY_LOW,400,284,52397,23113db6726ec8bb95e3bfb61fe999cfffe06ff4bcdc7bfc757fcfacf1df9abd,
AST-000390,PRJ-LOCAL-0096,PORTFOLIO_COLLECTION,Kitchenware Portfolio,TIER_B,RESTORATION_CANDIDATE,USE_AFTER_CONTENT_APPROVAL,TIER_4,YES,NO,DUP-00187,KITCHENWARE,Kitchen Knife,knife.jpg,IMAGE,VERY_LOW,660,401,29159,00379d2c07a68e2f1aab282100ef2afef761d7429c65499c90e6c3c97a423159,
AST-000391,PRJ-LOCAL-0096,PORTFOLIO_COLLECTION,Kitchenware Portfolio,TIER_B,RESTORATION_CANDIDATE,USE_AFTER_CONTENT_APPROVAL,TIER_4,YES,NO,DUP-00188,KITCHENWARE,Kitchen Knife,knife33.jpg,IMAGE,VERY_LOW,660,455,21125,f9cab07ba368e930c3af34637eeca2fd03d0892cad11785ee8511ba4b51a2a5f,
AST-000392,PRJ-LOCAL-0096,PORTFOLIO_COLLECTION,Kitchenware Portfolio,TIER_B,RESTORATION_CANDIDATE,USE_AFTER_CONTENT_APPROVAL,TIER_4,YES,NO,DUP-00230,KITCHENWARE,Paper HolderDispenser,rollie1.jpg,IMAGE,VERY_LOW,660,440,66182,a16e8a2a5ba43af476126b4a8d87e9135ed8c7bb8ccfd1a6066e0f7e4f510143,
AST-000393,PRJ-LOCAL-0096,PORTFOLIO_COLLECTION,Kitchenware Portfolio,TIER_B,RESTORATION_CANDIDATE,USE_AFTER_CONTENT_APPROVAL,TIER_4,YES,NO,DUP-00231,KITCHENWARE,Paper HolderDispenser,rollie2.jpg,IMAGE,VERY_LOW,660,440,70663,ae8903e32c02cf633d6c0539a40148b096c646deeb50a67de8ae965c00d95179,
AST-000394,PRJ-LOCAL-0096,PORTFOLIO_COLLECTION,Kitchenware Portfolio,TIER_B,RESTORATION_CANDIDATE,USE_AFTER_CONTENT_APPROVAL,TIER_4,YES,NO,DUP-00166,KITCHENWARE,Recycle Bin,greencan.jpg,IMAGE,VERY_LOW,660,432,32527,d80da0cc65f4325e04771b339160b6b66431d3a9f9fdfb22303f117d4f6daf4d,
AST-000395,PRJ-LOCAL-0096,PORTFOLIO_COLLECTION,Kitchenware Portfolio,TIER_B,RESTORATION_CANDIDATE,USE_AFTER_CONTENT_APPROVAL,TIER_4,YES,NO,DUP-00167,KITCHENWARE,Recycle Bin,greencan2.jpg,IMAGE,VERY_LOW,660,432,42232,93e5e40fc008cc1448991131f39302245c675c266f2bfcad896e34741f357a31,
AST-000396,PRJ-LOCAL-0096,PORTFOLIO_COLLECTION,Kitchenware Portfolio,TIER_B,RESTORATION_CANDIDATE,USE_AFTER_CONTENT_APPROVAL,TIER_4,YES,NO,DUP-00089,KITCHENWARE,Salt and Pepper Shaker,SALT-017.jpg,IMAGE,VERY_LOW,660,361,15329,39d9571adf568e2dfb456883ea1809bda77af652cd36fcd2088319ab8d6b5180,
AST-000397,PRJ-LOCAL-0096,PORTFOLIO_COLLECTION,Kitchenware Portfolio,TIER_B,RESTORATION_CANDIDATE,USE_AFTER_CONTENT_APPROVAL,TIER_4,YES,NO,DUP-00232,KITCHENWARE,Salt and Pepper Shaker,salt1.jpg,IMAGE,VERY_LOW,660,440,45652,8074987258c89c00000b1b42a2d70d9dafc8b7ec4cafb030c80ba018128b62e3,
AST-000398,PRJ-LOCAL-0096,PORTFOLIO_COLLECTION,Kitchenware Portfolio,TIER_B,RESTORATION_CANDIDATE,USE_AFTER_CONTENT_APPROVAL,TIER_4,YES,NO,DUP-00233,KITCHENWARE,Scale,scale1.jpg,IMAGE,VERY_LOW,660,456,53725,d8b61330d14f75aa034ceb1a71ad3d01755fd97c69b4b817a330de732adde8ed,
AST-000399,PRJ-LOCAL-0096,PORTFOLIO_COLLECTION,Kitchenware Portfolio,TIER_B,RESTORATION_CANDIDATE,USE_AFTER_CONTENT_APPROVAL,TIER_4,YES,NO,DUP-00234,KITCHENWARE,Scale,scale2.jpg,IMAGE,VERY_LOW,660,361,19585,46d9c53fb5c7e3c30e0868afeaff3a95acc652f854223210963f7e17f9072d8e,
AST-000400,PRJ-LOCAL-0041,INDIVIDUAL_PROJECT,Aesthetic Treatment Machine,TIER_B,RESTORATION_CANDIDATE,HOLD_OWNER_REVIEW,TIER_4,YES,NO,DUP-00127,MEDICAL,Aesthetic Treatment Machine,aesthetic_1.jpg,IMAGE,VERY_LOW,660,341,77918,ae9eb0f26443a7eff863e00e137be8f76d5737c6472deec23798a590bc9801f5,
AST-000401,PRJ-LOCAL-0041,INDIVIDUAL_PROJECT,Aesthetic Treatment Machine,TIER_B,RESTORATION_CANDIDATE,HOLD_OWNER_REVIEW,TIER_4,YES,NO,DUP-00128,MEDICAL,Aesthetic Treatment Machine,aesthetic_2.jpg,IMAGE,VERY_LOW,400,284,81256,8bb40885cc442ec0df35c6c3b8f2a7300628db31e878e24658430276dd3f9713,
AST-000402,PRJ-LOCAL-0042,INDIVIDUAL_PROJECT,Blood Pressure Monitor,TIER_B,RESTORATION_CANDIDATE,HOLD_OWNER_REVIEW,TIER_4,YES,NO,DUP-00133,MEDICAL,Blood Pressure Monitor,bpm_1.jpg,IMAGE,VERY_LOW,660,341,23555,ee53bd260589caf1634278915c2fd83dda1308aceb0d61d7eaa3fb53d649869e,
AST-000403,PRJ-LOCAL-0042,INDIVIDUAL_PROJECT,Blood Pressure Monitor,TIER_B,RESTORATION_CANDIDATE,HOLD_OWNER_REVIEW,TIER_4,YES,NO,DUP-00134,MEDICAL,Blood Pressure Monitor,bpm_2.jpg,IMAGE,VERY_LOW,400,284,17363,6c074ca2d7021e218b5495347871afc98c9d70e581e38cf902ba39a3d8bbe2fa,
AST-000404,PRJ-LOCAL-0044,INDIVIDUAL_PROJECT,Defibrillator,TIER_B,RESTORATION_CANDIDATE,HOLD_OWNER_REVIEW,TIER_4,YES,NO,DUP-00193,MEDICAL,Defibrillator,medical_1.jpg,IMAGE,VERY_LOW,660,353,144380,28ce231a27c6c10b905c3d9cefa724ae39a2604810f3c55a497d18ecca0c9e55,
AST-000405,PRJ-LOCAL-0044,INDIVIDUAL_PROJECT,Defibrillator,TIER_B,RESTORATION_CANDIDATE,HOLD_OWNER_REVIEW,TIER_4,YES,NO,DUP-00194,MEDICAL,Defibrillator,medical_2.jpg,IMAGE,VERY_LOW,400,284,76512,86878ea2a617b7722b98770746b31bf30b6e8fbadcc863c78fa7a80899bb9c4b,
AST-000406,PRJ-LOCAL-0043,INDIVIDUAL_PROJECT,Dental Jet,TIER_B,RESTORATION_CANDIDATE,HOLD_OWNER_REVIEW,TIER_4,YES,NO,DUP-00146,MEDICAL,Dental Jet,dental-1.jpg,IMAGE,VERY_LOW,660,341,18178,dcdd5e9b9e6ec8a037e6a9e5031ae23f64aff028298a619e56a638b08dc25594,
AST-000407,PRJ-LOCAL-0043,INDIVIDUAL_PROJECT,Dental Jet,TIER_B,RESTORATION_CANDIDATE,HOLD_OWNER_REVIEW,TIER_4,YES,NO,DUP-00147,MEDICAL,Dental Jet,dental-2.jpg,IMAGE,VERY_LOW,400,284,13941,d7ca0fd131a8378a9ce4a0400298e59801e13dd3ca1b07530d41d2240d0ed621,
AST-000408,PRJ-LOCAL-0045,INDIVIDUAL_PROJECT,Dynamometer,TIER_B,RESTORATION_CANDIDATE,HOLD_OWNER_REVIEW,TIER_4,YES,NO,DUP-00151,MEDICAL,Dynamometer,dynamometer-1.jpg,IMAGE,VERY_LOW,660,341,17153,c0b994fe903754f14c91b4191cada474918d5d899318b185152daccba53454da,
AST-000409,PRJ-LOCAL-0045,INDIVIDUAL_PROJECT,Dynamometer,TIER_B,RESTORATION_CANDIDATE,HOLD_OWNER_REVIEW,TIER_4,YES,NO,DUP-00152,MEDICAL,Dynamometer,dynamometer-2.jpg,IMAGE,VERY_LOW,400,284,15255,cf3a3c59a18774e51b1066d4afa034a26b229ae408994b1b56105fabd5ee252d,
AST-000410,PRJ-LOCAL-0046,INDIVIDUAL_PROJECT,Medical Hospital Scale,TIER_B,RESTORATION_CANDIDATE,HOLD_OWNER_REVIEW,TIER_4,YES,NO,DUP-00197,MEDICAL,Medical Hospital Scale,medical_scale-1.jpg,IMAGE,VERY_LOW,660,341,22093,e54bb5af170207a0c7377c5819e810a5635488eaeb7dfbc2d478d67d2aa20430,
AST-000411,PRJ-LOCAL-0046,INDIVIDUAL_PROJECT,Medical Hospital Scale,TIER_B,RESTORATION_CANDIDATE,HOLD_OWNER_REVIEW,TIER_4,YES,NO,DUP-00198,MEDICAL,Medical Hospital Scale,medical_scale-2.jpg,IMAGE,VERY_LOW,400,284,11530,f8a74a9145fa7c0bc4eb3ebae7154fdb80cf1efb66fe9d9444f907b018e408e8,
AST-000412,PRJ-LOCAL-0047,INDIVIDUAL_PROJECT,Portable Scanner,TIER_B,RESTORATION_CANDIDATE,HOLD_OWNER_REVIEW,TIER_4,YES,NO,DUP-00075,MEDICAL,Portable Scanner,Portable_Scanner-1.jpg,IMAGE,VERY_LOW,660,380,36521,3215cef375671df0ecd3c0fb0a0b5ceff72ba777cf91929472aa16747c860d06,
AST-000413,PRJ-LOCAL-0047,INDIVIDUAL_PROJECT,Portable Scanner,TIER_B,RESTORATION_CANDIDATE,HOLD_OWNER_REVIEW,TIER_4,YES,NO,DUP-00076,MEDICAL,Portable Scanner,Portable_Scanner-2.jpg,IMAGE,VERY_LOW,400,284,62924,4ca278617b722daa4d374e8c8306c5bbde8c0c944c2a10f35299c7b31db7a582,
AST-000414,PRJ-LOCAL-0048,INDIVIDUAL_PROJECT,Spine Board,TIER_B,RESTORATION_CANDIDATE,HOLD_OWNER_REVIEW,TIER_4,YES,NO,DUP-00090,MEDICAL,Spine Board,STRE-050.jpg,IMAGE,VERY_LOW,660,440,78425,ad50a17b58d6f0c64941abefa5d90ffe16acdd2a642fe4f287cc19a4716d3208,
AST-000415,PRJ-LOCAL-0048,INDIVIDUAL_PROJECT,Spine Board,TIER_B,RESTORATION_CANDIDATE,HOLD_OWNER_REVIEW,TIER_4,YES,NO,DUP-00239,MEDICAL,Spine Board,stretcher-1.jpg,IMAGE,VERY_LOW,660,341,60627,f54fb3553b84a174d26bebf01056cc4530a25c412ad19f10c46f2c880580ab6a,
AST-000416,PRJ-LOCAL-0048,INDIVIDUAL_PROJECT,Spine Board,TIER_B,RESTORATION_CANDIDATE,HOLD_OWNER_REVIEW,TIER_4,YES,NO,DUP-00240,MEDICAL,Spine Board,stretcher-2.jpg,IMAGE,VERY_LOW,400,284,17469,4c518e5143340d02f2de8257242ba35b94aca46dd23ee2c5900109f63ff8f42b,
AST-000417,PRJ-LOCAL-0049,INDIVIDUAL_PROJECT,Therapy System,TIER_B,RESTORATION_CANDIDATE,HOLD_OWNER_REVIEW,TIER_4,YES,NO,DUP-00256,MEDICAL,Therapy System,therapy_system-1.jpg,IMAGE,VERY_LOW,660,341,13906,a77e0fc81f1a4811041bf883560a5302ce764fd721f610a70d23f9dadae9da6f,
AST-000418,PRJ-LOCAL-0049,INDIVIDUAL_PROJECT,Therapy System,TIER_B,RESTORATION_CANDIDATE,HOLD_OWNER_REVIEW,TIER_4,YES,NO,DUP-00257,MEDICAL,Therapy System,therapy_system-2.jpg,IMAGE,VERY_LOW,400,284,10130,c60b864436f2194450967cd20cc57447c935f4e9ab78458798acb06c89cffb9f,
AST-000419,PRJ-LOCAL-004A,INDIVIDUAL_PROJECT,Thermometer,TIER_B,RESTORATION_CANDIDATE,HOLD_OWNER_REVIEW,TIER_4,YES,NO,DUP-00112,MEDICAL,Thermometer,Thermometer-1.jpg,IMAGE,VERY_LOW,660,341,19908,abc9e62ec9ad148d77f075d4d6c19a542c46aefa59c9b7d935409e93766130d8,
AST-000420,PRJ-LOCAL-004A,INDIVIDUAL_PROJECT,Thermometer,TIER_B,RESTORATION_CANDIDATE,HOLD_OWNER_REVIEW,TIER_4,YES,NO,DUP-00113,MEDICAL,Thermometer,Thermometer-2.jpg,IMAGE,VERY_LOW,400,284,11229,95391042f89530f5a6c838a9d85f882e22216f088a1599d2c338a7595ef44c51,
AST-000421,PRJ-LOCAL-005A,INDIVIDUAL_PROJECT,Armored Vehicle Camera,TIER_B,RESTORATION_CANDIDATE,HOLD_OWNER_REVIEW,TIER_4,YES,NO,DUP-00002,MILITARY,Armored Vehicle Camera,ArmoredVehicleCamera-1.jpg,IMAGE,VERY_LOW,660,274,48130,c3078ef5463172749adc37038be70c522872aa3dbb5dbec50dca374aa8e988c8,
AST-000422,PRJ-LOCAL-005A,INDIVIDUAL_PROJECT,Armored Vehicle Camera,TIER_B,RESTORATION_CANDIDATE,HOLD_OWNER_REVIEW,TIER_4,YES,NO,DUP-00003,MILITARY,Armored Vehicle Camera,ArmoredVehicleCamera-2.jpg,IMAGE,VERY_LOW,400,284,26200,80e743e3de727ae0fc01cfa145487464ec5b88339c84ccf04d071a8935c71477,
AST-000423,PRJ-LOCAL-005B,INDIVIDUAL_PROJECT,Binoculars (Military),TIER_B,RESTORATION_CANDIDATE,HOLD_OWNER_REVIEW,TIER_4,YES,NO,DUP-00004,MILITARY,Binoculars,Binoculars-1.jpg,IMAGE,VERY_LOW,660,274,19627,0de2b587c5ae8291385fff6a5ac3ffaf9836dffdf217f1db11ec0f0e738ef28f,
AST-000424,PRJ-LOCAL-005B,INDIVIDUAL_PROJECT,Binoculars (Military),TIER_B,RESTORATION_CANDIDATE,HOLD_OWNER_REVIEW,TIER_4,YES,NO,DUP-00005,MILITARY,Binoculars,Binoculars-2.jpg,IMAGE,VERY_LOW,400,284,41431,44127fe064b15e725ed3396d342da4d33a591dc2f8baf68fafb8c09973b17028,
AST-000425,PRJ-LOCAL-005C,INDIVIDUAL_PROJECT,Bomb Squad Remote,TIER_B,RESTORATION_CANDIDATE,HOLD_OWNER_REVIEW,TIER_4,YES,NO,DUP-00131,MILITARY,Bomb Squad Remote,bomb_squad_remote-1.jpg,IMAGE,VERY_LOW,660,274,15153,8cb994303614c54a196d7bd4d67a6fe5d0a28524cd5104780df3447ea79ed8a6,
AST-000426,PRJ-LOCAL-005C,INDIVIDUAL_PROJECT,Bomb Squad Remote,TIER_B,RESTORATION_CANDIDATE,HOLD_OWNER_REVIEW,TIER_4,YES,NO,DUP-00132,MILITARY,Bomb Squad Remote,bomb_squad_remote-2.jpg,IMAGE,VERY_LOW,400,284,28324,25423311b6141ab0cb088265364b3dd16bf8f7f5c78b89eb966b7f03db85e30f,
AST-000427,PRJ-LOCAL-005D,INDIVIDUAL_PROJECT,Bomb Squad Robot,TIER_B,RESTORATION_CANDIDATE,HOLD_OWNER_REVIEW,TIER_4,YES,NO,DUP-00006,MILITARY,Bomb Squad Robot,Bomb_Squad_Robot-1.jpg,IMAGE,VERY_LOW,660,274,19081,924db7e4495b3b8269106c2a92873587af984c2af5268951a13e9b64e84509b1,
AST-000428,PRJ-LOCAL-005D,INDIVIDUAL_PROJECT,Bomb Squad Robot,TIER_B,RESTORATION_CANDIDATE,HOLD_OWNER_REVIEW,TIER_4,YES,NO,DUP-00007,MILITARY,Bomb Squad Robot,Bomb_Squad_Robot-2.jpg,IMAGE,VERY_LOW,400,284,29628,54267d1f90429c605f401fa6197c360232382610ad4eb2f6be90e7a539d748ce,
AST-000429,PRJ-LOCAL-005E,INDIVIDUAL_PROJECT,Emergency Beacon,TIER_B,RESTORATION_CANDIDATE,HOLD_OWNER_REVIEW,TIER_4,YES,NO,DUP-00153,MILITARY,Emergency Beacon,emergency_beacon-1.jpg,IMAGE,VERY_LOW,660,341,48251,52e2b992dabc54c21cf7ffc87c4e3ca01cb92e170deefa2394a5847d828184d1,
AST-000430,PRJ-LOCAL-005E,INDIVIDUAL_PROJECT,Emergency Beacon,TIER_B,RESTORATION_CANDIDATE,HOLD_OWNER_REVIEW,TIER_4,YES,NO,DUP-00154,MILITARY,Emergency Beacon,emergency_beacon-2.jpg,IMAGE,VERY_LOW,400,284,17577,896b052c3fdfc63d0e4ba9439606c9e1400a6008d022fdc8ed634be670a888cd,
AST-000433,PRJ-LOCAL-005F,INDIVIDUAL_PROJECT,Flight Box,TIER_B,RESTORATION_CANDIDATE,HOLD_OWNER_REVIEW,TIER_4,YES,NO,DUP-00155,MILITARY,Flight Box,flight_box-2.jpg,IMAGE,VERY_LOW,400,284,28685,adaad50a5ae9139916e1c780bd7b86dbab8f15c944f17c6275c584878c1d3f07,
AST-000434,PRJ-LOCAL-005F,INDIVIDUAL_PROJECT,Flight Box,TIER_B,RESTORATION_CANDIDATE,HOLD_OWNER_REVIEW,TIER_4,YES,NO,DUP-00156,MILITARY,Flight Box,flight_box.jpg,IMAGE,VERY_LOW,660,274,22549,91cc2bdf2a3c0486505fde9c151196bbc106661489539604eb8273166f4ff4c2,
AST-000437,PRJ-LOCAL-005G,INDIVIDUAL_PROJECT,Gyrocam,TIER_B,RESTORATION_CANDIDATE,HOLD_OWNER_REVIEW,TIER_4,YES,NO,DUP-00037,MILITARY,Gyrocam,Gyrocam-1.jpg,IMAGE,VERY_LOW,660,274,41073,a16aac5fd68ae4dcbe345fd5a4d7e6576d9bd8de85ab01fdb903444fbd888fd4,
AST-000438,PRJ-LOCAL-005G,INDIVIDUAL_PROJECT,Gyrocam,TIER_B,RESTORATION_CANDIDATE,HOLD_OWNER_REVIEW,TIER_4,YES,NO,DUP-00038,MILITARY,Gyrocam,Gyrocam-2.jpg,IMAGE,VERY_LOW,400,284,14414,89fd1e5daff9a52b99e16c7805fb9b75a6c770e98663b8533efdba739e61c585,
AST-000439,PRJ-LOCAL-005H,INDIVIDUAL_PROJECT,Manpack,TIER_B,RESTORATION_CANDIDATE,HOLD_OWNER_REVIEW,TIER_4,YES,NO,DUP-00059,MILITARY,Manpack,Manpack-1.jpg,IMAGE,VERY_LOW,660,274,38893,adefd4ff61e711ece0bef82920a9da06771d7ca6aa4bb1fc3cf0838b8e86b809,
AST-000440,PRJ-LOCAL-005H,INDIVIDUAL_PROJECT,Manpack,TIER_B,RESTORATION_CANDIDATE,HOLD_OWNER_REVIEW,TIER_4,YES,NO,DUP-00060,MILITARY,Manpack,Manpack-2.jpg,IMAGE,VERY_LOW,400,284,34438,225d62ae354d44b2894b476481cfa242047816c2dd1e2ea1f632093f336df058,
AST-000441,PRJ-LOCAL-005I,INDIVIDUAL_PROJECT,Military Phone,TIER_B,RESTORATION_CANDIDATE,HOLD_OWNER_REVIEW,TIER_4,YES,NO,DUP-00199,MILITARY,Military Phone,military_phone-1.jpg,IMAGE,VERY_LOW,660,274,16415,e747120f49d6a42cd94471689d50dbf6942c1f0ea576d48e3fa9d0315d472fb0,
AST-000442,PRJ-LOCAL-005I,INDIVIDUAL_PROJECT,Military Phone,TIER_B,RESTORATION_CANDIDATE,HOLD_OWNER_REVIEW,TIER_4,YES,NO,DUP-00200,MILITARY,Military Phone,military_phone-2.jpg,IMAGE,VERY_LOW,400,284,44538,74f763d8753aecc95bfcd81bcb1be822cd01e572320e89e9d540bd7efe067df9,
AST-000443,PRJ-LOCAL-005J,INDIVIDUAL_PROJECT,POD for UAV,TIER_B,RESTORATION_CANDIDATE,HOLD_OWNER_REVIEW,TIER_4,YES,NO,DUP-00073,MILITARY,POD for UAV,POD_1.jpg,IMAGE,VERY_LOW,660,274,52291,80b0d2194ef5152d4b5c9af4dac16b3a361c97392b7144f48ef3b20a9b667063,
AST-000444,PRJ-LOCAL-005J,INDIVIDUAL_PROJECT,POD for UAV,TIER_B,RESTORATION_CANDIDATE,HOLD_OWNER_REVIEW,TIER_4,YES,NO,DUP-00074,MILITARY,POD for UAV,POD_2.jpg,IMAGE,VERY_LOW,400,284,136510,1a9b09d0016e5bf3e3c27a7ebd56a7187b8e9ef50c7aee284de968987c87b81c,
AST-000445,PRJ-LOCAL-005K,INDIVIDUAL_PROJECT,Rackmount Enclosure (Military),TIER_B,RESTORATION_CANDIDATE,HOLD_OWNER_REVIEW,TIER_4,YES,NO,DUP-00077,MILITARY,Rackmount Enclosure,Rackmount_Enclosure-1.jpg,IMAGE,VERY_LOW,660,158,28651,3928b6f52e8dca063252e0ce0c4c33492d3b8667ef95b0d00c9ef71491885e8b,
AST-000446,PRJ-LOCAL-005K,INDIVIDUAL_PROJECT,Rackmount Enclosure (Military),TIER_B,RESTORATION_CANDIDATE,HOLD_OWNER_REVIEW,TIER_4,YES,NO,DUP-00078,MILITARY,Rackmount Enclosure,Rackmount_Enclosure-2.jpg,IMAGE,VERY_LOW,400,284,72620,50d93e9d8f3acd86f466b69f173afa342d5c5023acd9524bfc8761118c2a6ffe,
AST-000447,PRJ-LOCAL-005L,INDIVIDUAL_PROJECT,Rifle Scope,TIER_B,RESTORATION_CANDIDATE,HOLD_OWNER_REVIEW,TIER_4,YES,NO,DUP-00083,MILITARY,Rifle Scope,Rifle_Scope-1.jpg,IMAGE,VERY_LOW,660,274,65611,ef6904cdb09a64cfaacc587153f62034c3a1967dac6e3a12324eba9f4a97d0d8,
AST-000448,PRJ-LOCAL-005L,INDIVIDUAL_PROJECT,Rifle Scope,TIER_B,RESTORATION_CANDIDATE,HOLD_OWNER_REVIEW,TIER_4,YES,NO,DUP-00084,MILITARY,Rifle Scope,Rifle_Scope-2.jpg,IMAGE,VERY_LOW,400,284,65222,c6d32cf99adf8817fafc3a18fcfdfca095586f2e7ed19631dbfa20764424a5b1,
AST-000449,PRJ-LOCAL-005M,INDIVIDUAL_PROJECT,Rugged Computer,TIER_B,RESTORATION_CANDIDATE,HOLD_OWNER_REVIEW,TIER_4,YES,NO,DUP-00087,MILITARY,Rugged Computer,Rugged_Computer-1.jpg,IMAGE,VERY_LOW,660,274,23517,d5fe7532d8594eb2b527bf401293d20b1f70940f17c36ab39e7a651ed302b03c,
AST-000450,PRJ-LOCAL-005M,INDIVIDUAL_PROJECT,Rugged Computer,TIER_B,RESTORATION_CANDIDATE,HOLD_OWNER_REVIEW,TIER_4,YES,NO,DUP-00088,MILITARY,Rugged Computer,Rugged_Computer-2.jpg,IMAGE,VERY_LOW,400,284,15641,a150287d7924a566ac67ab77407a8a38f562555ed96bfee30d3d7d16bbea305d,
AST-000453,PRJ-LOCAL-005N,INDIVIDUAL_PROJECT,Security Wand,TIER_B,RESTORATION_CANDIDATE,HOLD_OWNER_REVIEW,TIER_4,YES,NO,DUP-00235,MILITARY,Security Wand,security_wand-1.jpg,IMAGE,VERY_LOW,660,341,115547,dca1dfe9b88db32c778c30a851c3d2d799fcaf5b9f261002974d7ef3cb95a26e,
AST-000454,PRJ-LOCAL-005N,INDIVIDUAL_PROJECT,Security Wand,TIER_B,RESTORATION_CANDIDATE,HOLD_OWNER_REVIEW,TIER_4,YES,NO,DUP-00236,MILITARY,Security Wand,security_wand-2.jpg,IMAGE,VERY_LOW,400,284,35908,bb18b888e928b50f0d043683168c06ba43d9fdd7a20925d19bb815f6a6b459b6,
AST-000455,PRJ-LOCAL-005O,INDIVIDUAL_PROJECT,Suitcase (Military),TIER_B,RESTORATION_CANDIDATE,HOLD_OWNER_REVIEW,TIER_4,YES,NO,DUP-00243,MILITARY,Suitcase,suitcase-1.jpg,IMAGE,VERY_LOW,660,369,29315,f6baf1210b52d5d748bc01ea98de2806e83153ea7b837529a69107c02438dd02,
AST-000456,PRJ-LOCAL-005O,INDIVIDUAL_PROJECT,Suitcase (Military),TIER_B,RESTORATION_CANDIDATE,HOLD_OWNER_REVIEW,TIER_4,YES,NO,DUP-00244,MILITARY,Suitcase,suitcase-2.jpg,IMAGE,VERY_LOW,400,284,26774,e7afb84fd68b4717bcc26b92e5c68375f6f8559157706134ee2a6923c4a38c46,
AST-000457,PRJ-LOCAL-005P,INDIVIDUAL_PROJECT,Tac-Eye Binocular,TIER_B,RESTORATION_CANDIDATE,HOLD_OWNER_REVIEW,TIER_4,YES,NO,DUP-00129,MILITARY,Tac-Eye Binocular,binocular_01.jpg,IMAGE,VERY_LOW,660,310,25114,8604d3c889180306b4a6e28222b3cb75aaf89c7aa059e3a204bfeaea5cbd5896,
AST-000458,PRJ-LOCAL-005P,INDIVIDUAL_PROJECT,Tac-Eye Binocular,TIER_B,RESTORATION_CANDIDATE,HOLD_OWNER_REVIEW,TIER_4,YES,NO,DUP-00130,MILITARY,Tac-Eye Binocular,binocular_02.jpg,IMAGE,VERY_LOW,400,284,14124,e4338610b4a1ee0d8f668329eef7a4e6a70d5a3dbe990c2f78394ce5b540319c,
AST-000461,PRJ-LOCAL-0012,INDIVIDUAL_PROJECT,Dubai International Boat Show,TIER_B,RESTORATION_CANDIDATE,USE_AFTER_CONTENT_APPROVAL,TIER_4,YES,NO,DUP-00148,MISCELLANEOUS,Dubai International Boat Show,dubai_boat_show1.jpg,IMAGE,VERY_LOW,660,401,50383,167ad182be454c173ad9e06a2d7f09666e90187b1f6176ef8cef0c1f5ba2b68f,
AST-000462,PRJ-LOCAL-0012,INDIVIDUAL_PROJECT,Dubai International Boat Show,TIER_B,RESTORATION_CANDIDATE,USE_AFTER_CONTENT_APPROVAL,TIER_4,YES,NO,DUP-00149,MISCELLANEOUS,Dubai International Boat Show,dubai_boat_show2.jpg,IMAGE,VERY_LOW,660,401,48739,7e386e459463600e520dadf486f9448abfec0e58f61a5719b0613e09006996cc,
AST-000463,PRJ-LOCAL-0012,INDIVIDUAL_PROJECT,Dubai International Boat Show,TIER_B,RESTORATION_CANDIDATE,USE_AFTER_CONTENT_APPROVAL,TIER_4,YES,NO,DUP-00150,MISCELLANEOUS,Dubai International Boat Show,dubai_boat_show3.jpg,IMAGE,VERY_LOW,660,401,47781,ad65dd3f4f698c1f7e7ef1aad3c9bcb85a98683f56195f778a411a0bf8d5d558,
AST-000464,PRJ-LOCAL-0098,INDIVIDUAL_PROJECT,Ladder Rack,TIER_D,RESTORATION_CANDIDATE,USE_AFTER_CONTENT_APPROVAL,TIER_4,YES,NO,DUP-00191,MISCELLANEOUS,Ladder Rack,ladderrack.jpg,IMAGE,VERY_LOW,660,523,73441,83e6858bd7227ba04d88f35bf89f705006b4c0ef9b046a1147e14bc291a4f339,
AST-000465,PRJ-LOCAL-0098,INDIVIDUAL_PROJECT,Ladder Rack,TIER_D,RESTORATION_CANDIDATE,USE_AFTER_CONTENT_APPROVAL,TIER_4,YES,NO,DUP-00192,MISCELLANEOUS,Ladder Rack,ladderrack2.jpg,IMAGE,VERY_LOW,660,495,69380,2e8176066330da1016ccd351139f293831f2bba80a8598e60a60a47b51c41369,
AST-000466,PRJ-LOCAL-0031,INDIVIDUAL_PROJECT,iPad Cover (IPM),TIER_A,RESTORATION_CANDIDATE,USE_AFTER_CONTENT_APPROVAL,TIER_4,YES,NO,DUP-00047,MISCELLANEOUS,iPad Cover,IPM-009_LR.jpg,IMAGE,VERY_LOW,660,440,36976,d3edf1611d0dc9548d7f8f8e1437eb20d2a208987ce892d45d43a855e556d90d,
AST-000467,PRJ-LOCAL-0031,INDIVIDUAL_PROJECT,iPad Cover (IPM),TIER_A,RESTORATION_CANDIDATE,USE_AFTER_CONTENT_APPROVAL,TIER_4,YES,NO,DUP-00048,MISCELLANEOUS,iPad Cover,IPM-010_LR.jpg,IMAGE,VERY_LOW,660,513,65860,601c8849638275f4495d46c843d66aab93df3ebf1ff7c369ba5aee2fdc99636e,
AST-000468,PRJ-LOCAL-0031,INDIVIDUAL_PROJECT,iPad Cover (IPM),TIER_A,RESTORATION_CANDIDATE,USE_AFTER_CONTENT_APPROVAL,TIER_4,YES,NO,DUP-00179,MISCELLANEOUS,iPad Cover,ipm-008_LR.jpg,IMAGE,VERY_LOW,660,511,65867,3a5adbc21746abce6293dc3bcf5b45fcd4feeb973ec08ad3844f721309919789,
AST-000469,PRJ-LOCAL-0900,ARCHIVE_BUCKET,OLD Archive (Unclassified),TIER_D,THUMBNAIL_ONLY,ARCHIVE,TIER_1,YES,NO,,OLD,OLD,000.jpg,IMAGE,VERY_HIGH,5100,3300,3184126,4980bbbbf9753bb3d6bcd23c56a3bd4f6441541871d7e24e02bba07917552bf6,Archive catch-all
AST-000470,PRJ-LOCAL-0900,ARCHIVE_BUCKET,OLD Archive (Unclassified),TIER_D,THUMBNAIL_ONLY,ARCHIVE,TIER_1,YES,NO,,OLD,OLD,11.jpg,IMAGE,VERY_HIGH,5100,3300,4261631,b67da8fb82d0dde2e25aaa7e467abeac44bde20ad1403238bca59b76ef6ce7ab,Archive catch-all
AST-000471,PRJ-LOCAL-0900,ARCHIVE_BUCKET,OLD Archive (Unclassified),TIER_D,THUMBNAIL_ONLY,ARCHIVE,TIER_1,YES,NO,,OLD,OLD,110713-GLASS0.jpg,IMAGE,VERY_HIGH,5100,3300,5021974,fa2a47f743b852ef299a5f2130c9602c834fa8adcb4cb94f44739aa35bb46f7f,Archive catch-all
AST-000472,PRJ-LOCAL-0900,ARCHIVE_BUCKET,OLD Archive (Unclassified),TIER_D,THUMBNAIL_ONLY,ARCHIVE,TIER_1,YES,NO,,OLD,OLD,110713-GLASS2.jpg,IMAGE,VERY_HIGH,5100,3300,4009864,911e7c1a0617a249648f321a7811bf970aae51d5844c6d81002cfbdec5584eda,Archive catch-all
AST-000473,PRJ-LOCAL-0900,ARCHIVE_BUCKET,OLD Archive (Unclassified),TIER_D,THUMBNAIL_ONLY,ARCHIVE,TIER_3,YES,NO,,OLD,OLD,12.jpg,IMAGE,LOW,1400,1200,211481,1104a25510d809e4fbf82b12921417dfaebe61bda518b5475b2944117d4dd843,Archive catch-all
AST-000474,PRJ-LOCAL-0900,ARCHIVE_BUCKET,OLD Archive (Unclassified),TIER_D,THUMBNAIL_ONLY,ARCHIVE,TIER_4,YES,NO,,OLD,OLD,123_design_blog_new_products_1-(1).jpg,IMAGE,VERY_LOW,576,576,81412,9193bfa56678ac109ad398e5f9d163618b8639df929d2c35ee230e677dc09b61,Archive catch-all
AST-000475,PRJ-LOCAL-0900,ARCHIVE_BUCKET,OLD Archive (Unclassified),TIER_D,THUMBNAIL_ONLY,ARCHIVE,TIER_2,YES,NO,DUP-00267,OLD,OLD,13 (2) - Copy - Copy.jpg,IMAGE,MEDIUM,3000,1800,2364309,b8462b6b63ede8cceb9ead2be731b2d9586b034c86eef9403cdcc912eed3c5f3,Archive catch-all
AST-000478,PRJ-LOCAL-0900,ARCHIVE_BUCKET,OLD Archive (Unclassified),TIER_D,THUMBNAIL_ONLY,ARCHIVE,TIER_1,YES,NO,,OLD,OLD,13.jpg,IMAGE,VERY_HIGH,5100,3300,2890525,4657b7768c42d944898cd7645545258236bba361c22108851977bbfbff8bf55b,Archive catch-all
AST-000479,PRJ-LOCAL-0900,ARCHIVE_BUCKET,OLD Archive (Unclassified),TIER_D,THUMBNAIL_ONLY,ARCHIVE,TIER_2,YES,NO,DUP-00268,OLD,OLD,14 - Copy - Copy.jpg,IMAGE,MEDIUM,3000,1800,2240529,9a58ffac50a66970112b2128f8369de2a034a1416a314551231b6d029b50675f,Archive catch-all
AST-000482,PRJ-LOCAL-0900,ARCHIVE_BUCKET,OLD Archive (Unclassified),TIER_D,THUMBNAIL_ONLY,ARCHIVE,TIER_3,YES,NO,,OLD,OLD,1full.jpg,IMAGE,LOW,675,900,121481,a3633d822ad3707110b545873b17af2917af20ed8db06fbf0d70a799366a6bab,Archive catch-all
AST-000483,PRJ-LOCAL-0900,ARCHIVE_BUCKET,OLD Archive (Unclassified),TIER_D,THUMBNAIL_ONLY,ARCHIVE,TIER_3,YES,NO,,OLD,OLD,2.jpg,IMAGE,LOW,1400,1200,299860,69564b8e2a65e51b39bdd6f27027fd1a95dd6252f43cdf3b8082173f6120a814,Archive catch-all
AST-000484,PRJ-LOCAL-0900,ARCHIVE_BUCKET,OLD Archive (Unclassified),TIER_D,THUMBNAIL_ONLY,ARCHIVE,TIER_3,YES,NO,,OLD,OLD,3.jpg,IMAGE,LOW,1400,1200,579024,3b75e41f0e0eaaa221ab830d8707b566bb4e5e64eb2bc9c42ed7407c16779452,Archive catch-all
AST-000485,PRJ-LOCAL-0900,ARCHIVE_BUCKET,OLD Archive (Unclassified),TIER_D,THUMBNAIL_ONLY,ARCHIVE,TIER_1,YES,NO,,OLD,OLD,4.jpg,IMAGE,VERY_HIGH,5100,3300,3043196,bdc75fda83b769ecfc7596dbe966a345101d6f7e76adcb1c03687c3cbe14951e,Archive catch-all
AST-000486,PRJ-LOCAL-0900,ARCHIVE_BUCKET,OLD Archive (Unclassified),TIER_D,THUMBNAIL_ONLY,ARCHIVE,TIER_1,YES,NO,,OLD,OLD,444.jpg,IMAGE,VERY_HIGH,5100,3300,2909279,1358e228e7a42b1c7924b2cb780a2ff05bef62ea7cdcefb6621704b9a9f4d183,Archive catch-all
AST-000487,PRJ-LOCAL-0900,ARCHIVE_BUCKET,OLD Archive (Unclassified),TIER_D,THUMBNAIL_ONLY,ARCHIVE,TIER_1,YES,NO,,OLD,OLD,5.jpg,IMAGE,VERY_HIGH,5100,3300,3750754,b9ab0c3cdf5a6b9965d94fe0ec70d7f153abdd5d894675d323a7817c6b4439e9,Archive catch-all
AST-000488,PRJ-LOCAL-0900,ARCHIVE_BUCKET,OLD Archive (Unclassified),TIER_D,THUMBNAIL_ONLY,ARCHIVE,TIER_3,YES,NO,DUP-00269,OLD,OLD,5.png,IMAGE,LOW,1600,1200,9204916,a912fede1139fe3d479df6c5273aa6d7c300519b65a57e115f8db639333fc17b,Archive catch-all
AST-000489,PRJ-LOCAL-0900,ARCHIVE_BUCKET,OLD Archive (Unclassified),TIER_D,THUMBNAIL_ONLY,ARCHIVE,TIER_3,YES,NO,,OLD,OLD,6.png,IMAGE,LOW,1600,1200,1298108,9d55f4f187bc532eb98479b8fcd3751c6d582951c0d6c5a80b4c9782121c5a04,Archive catch-all
AST-000490,PRJ-LOCAL-0900,ARCHIVE_BUCKET,OLD Archive (Unclassified),TIER_D,THUMBNAIL_ONLY,ARCHIVE,TIER_1,YES,NO,,OLD,OLD,7.jpg,IMAGE,VERY_HIGH,5100,3300,4193624,2f787393ef08acf700dcda9c8f8ff8b2d4aa3d2c08ae736c562e81072ff17276,Archive catch-all
AST-000491,PRJ-LOCAL-0900,ARCHIVE_BUCKET,OLD Archive (Unclassified),TIER_D,THUMBNAIL_ONLY,ARCHIVE,TIER_3,YES,NO,,OLD,OLD,7.png,IMAGE,LOW,1600,1200,1358976,d664989f66071bcee7523da66a4cd065ff59d3e74553ac8bab6ca47aef029636,Archive catch-all
AST-000492,PRJ-LOCAL-0900,ARCHIVE_BUCKET,OLD Archive (Unclassified),TIER_D,THUMBNAIL_ONLY,ARCHIVE,TIER_1,YES,NO,,OLD,OLD,8.jpg,IMAGE,VERY_HIGH,5100,3300,4484681,d87b3dc17541e22e0d5a80e972a1d32b46aa590f119f9c09ed6dee6474dd1c05,Archive catch-all
AST-000493,PRJ-LOCAL-0900,ARCHIVE_BUCKET,OLD Archive (Unclassified),TIER_D,THUMBNAIL_ONLY,ARCHIVE,TIER_3,YES,NO,,OLD,OLD,8.png,IMAGE,LOW,1600,1200,1438627,476f083b4cf4f0f311a2bed9102211c237d317698f7ac70e8db3d83740d109cd,Archive catch-all
AST-000494,PRJ-LOCAL-0900,ARCHIVE_BUCKET,OLD Archive (Unclassified),TIER_D,THUMBNAIL_ONLY,ARCHIVE,TIER_1,YES,NO,,OLD,OLD,9.jpg,IMAGE,VERY_HIGH,5100,3300,2874014,6462df05751f3cc789f6c3395a903cda7dac57cd083346a1956f864e357f84db,Archive catch-all
AST-000495,PRJ-LOCAL-0030,INDIVIDUAL_PROJECT,Crestron Adagio,TIER_A,RESTORATION_CANDIDATE,USE_AFTER_CLIENT_APPROVAL,TIER_4,YES,NO,DUP-00270,OLD,ADAGIO,1images.jpg,IMAGE,VERY_LOW,358,141,6263,055a8edeaa5c8039ee06c6e73154228b4900ec14da990961c94484d92bb2810e,
AST-000496,PRJ-LOCAL-0030,INDIVIDUAL_PROJECT,Crestron Adagio,TIER_A,RESTORATION_CANDIDATE,USE_AFTER_CLIENT_APPROVAL,TIER_4,YES,NO,,OLD,ADAGIO,929200613825.jpg,IMAGE,VERY_LOW,400,275,11975,c40277be2b7348d33d056912c0f10b21c78610e575bc5e15067f83891230939f,
AST-000497,PRJ-LOCAL-0030,INDIVIDUAL_PROJECT,Crestron Adagio,TIER_A,RESTORATION_CANDIDATE,USE_AFTER_CLIENT_APPROVAL,TIER_4,YES,NO,,OLD,ADAGIO,crestron-adagio-aes-multi-room-audio-system-6-zones-D_NQ_NP_741179-MLB26952545296_032018-F.jpg,IMAGE,VERY_LOW,500,332,32742,7a6ab091ce6a3b629ab71b575ebdb2c437cf89e658295dd5902de0778cd0a169,
AST-000498,PRJ-LOCAL-0030,INDIVIDUAL_PROJECT,Crestron Adagio,TIER_A,GALLERY_READY,USE_AFTER_CLIENT_APPROVAL,TIER_3,YES,NO,,OLD,ADAGIO,e73eb6ff-7657-40f7-ba6b-f0b7c4c7933e.jpg,IMAGE,LOW,1024,512,39642,decdca684cf6c67dd2dbad66cd93082fb66bba8a23111112c171b0d26cd49a6a,
AST-000499,PRJ-LOCAL-0030,INDIVIDUAL_PROJECT,Crestron Adagio,TIER_A,RESTORATION_CANDIDATE,USE_AFTER_CLIENT_APPROVAL,TIER_4,YES,NO,,OLD,ADAGIO,s-l300.jpg,IMAGE,VERY_LOW,300,169,11235,a7917dfc3ade05164d26d77fa9ab2fb59d03aa81c9894a9dca2477d4ed116e1a,
AST-000500,PRJ-LOCAL-0900,ARCHIVE_BUCKET,OLD Archive (Unclassified),TIER_D,THUMBNAIL_ONLY,ARCHIVE,TIER_3,YES,NO,DUP-00271,OLD,OLD,AIL-R020 - Copy - Copy.jpg,IMAGE,LOW,1600,1200,378601,77926efaf21076ccd731a85a369a25f6e792f38828b18095a4a4d0cdd0fa9755,Archive catch-all
AST-000503,PRJ-LOCAL-0900,ARCHIVE_BUCKET,OLD Archive (Unclassified),TIER_D,THUMBNAIL_ONLY,ARCHIVE,TIER_3,YES,NO,,OLD,OLD,AIL-R022.JPG,IMAGE,LOW,1600,1200,366620,1cbbc589e3b449d0660aaa5280254a3d8000eee566e555ce18c5c8709c5d34a1,Archive catch-all
AST-000504,PRJ-LOCAL-0900,ARCHIVE_BUCKET,OLD Archive (Unclassified),TIER_D,THUMBNAIL_ONLY,ARCHIVE,TIER_2,YES,NO,DUP-00272,OLD,OLD,AIL-R028.JPG,IMAGE,MEDIUM,2258,1500,1203204,3e0d76fea25561220a50274e4368ff6b0fbfa2317f0b2c638369c56f10723a3d,Archive catch-all
AST-000505,PRJ-LOCAL-0900,ARCHIVE_BUCKET,OLD Archive (Unclassified),TIER_D,THUMBNAIL_ONLY,ARCHIVE,TIER_3,YES,NO,DUP-00273,OLD,OLD,AIL-R029 - Copy - Copy.JPG,IMAGE,LOW,1024,682,271946,222ce18ea25cdf0dd90dff5597ac50ac1c9b21bce5f3f713c643015ef9e686a2,Archive catch-all
AST-000508,PRJ-LOCAL-0900,ARCHIVE_BUCKET,OLD Archive (Unclassified),TIER_D,THUMBNAIL_ONLY,ARCHIVE,TIER_3,YES,NO,,OLD,OLD,AIM-003.JPG,IMAGE,LOW,1600,1000,370737,552625c4f472bfa9772f17be819932f12eac8f34404b9c404325f7da283f72a4,Archive catch-all
AST-000509,PRJ-LOCAL-0900,ARCHIVE_BUCKET,OLD Archive (Unclassified),TIER_D,THUMBNAIL_ONLY,ARCHIVE,TIER_2,YES,NO,,OLD,OLD,AIM-R034.JPG,IMAGE,MEDIUM,1600,1600,950181,dc31c266d72c66da4960e399c6fb0a3c7bd22fd82e3675863e3495726685de15,Archive catch-all
AST-000510,PRJ-LOCAL-0900,ARCHIVE_BUCKET,OLD Archive (Unclassified),TIER_D,THUMBNAIL_ONLY,ARCHIVE,TIER_1,YES,NO,,OLD,OLD,AIM-R037.jpg,IMAGE,VERY_HIGH,4989,3300,1260474,70f3b50f9cca7f92ca51b9c1c103b3772846a1b0ef50975af58372e6848b2655,Archive catch-all
AST-000511,PRJ-LOCAL-0900,ARCHIVE_BUCKET,OLD Archive (Unclassified),TIER_D,THUMBNAIL_ONLY,ARCHIVE,TIER_1,YES,NO,,OLD,OLD,AUP-R005-002.jpg,IMAGE,HIGH,3000,2253,1195829,243c1c037687a5d21fc33536d212d2d6539045017b5a5ee5d94b3d399fdd3906,Archive catch-all
AST-000512,PRJ-LOCAL-0900,ARCHIVE_BUCKET,OLD Archive (Unclassified),TIER_D,THUMBNAIL_ONLY,ARCHIVE,TIER_1,YES,NO,,OLD,OLD,AUP-R005-005.jpg,IMAGE,HIGH,3000,2253,1238149,739afd96eb99259722f70ebd8cab338dcbce5889cfbc4cf7c34bc10581a49d6e,Archive catch-all
AST-000513,PRJ-LOCAL-0900,ARCHIVE_BUCKET,OLD Archive (Unclassified),TIER_D,THUMBNAIL_ONLY,ARCHIVE,TIER_2,YES,NO,,OLD,OLD,BEA-8-002.jpg,IMAGE,MEDIUM,1500,2000,332114,f3acab3472e5f389e9693f1085b70b12397a168121393df3866e35999289337d,Archive catch-all
AST-000514,PRJ-LOCAL-0900,ARCHIVE_BUCKET,OLD Archive (Unclassified),TIER_D,THUMBNAIL_ONLY,ARCHIVE,TIER_1,YES,NO,,OLD,OLD,BEA-8-003.jpg,IMAGE,HIGH,3872,2592,5964617,44b76b8d5e71ab5c26340a8f4591e2722e7c1371a6fbef8855f06266ad3a99c0,Archive catch-all
AST-000515,PRJ-LOCAL-0900,ARCHIVE_BUCKET,OLD Archive (Unclassified),TIER_D,THUMBNAIL_ONLY,ARCHIVE,TIER_2,YES,NO,,OLD,OLD,BIR-BELT-R006.jpg,IMAGE,MEDIUM,2000,1200,446941,60b19f8e060cacb7f98f264e7010536c9b95e92821d094bf0558c81892c44c5b,Archive catch-all
AST-000516,PRJ-LOCAL-0900,ARCHIVE_BUCKET,OLD Archive (Unclassified),TIER_D,THUMBNAIL_ONLY,ARCHIVE,TIER_2,YES,NO,,OLD,OLD,BIR-BELT-R037.JPG,IMAGE,MEDIUM,2000,1524,1110162,ff542d41bc7067ac21672587364486420b16eb2ff617525f9003c4ba393ac6fd,Archive catch-all
AST-000517,PRJ-LOCAL-0900,ARCHIVE_BUCKET,OLD Archive (Unclassified),TIER_D,THUMBNAIL_ONLY,ARCHIVE,TIER_2,YES,NO,DUP-00274,OLD,OLD,BIR-BELT-R038 - Copy.JPG,IMAGE,MEDIUM,2000,1200,304627,9fe6354729ec01aa24e71957ba74800e50c1627cbdd30f9fb8ca0ea8cd1dba27,Archive catch-all
AST-000519,PRJ-LOCAL-0900,ARCHIVE_BUCKET,OLD Archive (Unclassified),TIER_D,THUMBNAIL_ONLY,ARCHIVE,TIER_1,YES,NO,DUP-00275,OLD,OLD,BIR-ORTHO - Copy.jpg,IMAGE,VERY_HIGH,5100,3300,736254,dc9b9bb20274fd217cd7048239d2323ccbf26585814f73aa4a911c266345b0b6,Archive catch-all
AST-000521,PRJ-LOCAL-0900,ARCHIVE_BUCKET,OLD Archive (Unclassified),TIER_D,THUMBNAIL_ONLY,ARCHIVE,TIER_2,YES,NO,DUP-00276,OLD,OLD,BIR-R009 - Copy.jpg,IMAGE,MEDIUM,2500,1500,239771,3b2b3893405c77dd88c7def89a435dc01c5a4b3543f527d5bbef86adaf0caf25,Archive catch-all
AST-000523,PRJ-LOCAL-0900,ARCHIVE_BUCKET,OLD Archive (Unclassified),TIER_D,THUMBNAIL_ONLY,ARCHIVE,TIER_2,YES,NO,DUP-00277,OLD,OLD,BIR-R087-2.jpg,IMAGE,MEDIUM,2016,1500,190732,45a016f66fdabbaedf8e8bbedad5bd8f709ed11c73681f25b5b829c1eb898322,Archive catch-all
AST-000524,PRJ-LOCAL-0900,ARCHIVE_BUCKET,OLD Archive (Unclassified),TIER_D,THUMBNAIL_ONLY,ARCHIVE,TIER_3,YES,NO,DUP-00278,OLD,OLD,BIR-R096 - Copy.JPG,IMAGE,LOW,1500,1007,539727,36ac69ae6508684738c34d89594371b612b9b1b6f189105c54203b55dc175645,Archive catch-all
AST-000526,PRJ-LOCAL-0900,ARCHIVE_BUCKET,OLD Archive (Unclassified),TIER_D,THUMBNAIL_ONLY,ARCHIVE,TIER_2,YES,NO,DUP-00279,OLD,OLD,BIR-R108 - Copy.JPG,IMAGE,MEDIUM,2400,1600,1443243,3926c7e14dcf36facbc3018130350d6e988eeb509d35da0032da941fb4a400ae,Archive catch-all
AST-000528,PRJ-LOCAL-0900,ARCHIVE_BUCKET,OLD Archive (Unclassified),TIER_D,THUMBNAIL_ONLY,ARCHIVE,TIER_1,YES,NO,,OLD,OLD,BLO-ORTHO.jpg,IMAGE,VERY_HIGH,5100,3300,949318,ca321f66d859a7d9e146c556acd1c95a8184d0345232293f00a42cf9f7e2f200,Archive catch-all
AST-000529,PRJ-LOCAL-0900,ARCHIVE_BUCKET,OLD Archive (Unclassified),TIER_D,THUMBNAIL_ONLY,ARCHIVE,TIER_2,YES,NO,DUP-00280,OLD,OLD,BLO-R027.jpg,IMAGE,MEDIUM,2000,1124,990182,80b46e96e8e8e6bf124b06ff9b3106fdea5f99719db902ff1b96106430a6d47c,Archive catch-all
AST-000530,PRJ-LOCAL-0900,ARCHIVE_BUCKET,OLD Archive (Unclassified),TIER_D,THUMBNAIL_ONLY,ARCHIVE,TIER_2,YES,NO,DUP-00281,OLD,OLD,BLO-R029.jpg,IMAGE,MEDIUM,2000,1332,1025647,c0d51ed3608a4bbde884e395c5610fccc9f3b95c52cdf4985431ba2009f12a0e,Archive catch-all
AST-000531,PRJ-LOCAL-0900,ARCHIVE_BUCKET,OLD Archive (Unclassified),TIER_D,THUMBNAIL_ONLY,ARCHIVE,TIER_2,YES,NO,DUP-00282,OLD,OLD,BLO-R032.jpg,IMAGE,MEDIUM,2000,1500,1794222,f089c1bd26d6b55f468ccf245e854013ebbe25ede69b097b7b8a02b7c55087b8,Archive catch-all
AST-000532,PRJ-LOCAL-0900,ARCHIVE_BUCKET,OLD Archive (Unclassified),TIER_D,THUMBNAIL_ONLY,ARCHIVE,TIER_2,YES,NO,DUP-00283,OLD,OLD,BLO-R035.jpg,IMAGE,MEDIUM,2000,1332,823661,028f207d98b61d72777fcf7fd92426089eb90cb18495b7c779edea71f9e0f783,Archive catch-all
AST-000533,PRJ-LOCAL-0900,ARCHIVE_BUCKET,OLD Archive (Unclassified),TIER_D,THUMBNAIL_ONLY,ARCHIVE,TIER_2,YES,NO,DUP-00284,OLD,OLD,BLO-R037.jpg,IMAGE,MEDIUM,2000,1252,1054998,17c7a13cdeb08acf789aba2c65c6bb920d0cdc88a2377a61cd68e931d58e5e50,Archive catch-all
AST-000534,PRJ-LOCAL-0900,ARCHIVE_BUCKET,OLD Archive (Unclassified),TIER_D,THUMBNAIL_ONLY,ARCHIVE,TIER_2,YES,NO,DUP-00285,OLD,OLD,BLO-R039-2.jpg,IMAGE,MEDIUM,2000,1428,336561,e2978eeb3ac39b849c41576c935ddad8adb2cb026fb72d7527a0c9b0af172676,Archive catch-all
AST-000535,PRJ-LOCAL-0900,ARCHIVE_BUCKET,OLD Archive (Unclassified),TIER_D,THUMBNAIL_ONLY,ARCHIVE,TIER_2,YES,NO,DUP-00286,OLD,OLD,BLO-R041-2.jpg,IMAGE,MEDIUM,2000,1333,302966,ef2b2c67740bf4afcf209673f20b1bd80dec6d2af7f05c8b4b755e7d694a1a5d,Archive catch-all
AST-000536,PRJ-LOCAL-0900,ARCHIVE_BUCKET,OLD Archive (Unclassified),TIER_D,THUMBNAIL_ONLY,ARCHIVE,TIER_2,YES,NO,,OLD,OLD,BMY-R001-5.jpg,IMAGE,MEDIUM,2000,1500,279699,d8ae034122c82f90c3864c0603dcbacb313ca059486feffd56c67ca7557921ba,Archive catch-all
AST-000537,PRJ-LOCAL-0900,ARCHIVE_BUCKET,OLD Archive (Unclassified),TIER_D,THUMBNAIL_ONLY,ARCHIVE,TIER_1,YES,NO,,OLD,OLD,BMY-R001-6.jpg,IMAGE,HIGH,3000,2250,1325395,ad05f4278631f28e81e759544bdf1d602ff9eb3c97f7cc6427891275c537950d,Archive catch-all
AST-000538,PRJ-LOCAL-0900,ARCHIVE_BUCKET,OLD Archive (Unclassified),TIER_D,THUMBNAIL_ONLY,ARCHIVE,TIER_1,YES,NO,,OLD,OLD,BMY-R001-7.jpg,IMAGE,HIGH,3000,2250,1364858,7b50291b9854d3b8cd43d3345494baae9716301763d67543a1163ae3a2be4592,Archive catch-all
AST-000539,PRJ-LOCAL-0900,ARCHIVE_BUCKET,OLD Archive (Unclassified),TIER_D,THUMBNAIL_ONLY,ARCHIVE,TIER_1,YES,NO,DUP-00287,OLD,OLD,BMY-R001-8.jpg,IMAGE,HIGH,3000,2250,1221441,ea39507109e49871b47721acce7ed06d1edd31759ab2d7715147be92adbf806b,Archive catch-all
AST-000540,PRJ-LOCAL-0900,ARCHIVE_BUCKET,OLD Archive (Unclassified),TIER_D,THUMBNAIL_ONLY,ARCHIVE,TIER_3,YES,NO,,OLD,OLD,BOT-005.jpg,IMAGE,LOW,1200,1600,474601,95b8c5bb78daddfddc4cb2935390f96edbc94694d228061276276db82e3adbc7,Archive catch-all
AST-000541,PRJ-LOCAL-0900,ARCHIVE_BUCKET,OLD Archive (Unclassified),TIER_D,THUMBNAIL_ONLY,ARCHIVE,TIER_3,YES,NO,,OLD,OLD,CAT-023.jpg,IMAGE,LOW,1600,1200,477209,f1e5cad2f03ff15baa24f47a3cc4604343ba20be013e5acf210da7b004b9854f,Archive catch-all
AST-000542,PRJ-LOCAL-0900,ARCHIVE_BUCKET,OLD Archive (Unclassified),TIER_D,THUMBNAIL_ONLY,ARCHIVE,TIER_2,YES,NO,,OLD,OLD,CAT-029.jpg,IMAGE,MEDIUM,2000,1200,879093,bb9abc20ff83e56e5a6f77e5aa0e0e1b34ac8b7ba1da56f68d0c0836f6fddd72,Archive catch-all
AST-000543,PRJ-LOCAL-0900,ARCHIVE_BUCKET,OLD Archive (Unclassified),TIER_D,THUMBNAIL_ONLY,ARCHIVE,TIER_3,YES,NO,,OLD,OLD,CAT-030.jpg,IMAGE,LOW,1600,1200,477868,48efa0197a7cdc2cfe5cc86b5894890124de80bf527dab23749fc04766bdc036,Archive catch-all
AST-000544,PRJ-LOCAL-0900,ARCHIVE_BUCKET,OLD Archive (Unclassified),TIER_D,THUMBNAIL_ONLY,ARCHIVE,TIER_2,YES,NO,DUP-00288,OLD,OLD,CAT-035.jpg,IMAGE,MEDIUM,2500,1500,818516,5529c36156fa57922ebec8a98a4021fcbcf6346b7f69bc4c997e74f99f399170,Archive catch-all
AST-000545,PRJ-LOCAL-0900,ARCHIVE_BUCKET,OLD Archive (Unclassified),TIER_D,THUMBNAIL_ONLY,ARCHIVE,TIER_3,YES,NO,,OLD,OLD,CCW-P043.jpg,IMAGE,LOW,936,1353,736816,126517244eb67215474a86ff9e45524d595a9385c922bbe841cf86d85a1d0f3f,Archive catch-all
AST-000546,PRJ-LOCAL-0900,ARCHIVE_BUCKET,OLD Archive (Unclassified),TIER_D,THUMBNAIL_ONLY,ARCHIVE,TIER_1,YES,NO,,OLD,OLD,COCNEPT 01.jpg,IMAGE,VERY_HIGH,5100,3300,4495889,c63a1d64fa482ec41ee335dac71c5a04dc20c43de0fe5e986063f0605b08f4ca,Archive catch-all
AST-000547,PRJ-LOCAL-0900,ARCHIVE_BUCKET,OLD Archive (Unclassified),TIER_D,THUMBNAIL_ONLY,ARCHIVE,TIER_2,YES,NO,,OLD,OLD,COL-R001.JPG,IMAGE,MEDIUM,2000,1500,134995,a71056ab20184149877c1839a5db7b10b9075dbdb7529909a562a0063e365da2,Archive catch-all
AST-000548,PRJ-LOCAL-0900,ARCHIVE_BUCKET,OLD Archive (Unclassified),TIER_D,THUMBNAIL_ONLY,ARCHIVE,TIER_2,YES,NO,,OLD,OLD,COL-R002.JPG,IMAGE,MEDIUM,2000,1500,141043,bd6a3e3fd36ebe319b2570b04d00e02a5a28953c0736cda2e332c128a6c02d76,Archive catch-all
AST-000549,PRJ-LOCAL-0900,ARCHIVE_BUCKET,OLD Archive (Unclassified),TIER_D,THUMBNAIL_ONLY,ARCHIVE,TIER_2,YES,NO,,OLD,OLD,COL-R007.jpg,IMAGE,MEDIUM,2000,1500,1230761,db1f3ab425e10eb943c8602bedcdf568f8a6f1a934c278cb2d97b1c1ad7191ec,Archive catch-all
AST-000550,PRJ-LOCAL-0900,ARCHIVE_BUCKET,OLD Archive (Unclassified),TIER_D,THUMBNAIL_ONLY,ARCHIVE,TIER_1,YES,NO,,OLD,OLD,CONCEPT01-2.jpg,IMAGE,VERY_HIGH,5100,3300,4746162,aa2229f15e70b8756f823752ef2b7a07d2cde07ac730fe5fdc255b656639e0e6,Archive catch-all
AST-000551,PRJ-LOCAL-0900,ARCHIVE_BUCKET,OLD Archive (Unclassified),TIER_D,THUMBNAIL_ONLY,ARCHIVE,TIER_3,YES,NO,,OLD,OLD,COV-P046.jpg,IMAGE,LOW,799,1200,442507,9b97f82856bcac9685ada961866300cd9cd27882a56b3854397fd67b14877b0d,Archive catch-all
AST-000552,PRJ-LOCAL-0900,ARCHIVE_BUCKET,OLD Archive (Unclassified),TIER_D,THUMBNAIL_ONLY,ARCHIVE,TIER_3,YES,NO,DUP-00289,OLD,OLD,COV-P047.jpg,IMAGE,LOW,1200,800,437851,f6318a0c463a2eceb9a43f2cb77e1b46bcc87aecf8b5d85c67af84df1798e322,Archive catch-all
AST-000553,PRJ-LOCAL-0900,ARCHIVE_BUCKET,OLD Archive (Unclassified),TIER_D,THUMBNAIL_ONLY,ARCHIVE,TIER_1,YES,NO,DUP-00290,OLD,OLD,COV_0000_O15.jpg,IMAGE,VERY_HIGH,5100,3300,1151499,523ddf14c6de3eeb986fa64593fd049212dbe1a864dd8fc581f6478c7604b0c4,Archive catch-all
AST-000554,PRJ-LOCAL-0900,ARCHIVE_BUCKET,OLD Archive (Unclassified),TIER_D,THUMBNAIL_ONLY,ARCHIVE,TIER_1,YES,NO,,OLD,OLD,COV_0006_O9.jpg,IMAGE,VERY_HIGH,5100,3300,1210939,a3cf9a23176f7fc8a1ec8eb782b55353351532a60f966bab1821b38e1ceaf74a,Archive catch-all
AST-000555,PRJ-LOCAL-0900,ARCHIVE_BUCKET,OLD Archive (Unclassified),TIER_D,THUMBNAIL_ONLY,ARCHIVE,TIER_1,YES,NO,,OLD,OLD,COV_0013_O2.jpg,IMAGE,VERY_HIGH,5100,3300,1088740,ed8f4264acc862bdc9ceea1a2ead0059718c8f048f70c7ba540c1efc43ee20bd,Archive catch-all
AST-000556,PRJ-LOCAL-0900,ARCHIVE_BUCKET,OLD Archive (Unclassified),TIER_D,THUMBNAIL_ONLY,ARCHIVE,TIER_1,YES,NO,,OLD,OLD,DIR-2014-05-14-ROUND A.jpg,IMAGE,VERY_HIGH,5100,3300,1818944,33c24e5ae5c2d4a42f4e8c6301673880639d0e0d3685fb952fdb877b0efdc941,Archive catch-all
AST-000557,PRJ-LOCAL-0900,ARCHIVE_BUCKET,OLD Archive (Unclassified),TIER_D,THUMBNAIL_ONLY,ARCHIVE,TIER_3,YES,NO,,OLD,OLD,DIR-R013.jpg,IMAGE,LOW,1500,1125,160379,6621a264101a8553152f41cea30b450df706d7d1980dd7cc78881229769a3d07,Archive catch-all
AST-000558,PRJ-LOCAL-0900,ARCHIVE_BUCKET,OLD Archive (Unclassified),TIER_D,THUMBNAIL_ONLY,ARCHIVE,TIER_3,YES,NO,,OLD,OLD,DIR-R019.jpg,IMAGE,LOW,1500,1125,165688,da4e6cb079fafce4448c21a05c763431aaefb083350f1f49e4dc6d1b5ff1ed6a,Archive catch-all
AST-000559,PRJ-LOCAL-0900,ARCHIVE_BUCKET,OLD Archive (Unclassified),TIER_D,THUMBNAIL_ONLY,ARCHIVE,TIER_4,YES,NO,DUP-00291,OLD,OLD,DIR-R021.jpg,IMAGE,VERY_LOW,700,525,51931,ba547d4c4e9135864217784f9b74b06ddba8c0208c57e15d68314ad677b7e348,Archive catch-all
AST-000560,PRJ-LOCAL-0900,ARCHIVE_BUCKET,OLD Archive (Unclassified),TIER_D,THUMBNAIL_ONLY,ARCHIVE,TIER_3,YES,NO,,OLD,OLD,DIR-R029.jpg,IMAGE,LOW,1500,1082,668116,09f8e63f03790131a3903a879a5b4127175fcb6061cf6169ce542c7dd34cab11,Archive catch-all
AST-000561,PRJ-LOCAL-0900,ARCHIVE_BUCKET,OLD Archive (Unclassified),TIER_D,THUMBNAIL_ONLY,ARCHIVE,TIER_3,YES,NO,,OLD,OLD,DOM-2015-10-30-CONCEPT SKETCHES_Page_12.jpg,IMAGE,LOW,1645,877,357392,bf96b55ca9ee07d53a102171d64303a0c9ab2175565091c779807b6beecee2c8,Archive catch-all
AST-000562,PRJ-LOCAL-0900,ARCHIVE_BUCKET,OLD Archive (Unclassified),TIER_D,THUMBNAIL_ONLY,ARCHIVE,TIER_2,YES,NO,DUP-00292,OLD,OLD,DSCF0969.JPG,IMAGE,MEDIUM,2128,1424,1358409,1bbab20b732424b46a9fbb2f20cb9cd52934d1a48c928ff719eb3b677e383ed4,Archive catch-all
AST-000563,PRJ-LOCAL-0900,ARCHIVE_BUCKET,OLD Archive (Unclassified),TIER_D,THUMBNAIL_ONLY,ARCHIVE,TIER_1,YES,NO,DUP-00293,OLD,OLD,DSC_0305.JPG,IMAGE,HIGH,3008,2000,2511328,a86c2b7ac9a99a2203b773307d54d4ba3cfb31f2a5ccaf245e614f94d3fb812a,Archive catch-all
AST-000564,PRJ-LOCAL-0900,ARCHIVE_BUCKET,OLD Archive (Unclassified),TIER_D,THUMBNAIL_ONLY,ARCHIVE,TIER_1,YES,NO,DUP-00294,OLD,OLD,DSC_0418.JPG,IMAGE,HIGH,3008,2000,2743893,02e18c789088d71046fee887fa0303cc5dca7229e99cf0b992b7c63e78e1e1da,Archive catch-all
AST-000565,PRJ-LOCAL-0900,ARCHIVE_BUCKET,OLD Archive (Unclassified),TIER_D,THUMBNAIL_ONLY,ARCHIVE,TIER_3,YES,NO,DUP-00295,OLD,OLD,ECH-R018.JPG,IMAGE,LOW,1600,1004,690871,e9eb5658066c222a0c1dc3d21dc008d3c02beb8b0b28ac631811c390ce2d17c1,Archive catch-all
AST-000566,PRJ-LOCAL-0900,ARCHIVE_BUCKET,OLD Archive (Unclassified),TIER_D,THUMBNAIL_ONLY,ARCHIVE,TIER_3,YES,NO,DUP-00296,OLD,OLD,ECH-R019.JPG,IMAGE,LOW,1600,1200,910127,d732a68ee2e3c1f7752247b2e83042a61f07cb5c3e1b634be2e59284f836dc0d,Archive catch-all
AST-000567,PRJ-LOCAL-0900,ARCHIVE_BUCKET,OLD Archive (Unclassified),TIER_D,THUMBNAIL_ONLY,ARCHIVE,TIER_1,YES,NO,,OLD,OLD,EPI-001.jpg,IMAGE,VERY_HIGH,4800,3390,279714,8b8e66a3f6f88ea3c960a735383333c83a8b71321bd15f61f154033c5bf6e618,Archive catch-all
AST-000568,PRJ-LOCAL-0900,ARCHIVE_BUCKET,OLD Archive (Unclassified),TIER_D,THUMBNAIL_ONLY,ARCHIVE,TIER_1,YES,NO,,OLD,OLD,EPI-002.jpg,IMAGE,VERY_HIGH,4800,3390,294291,471c09f88a49bbf4861f1fac4f67d30a581f21263c94723cc1d695eaa5cb2f9d,Archive catch-all
AST-000569,PRJ-LOCAL-0900,ARCHIVE_BUCKET,OLD Archive (Unclassified),TIER_D,THUMBNAIL_ONLY,ARCHIVE,TIER_2,YES,NO,,OLD,OLD,FSS-R021-INSTALL-3.jpg,IMAGE,MEDIUM,2500,1875,650988,382d99390d43dd96ead2ff86c7610b15f13aeb6ec29896d2cecea1b2c21043b6,Archive catch-all
AST-000570,PRJ-LOCAL-0900,ARCHIVE_BUCKET,OLD Archive (Unclassified),TIER_D,THUMBNAIL_ONLY,ARCHIVE,TIER_2,YES,NO,,OLD,OLD,FSS-R023-INSTALL-9-ROTATION2.jpg,IMAGE,MEDIUM,2500,1875,1127501,25a882c03121ff848150f7cf12a471179be53af433a33912bc23b6f3d3ba719d,Archive catch-all
AST-000571,PRJ-LOCAL-0900,ARCHIVE_BUCKET,OLD Archive (Unclassified),TIER_D,THUMBNAIL_ONLY,ARCHIVE,TIER_2,YES,NO,,OLD,OLD,FSS-R031.jpg,IMAGE,MEDIUM,2500,1875,784281,61050c3c2992f2630a983d06faa9938f0688bcf64e5cf79bf75c6e44b5961eb3,Archive catch-all
AST-000572,PRJ-LOCAL-0900,ARCHIVE_BUCKET,OLD Archive (Unclassified),TIER_D,THUMBNAIL_ONLY,ARCHIVE,TIER_2,YES,NO,,OLD,OLD,FSS-R032.jpg,IMAGE,MEDIUM,2500,1875,726997,82bef3d11f6d88611c5accb227508ade12eb61547e93c1a52ff9396c23e2a7ad,Archive catch-all
AST-000573,PRJ-LOCAL-0900,ARCHIVE_BUCKET,OLD Archive (Unclassified),TIER_D,THUMBNAIL_ONLY,ARCHIVE,TIER_2,YES,NO,,OLD,OLD,FSS-R033.jpg,IMAGE,MEDIUM,2500,1875,449018,ec2573eed7166a5e99469557fa7e29b5647412664765f556260f22b867759f18,Archive catch-all
AST-000574,PRJ-LOCAL-0900,ARCHIVE_BUCKET,OLD Archive (Unclassified),TIER_D,THUMBNAIL_ONLY,ARCHIVE,TIER_3,YES,NO,,OLD,OLD,GAM-P017.jpg,IMAGE,LOW,1201,794,402820,202fd029cfbf5815fc24ce64cbbdc02398cd09cbf5da528b220072928e8871d0,Archive catch-all
AST-000575,PRJ-LOCAL-0900,ARCHIVE_BUCKET,OLD Archive (Unclassified),TIER_D,THUMBNAIL_ONLY,ARCHIVE,TIER_2,YES,NO,,OLD,OLD,GAM-P019.jpg,IMAGE,MEDIUM,1775,2000,1940321,7f337ea569250882547a1cfb6f149313ed0a511e2f55d5739f90677af2851370,Archive catch-all
AST-000576,PRJ-LOCAL-0900,ARCHIVE_BUCKET,OLD Archive (Unclassified),TIER_D,THUMBNAIL_ONLY,ARCHIVE,TIER_3,YES,NO,,OLD,OLD,GAM-P020.jpg,IMAGE,LOW,1200,800,242258,943885a6cd6cbf14282b0a003a9c1282ee3ed6136afc8f55b7228899745a48ca,Archive catch-all
AST-000577,PRJ-LOCAL-0900,ARCHIVE_BUCKET,OLD Archive (Unclassified),TIER_D,THUMBNAIL_ONLY,ARCHIVE,TIER_3,YES,NO,,OLD,OLD,GAM-P022.JPG,IMAGE,LOW,1200,900,379087,fb0a3feca8a348272f73961b15c0005faf3f4d0a5e66e0f00d0572bd1064bdb2,Archive catch-all
AST-000578,PRJ-LOCAL-0900,ARCHIVE_BUCKET,OLD Archive (Unclassified),TIER_D,THUMBNAIL_ONLY,ARCHIVE,TIER_2,YES,NO,,OLD,OLD,GAM-R002.png,IMAGE,MEDIUM,2000,1500,1302518,a3acacfffd7fbc96fb5485e556cb9e63601e8436f804800cedb05c6b2eb808bc,Archive catch-all
AST-000579,PRJ-LOCAL-0900,ARCHIVE_BUCKET,OLD Archive (Unclassified),TIER_D,THUMBNAIL_ONLY,ARCHIVE,TIER_3,YES,NO,,OLD,OLD,GLF-27.jpg,IMAGE,LOW,1123,1600,377858,4d0f50a5fb63b7e887fb2e35c2bbb54d66624f9044820443579527f9c3af620b,Archive catch-all
AST-000580,PRJ-LOCAL-0900,ARCHIVE_BUCKET,OLD Archive (Unclassified),TIER_D,THUMBNAIL_ONLY,ARCHIVE,TIER_3,YES,NO,,OLD,OLD,GLF-34.jpg,IMAGE,LOW,1123,1600,498576,719bfdd2e3840c892611b066bf4cc85ff97fdd444041731bd5f5e6881ec7d15f,Archive catch-all
AST-000581,PRJ-LOCAL-0900,ARCHIVE_BUCKET,OLD Archive (Unclassified),TIER_D,THUMBNAIL_ONLY,ARCHIVE,TIER_3,YES,NO,DUP-00297,OLD,OLD,GLF-36.jpg,IMAGE,LOW,1123,1600,540916,919931db83eb921787e9160138fac2fd12772cf3bb4e0335d8cb0823f88dc4a5,Archive catch-all
AST-000582,PRJ-LOCAL-0900,ARCHIVE_BUCKET,OLD Archive (Unclassified),TIER_D,THUMBNAIL_ONLY,ARCHIVE,TIER_3,YES,NO,,OLD,OLD,GLF-4.jpg,IMAGE,LOW,1123,1600,366981,3236608632039fbd99fdc0fc7dcef41ca80cad3e61a982c8a74abba26ad4f6d6,Archive catch-all
AST-000583,PRJ-LOCAL-0900,ARCHIVE_BUCKET,OLD Archive (Unclassified),TIER_D,THUMBNAIL_ONLY,ARCHIVE,TIER_3,YES,NO,,OLD,OLD,GRO-R025.JPG,IMAGE,LOW,1000,750,302216,375f34f76ceb71f6b9d8cda174a5ecb58ed2cbd323ed19b9d235b1ca2b162ba4,Archive catch-all
AST-000584,PRJ-LOCAL-0900,ARCHIVE_BUCKET,OLD Archive (Unclassified),TIER_D,THUMBNAIL_ONLY,ARCHIVE,TIER_2,YES,NO,DUP-00298,OLD,OLD,GRO-R036-2.jpg,IMAGE,MEDIUM,2000,1520,677570,088677e3720833ab6be1eab0d4394686be575335b5f186ab0823217c61ee77c0,Archive catch-all
AST-000585,PRJ-LOCAL-0900,ARCHIVE_BUCKET,OLD Archive (Unclassified),TIER_D,THUMBNAIL_ONLY,ARCHIVE,TIER_2,YES,NO,,OLD,OLD,GRO-R038-2.jpg,IMAGE,MEDIUM,3000,1941,2323600,84527f454f22646f843eae3c3aa336572556e089de61fcf7a6fb424439945271,Archive catch-all
AST-000586,PRJ-LOCAL-0900,ARCHIVE_BUCKET,OLD Archive (Unclassified),TIER_D,THUMBNAIL_ONLY,ARCHIVE,TIER_2,YES,NO,,OLD,OLD,GRO-R040-2.jpg,IMAGE,MEDIUM,2500,1618,2214303,2586fc7fd3da953f88da44d386b6c06f888245cc8d52aeb8d7c0c1ca4b4973ba,Archive catch-all
AST-000587,PRJ-LOCAL-0900,ARCHIVE_BUCKET,OLD Archive (Unclassified),TIER_D,THUMBNAIL_ONLY,ARCHIVE,TIER_3,YES,NO,,OLD,OLD,GSL-008.jpg,IMAGE,LOW,1200,1200,507002,eaa0a5e89ac4c5dfa228d5856c3a704603d62ebffb47bb56d5e10b4e98048b87,Archive catch-all
AST-000588,PRJ-LOCAL-0900,ARCHIVE_BUCKET,OLD Archive (Unclassified),TIER_D,THUMBNAIL_ONLY,ARCHIVE,TIER_3,YES,NO,,OLD,OLD,GSL-010..JPG,IMAGE,LOW,1200,1200,454728,d7621b12fd55e380072bcfd7008bbfd20512b9ab2f2b6233b04d1527a2eda241,Archive catch-all
AST-000589,PRJ-LOCAL-0900,ARCHIVE_BUCKET,OLD Archive (Unclassified),TIER_D,THUMBNAIL_ONLY,ARCHIVE,TIER_1,YES,NO,,OLD,OLD,GSL-012.JPG,IMAGE,HIGH,2500,2500,2257762,6185a1a9c5a37b2356d1a9b67c0cd1de232f3484aaab8090b909576a4ba1eba4,Archive catch-all
AST-000590,PRJ-LOCAL-0900,ARCHIVE_BUCKET,OLD Archive (Unclassified),TIER_D,THUMBNAIL_ONLY,ARCHIVE,TIER_3,YES,NO,DUP-00299,OLD,OLD,GSL-013-1.JPG,IMAGE,LOW,1200,1600,1183420,4e7b68f201edbeee66e4e79c23a4fd728760af04adb2adcc7f7059acdd4722f5,Archive catch-all
AST-000591,PRJ-LOCAL-0900,ARCHIVE_BUCKET,OLD Archive (Unclassified),TIER_D,THUMBNAIL_ONLY,ARCHIVE,TIER_3,YES,NO,DUP-00300,OLD,OLD,GSL-014-1.JPG,IMAGE,LOW,1280,1201,859611,8f8ae7a675e3495e904bed3c8035f720a8df00a62d4ecfdf2783f63828e44c5c,Archive catch-all
AST-000592,PRJ-LOCAL-0900,ARCHIVE_BUCKET,OLD Archive (Unclassified),TIER_D,THUMBNAIL_ONLY,ARCHIVE,TIER_3,YES,NO,,OLD,OLD,GSL-015.JPG,IMAGE,LOW,984,848,454994,44857e726d96b3f3a8234e084151af5260dd6cd38a33b73126ad90e74af518b8,Archive catch-all
AST-000593,PRJ-LOCAL-0900,ARCHIVE_BUCKET,OLD Archive (Unclassified),TIER_D,THUMBNAIL_ONLY,ARCHIVE,TIER_3,YES,NO,,OLD,OLD,GSL-018.JPG,IMAGE,LOW,1280,1201,979795,70078a795f734bd8aae1dd90bb6b873d47a31e38297c611919616a7aa05298e9,Archive catch-all
AST-000594,PRJ-LOCAL-0900,ARCHIVE_BUCKET,OLD Archive (Unclassified),TIER_D,THUMBNAIL_ONLY,ARCHIVE,TIER_3,YES,NO,,OLD,OLD,GSL-020.JPG,IMAGE,LOW,1600,917,702748,8c7ab4c9e7102536b7db13b0810ad05957c2cc6cabd5f82d3dcce1b9272fad46,Archive catch-all
AST-000595,PRJ-LOCAL-0900,ARCHIVE_BUCKET,OLD Archive (Unclassified),TIER_D,THUMBNAIL_ONLY,ARCHIVE,TIER_3,YES,NO,DUP-00301,OLD,OLD,GUN-R026-2.jpg,IMAGE,LOW,1200,800,92703,05eab0b98083ffd12ab7946ce0d907e618ce542853cefa91c4d864b595d56c73,Archive catch-all
AST-000596,PRJ-LOCAL-0900,ARCHIVE_BUCKET,OLD Archive (Unclassified),TIER_D,THUMBNAIL_ONLY,ARCHIVE,TIER_3,YES,NO,,OLD,OLD,GUN-R038.JPG,IMAGE,LOW,1200,799,191230,b18ec4144431e83395f712bc19eb7457684d6c99f91fc8bd3d0d2ad781bedf9b,Archive catch-all
AST-000597,PRJ-LOCAL-0900,ARCHIVE_BUCKET,OLD Archive (Unclassified),TIER_D,THUMBNAIL_ONLY,ARCHIVE,TIER_3,YES,NO,DUP-00302,OLD,OLD,HED-P015a.jpg,IMAGE,LOW,800,1200,621988,4bb590efe981151d14dcd3d5ea0f38a367fb7ab2218772478da4ba5f738afd5a,Archive catch-all
AST-000598,PRJ-LOCAL-0900,ARCHIVE_BUCKET,OLD Archive (Unclassified),TIER_D,THUMBNAIL_ONLY,ARCHIVE,TIER_3,YES,NO,DUP-00303,OLD,OLD,HED-P016b.jpg,IMAGE,LOW,1600,1212,1311527,4672b26e7f754d5948e7fc1191e7242a0aac29bf5b5c0c762af21ddc4cc0c445,Archive catch-all
AST-000599,PRJ-LOCAL-0900,ARCHIVE_BUCKET,OLD Archive (Unclassified),TIER_D,THUMBNAIL_ONLY,ARCHIVE,TIER_3,YES,NO,,OLD,OLD,HED-P017b.jpg,IMAGE,LOW,1600,1198,1290084,3323ce6f6066291abcd5116e27ced494607e8602f0eeb7366a937f1c28372892,Archive catch-all
AST-000600,PRJ-LOCAL-0900,ARCHIVE_BUCKET,OLD Archive (Unclassified),TIER_D,THUMBNAIL_ONLY,ARCHIVE,TIER_2,YES,NO,DUP-00304,OLD,OLD,HED-P018a.jpg,IMAGE,MEDIUM,1869,1500,741649,0d963285f7337a97bd506e886692784d535129140feb8e5ffc5116c6948f7ee2,Archive catch-all
AST-000601,PRJ-LOCAL-0900,ARCHIVE_BUCKET,OLD Archive (Unclassified),TIER_D,THUMBNAIL_ONLY,ARCHIVE,TIER_3,YES,NO,,OLD,OLD,HED-P046.jpg,IMAGE,LOW,1200,667,359107,de8d790808e1149f73738b5b81146636d6c5c181fc8e1b02d2fd7996f40e2f0f,Archive catch-all
AST-000602,PRJ-LOCAL-0900,ARCHIVE_BUCKET,OLD Archive (Unclassified),TIER_D,THUMBNAIL_ONLY,ARCHIVE,TIER_3,YES,NO,,OLD,OLD,HED-P049.jpg,IMAGE,LOW,1200,667,320006,025b5a0c00b19319c5a25f94007215edeebfd95ccf3632ee9fbb9ece00248c5a,Archive catch-all
AST-000603,PRJ-LOCAL-0900,ARCHIVE_BUCKET,OLD Archive (Unclassified),TIER_D,THUMBNAIL_ONLY,ARCHIVE,TIER_3,YES,NO,,OLD,OLD,HED-P053.jpg,IMAGE,LOW,1300,722,240676,7d15446330dd7c7a5deb0bd235de9cd8750ba330a34f2bfe1c334c03de4fa627,Archive catch-all
AST-000604,PRJ-LOCAL-0900,ARCHIVE_BUCKET,OLD Archive (Unclassified),TIER_D,THUMBNAIL_ONLY,ARCHIVE,TIER_2,YES,NO,DUP-00305,OLD,OLD,HED-R004.jpg,IMAGE,MEDIUM,2490,1992,772931,20484ef55eb6b42f52240c2da37fd265c8475ebb040feae9b60557668a1c2e69,Archive catch-all
AST-000605,PRJ-LOCAL-0900,ARCHIVE_BUCKET,OLD Archive (Unclassified),TIER_D,THUMBNAIL_ONLY,ARCHIVE,TIER_3,YES,NO,,OLD,OLD,HED-R006.jpg,IMAGE,LOW,1182,1600,270112,ca1f9c5cd5b5859ed7147aedcb041965f363d0324dee49468d93fa7cb583c7d7,Archive catch-all
AST-000606,PRJ-LOCAL-0900,ARCHIVE_BUCKET,OLD Archive (Unclassified),TIER_D,THUMBNAIL_ONLY,ARCHIVE,TIER_1,YES,NO,,OLD,OLD,HP.jpg,IMAGE,VERY_HIGH,4961,3508,2985302,322948040940c5f50bb9c2a69e78b335bdd9f0d60cd363625435fefddfb9cc5b,Archive catch-all
AST-000607,PRJ-LOCAL-0900,ARCHIVE_BUCKET,OLD Archive (Unclassified),TIER_D,THUMBNAIL_ONLY,ARCHIVE,TIER_2,YES,NO,DUP-00306,OLD,OLD,HPS-019.JPG,IMAGE,MEDIUM,1800,2300,677937,61f084064593d3d5cafe857460f568fb31d07f8085eaa11d470e1ada230d291c,Archive catch-all
AST-000608,PRJ-LOCAL-0900,ARCHIVE_BUCKET,OLD Archive (Unclassified),TIER_D,THUMBNAIL_ONLY,ARCHIVE,TIER_2,YES,NO,,OLD,OLD,HPS-020.JPG,IMAGE,MEDIUM,1800,2200,660952,0422139e8d5628d62ef699e780ba2fb1ab9f26be625427650f6b35daebd93ac5,Archive catch-all
AST-000609,PRJ-LOCAL-0900,ARCHIVE_BUCKET,OLD Archive (Unclassified),TIER_D,THUMBNAIL_ONLY,ARCHIVE,TIER_2,YES,NO,,OLD,OLD,HPS-021.jpg,IMAGE,MEDIUM,1800,2300,668830,abea3e658c676126dbdb4a9f3475ea9e0e6cb302a4a48dc309ae7b45fd4efa33,Archive catch-all
AST-000610,PRJ-LOCAL-0900,ARCHIVE_BUCKET,OLD Archive (Unclassified),TIER_D,THUMBNAIL_ONLY,ARCHIVE,TIER_2,YES,NO,,OLD,OLD,HPS-028.jpg,IMAGE,MEDIUM,1800,2300,636723,3c1aeca0955960b7ed82c24d5d4ed6f1c85afd08701654d0797eace2fa572535,Archive catch-all
AST-000611,PRJ-LOCAL-0900,ARCHIVE_BUCKET,OLD Archive (Unclassified),TIER_D,THUMBNAIL_ONLY,ARCHIVE,TIER_3,YES,NO,DUP-00307,OLD,OLD,HPS-031.jpg,IMAGE,LOW,1605,1205,829280,5c9929bbe7675a425f4f3d61bc5b7fa18a63ea3366bd5be0d9d1058ea0453d07,Archive catch-all
AST-000612,PRJ-LOCAL-0900,ARCHIVE_BUCKET,OLD Archive (Unclassified),TIER_D,THUMBNAIL_ONLY,ARCHIVE,TIER_3,YES,NO,DUP-00308,OLD,OLD,HPS-032.jpg,IMAGE,LOW,1200,904,497001,f8b5846843232f2c020e7cdee1cd626445f10eb3f7a925eba1e6ea702553d28c,Archive catch-all
AST-000613,PRJ-LOCAL-0900,ARCHIVE_BUCKET,OLD Archive (Unclassified),TIER_D,THUMBNAIL_ONLY,ARCHIVE,TIER_3,YES,NO,DUP-00309,OLD,OLD,HPS-033.JPG,IMAGE,LOW,1600,1200,1009485,c2aa9a6a85f3d741cb8971863b93f9c8ee3fcec5bcf9b5e920d3ee577f476979,Archive catch-all
AST-000614,PRJ-LOCAL-0900,ARCHIVE_BUCKET,OLD Archive (Unclassified),TIER_D,THUMBNAIL_ONLY,ARCHIVE,TIER_3,YES,NO,DUP-00310,OLD,OLD,HPS-034.jpg,IMAGE,LOW,1400,931,665791,6069da92c014d343a75d104da20a057e8d9286db6f48171e9921d53d7f542714,Archive catch-all
AST-000615,PRJ-LOCAL-0900,ARCHIVE_BUCKET,OLD Archive (Unclassified),TIER_D,THUMBNAIL_ONLY,ARCHIVE,TIER_3,YES,NO,,OLD,OLD,HPS-P014.jpg,IMAGE,LOW,1200,600,271186,fec446e772f58be37388fe78bf7b54eca9bdfb7fc51c18f3ab06e6fa8a8a99f0,Archive catch-all
AST-000616,PRJ-LOCAL-0900,ARCHIVE_BUCKET,OLD Archive (Unclassified),TIER_D,THUMBNAIL_ONLY,ARCHIVE,TIER_3,YES,NO,,OLD,OLD,HPS-P015.jpg,IMAGE,LOW,1200,600,290176,9959d246c02071d49168de0939aac6bb5a52671823b55cbfae57c0ff2f4c2452,Archive catch-all
AST-000617,PRJ-LOCAL-0900,ARCHIVE_BUCKET,OLD Archive (Unclassified),TIER_D,THUMBNAIL_ONLY,ARCHIVE,TIER_3,YES,NO,,OLD,OLD,HPS-P016.jpg,IMAGE,LOW,1000,1200,375643,3db92f85698f6e8b9799fc2c7010b50623542122f8d2b803135a12c2c835f635,Archive catch-all
AST-000618,PRJ-LOCAL-0900,ARCHIVE_BUCKET,OLD Archive (Unclassified),TIER_D,THUMBNAIL_ONLY,ARCHIVE,TIER_1,YES,NO,,OLD,OLD,IMG 2014-05-05-CONCEPT SKETCHES - 000.jpg,IMAGE,VERY_HIGH,5100,3300,2945708,56c0a490e9e70eb46e6ceada3800f3c408e20c69d602b0a525e86bf09f407881,Archive catch-all
AST-000619,PRJ-LOCAL-0900,ARCHIVE_BUCKET,OLD Archive (Unclassified),TIER_D,THUMBNAIL_ONLY,ARCHIVE,TIER_1,YES,NO,,OLD,OLD,IMG 2014-05-05-CONCEPT SKETCHES - 001.jpg,IMAGE,VERY_HIGH,5100,3300,3075545,e0b369c143f669e6ba0e1e6539f14f0ffa1404edd55c04a7d74b799917a43886,Archive catch-all
AST-000620,PRJ-LOCAL-0900,ARCHIVE_BUCKET,OLD Archive (Unclassified),TIER_D,THUMBNAIL_ONLY,ARCHIVE,TIER_1,YES,NO,,OLD,OLD,IMG 2014-05-05-CONCEPT SKETCHES - 002.jpg,IMAGE,VERY_HIGH,5100,3300,3299513,4007ebaea40db99d3f1ec84d8526ba0337693d291b0b78a1923e2cdd8a0619ee,Archive catch-all
AST-000621,PRJ-LOCAL-0900,ARCHIVE_BUCKET,OLD Archive (Unclassified),TIER_D,THUMBNAIL_ONLY,ARCHIVE,TIER_1,YES,NO,,OLD,OLD,IMG 2014-05-05-CONCEPT SKETCHES - 003.jpg,IMAGE,VERY_HIGH,5100,3300,2943066,fb17d84d09f53faa570df895238c3e1adbb4cfbc5bfb38b538dfafa1229e4ae9,Archive catch-all
AST-000622,PRJ-LOCAL-0900,ARCHIVE_BUCKET,OLD Archive (Unclassified),TIER_D,THUMBNAIL_ONLY,ARCHIVE,TIER_1,YES,NO,,OLD,OLD,IMG 2014-05-05-CONCEPT SKETCHES - 004.jpg,IMAGE,VERY_HIGH,5100,3300,2979045,35943eed111a92c007e94d01572b11072147372856492afc842d7b485847bf81,Archive catch-all
AST-000623,PRJ-LOCAL-0900,ARCHIVE_BUCKET,OLD Archive (Unclassified),TIER_D,THUMBNAIL_ONLY,ARCHIVE,TIER_1,YES,NO,,OLD,OLD,IMG 2014-05-05-CONCEPT SKETCHES - 005.jpg,IMAGE,VERY_HIGH,5100,3300,2714549,605e58f960a11930e35bce44c55dd32d2e94b804c2d3bc6c2da4524850eedc72,Archive catch-all
AST-000624,PRJ-LOCAL-0900,ARCHIVE_BUCKET,OLD Archive (Unclassified),TIER_D,THUMBNAIL_ONLY,ARCHIVE,TIER_1,YES,NO,,OLD,OLD,IMG 2014-05-05-CONCEPT SKETCHES - 006.jpg,IMAGE,VERY_HIGH,5100,3300,3209927,303d99c8010d84f4a2a3a1ebbf48b23e43be61b7c43b0df56f9eb1d803d2fa66,Archive catch-all
AST-000625,PRJ-LOCAL-0900,ARCHIVE_BUCKET,OLD Archive (Unclassified),TIER_D,THUMBNAIL_ONLY,ARCHIVE,TIER_1,YES,NO,,OLD,OLD,IMG 2014-05-05-CONCEPT SKETCHES - 007.jpg,IMAGE,VERY_HIGH,4961,3203,4849490,7f06c4e801201432d326741d84b1b3411d797d07575b669b039b45a897fc311c,Archive catch-all
AST-000626,PRJ-LOCAL-0900,ARCHIVE_BUCKET,OLD Archive (Unclassified),TIER_D,THUMBNAIL_ONLY,ARCHIVE,TIER_1,YES,NO,,OLD,OLD,IMG 2014-05-05-CONCEPT SKETCHES - 008.jpg,IMAGE,VERY_HIGH,5100,3300,3136867,26cf58a91177fae6e36054af3ac55b748866db64ba960204852b82f8ebd15b36,Archive catch-all
AST-000627,PRJ-LOCAL-0900,ARCHIVE_BUCKET,OLD Archive (Unclassified),TIER_D,THUMBNAIL_ONLY,ARCHIVE,TIER_1,YES,NO,,OLD,OLD,IMG 2014-05-05-CONCEPT SKETCHES - 009.jpg,IMAGE,VERY_HIGH,5100,3300,3189193,0341bccaf67ebab2d299240cc8af4addac3e1ba4480bf3fbc02c2568d28e097e,Archive catch-all
AST-000628,PRJ-LOCAL-0900,ARCHIVE_BUCKET,OLD Archive (Unclassified),TIER_D,THUMBNAIL_ONLY,ARCHIVE,TIER_1,YES,NO,,OLD,OLD,IMG 2014-05-05-CONCEPT SKETCHES - 010.jpg,IMAGE,VERY_HIGH,4961,3203,3809386,aa9a738e6a73b2085d0ecb1b5525c9c723314dce152b8d4aa3ddf2975a632627,Archive catch-all
AST-000629,PRJ-LOCAL-0900,ARCHIVE_BUCKET,OLD Archive (Unclassified),TIER_D,THUMBNAIL_ONLY,ARCHIVE,TIER_1,YES,NO,,OLD,OLD,IMG 2014-05-05-CONCEPT SKETCHES - 011.jpg,IMAGE,VERY_HIGH,4961,3203,3503399,728d29e92df22e16b736d8199b30e489c4fa8069ca262eddecaa60f0c7e13bd2,Archive catch-all
AST-000630,PRJ-LOCAL-0900,ARCHIVE_BUCKET,OLD Archive (Unclassified),TIER_D,THUMBNAIL_ONLY,ARCHIVE,TIER_1,YES,NO,,OLD,OLD,IMG 2014-05-05-CONCEPT SKETCHES - 012.jpg,IMAGE,VERY_HIGH,4961,3203,3341788,66b437d731d7e9791ba30d0028f128a86489cca4772ca43f78bc466efa620802,Archive catch-all
AST-000631,PRJ-LOCAL-0900,ARCHIVE_BUCKET,OLD Archive (Unclassified),TIER_D,THUMBNAIL_ONLY,ARCHIVE,TIER_1,YES,NO,,OLD,OLD,IMG 2014-05-05-CONCEPT SKETCHES - 013.jpg,IMAGE,VERY_HIGH,5100,3300,3525566,64af5ca2ecfaf13afcbd2d9138548fe3bfaf94a4dcc39403a0b3ddc0cd027a8d,Archive catch-all
AST-000632,PRJ-LOCAL-0900,ARCHIVE_BUCKET,OLD Archive (Unclassified),TIER_D,THUMBNAIL_ONLY,ARCHIVE,TIER_1,YES,NO,,OLD,OLD,IMG 2014-05-05-CONCEPT SKETCHES - 014.jpg,IMAGE,VERY_HIGH,4961,3203,3873468,c95568b3af3ea07ff5974c1e0a0d76f8221400356aa5eedf4339f1895a00f3af,Archive catch-all
AST-000633,PRJ-LOCAL-0900,ARCHIVE_BUCKET,OLD Archive (Unclassified),TIER_D,THUMBNAIL_ONLY,ARCHIVE,TIER_1,YES,NO,,OLD,OLD,IMG 2014-05-05-CONCEPT SKETCHES - 015.jpg,IMAGE,VERY_HIGH,4961,3203,2996611,7ad3731880260fc597bf51fdfe29234ce53f85df80c1b43b2d5fe452c54dee43,Archive catch-all
AST-000634,PRJ-LOCAL-0900,ARCHIVE_BUCKET,OLD Archive (Unclassified),TIER_D,THUMBNAIL_ONLY,ARCHIVE,TIER_1,YES,NO,,OLD,OLD,IMG 2014-05-05-CONCEPT SKETCHES - 017.jpg,IMAGE,VERY_HIGH,4961,3203,2983728,277979a8be8b2ed254d2821cc6add30d3cb426c5a12a24a88a2a97b13169b83b,Archive catch-all
AST-000635,PRJ-LOCAL-0900,ARCHIVE_BUCKET,OLD Archive (Unclassified),TIER_D,THUMBNAIL_ONLY,ARCHIVE,TIER_1,YES,NO,,OLD,OLD,IMG 2014-05-05-CONCEPT SKETCHES - 018.jpg,IMAGE,VERY_HIGH,4961,3203,4507237,314ae2896a4b1e1b5c480431ec7452c97047a75460a7d5354cc5aae466819647,Archive catch-all
AST-000636,PRJ-LOCAL-0900,ARCHIVE_BUCKET,OLD Archive (Unclassified),TIER_D,THUMBNAIL_ONLY,ARCHIVE,TIER_1,YES,NO,,OLD,OLD,IMG 2014-05-05-CONCEPT SKETCHES - 019.jpg,IMAGE,VERY_HIGH,5100,3300,3023071,b5ca69252c8f94d027ca6a8d2a8cdcf9047b3d97b59bf9a3891dac35f3050251,Archive catch-all
AST-000637,PRJ-LOCAL-0900,ARCHIVE_BUCKET,OLD Archive (Unclassified),TIER_D,THUMBNAIL_ONLY,ARCHIVE,TIER_1,YES,NO,,OLD,OLD,IMG 20140505-CONCEPT SKETCHES - 020.jpg,IMAGE,VERY_HIGH,4961,3203,3523864,16c905280e063b1ca9e136072f0d6dcc4b7e828bc64203f29aef2e700373462c,Archive catch-all
AST-000638,PRJ-LOCAL-0900,ARCHIVE_BUCKET,OLD Archive (Unclassified),TIER_D,THUMBNAIL_ONLY,ARCHIVE,TIER_3,YES,NO,DUP-00311,OLD,OLD,IPM-001_BTD.jpg,IMAGE,LOW,1024,768,61615,eac2fea168c9eb63e3e59f0bebd29a0a5a11116d4cf3822b1b4c5d3044b58ff9,Archive catch-all
AST-000639,PRJ-LOCAL-0900,ARCHIVE_BUCKET,OLD Archive (Unclassified),TIER_D,THUMBNAIL_ONLY,ARCHIVE,TIER_4,YES,NO,DUP-00312,OLD,OLD,IPM-009_LR.JPG,IMAGE,VERY_LOW,800,533,207685,41e4960f32719890938be040e6c3d53218bf6cce815f24afbd02738e46eea48b,Archive catch-all
AST-000640,PRJ-LOCAL-0900,ARCHIVE_BUCKET,OLD Archive (Unclassified),TIER_D,THUMBNAIL_ONLY,ARCHIVE,TIER_2,YES,NO,DUP-00313,OLD,OLD,IPM-010_LR.JPG,IMAGE,MEDIUM,2048,1593,1575297,4204c9dc057833485603633d8936dae7a8d2561704f2c34b3cdace3eadafb364,Archive catch-all
AST-000641,PRJ-LOCAL-0900,ARCHIVE_BUCKET,OLD Archive (Unclassified),TIER_D,THUMBNAIL_ONLY,ARCHIVE,TIER_2,YES,NO,,OLD,OLD,IPM-013.JPG,IMAGE,MEDIUM,2000,1500,452128,f67e18dd404442a724a7e73ac51865ce84a9ba69d8520b781a8d9cf077d9c53b,Archive catch-all
AST-000642,PRJ-LOCAL-0900,ARCHIVE_BUCKET,OLD Archive (Unclassified),TIER_D,THUMBNAIL_ONLY,ARCHIVE,TIER_3,YES,NO,DUP-00314,OLD,OLD,IPM-1_LR.jpg,IMAGE,LOW,1600,1200,900051,864d11087dce7f5e64cad686a91483b7aaf32a6655a0d417b5dbdbe4bc5021d2,Archive catch-all
AST-000643,PRJ-LOCAL-0900,ARCHIVE_BUCKET,OLD Archive (Unclassified),TIER_D,THUMBNAIL_ONLY,ARCHIVE,TIER_2,YES,NO,DUP-00315,OLD,OLD,IPM-2_LR.jpg,IMAGE,MEDIUM,2448,1632,1722806,8a18eecc0384ff42c4c7e3df71e9134d273c6294d77d66e6d07d1dc406f6038b,Archive catch-all
AST-000644,PRJ-LOCAL-0900,ARCHIVE_BUCKET,OLD Archive (Unclassified),TIER_D,THUMBNAIL_ONLY,ARCHIVE,TIER_2,YES,NO,,OLD,OLD,IPM-3_LR.JPG,IMAGE,MEDIUM,2000,1200,572726,c8ee46da7ad0e205c1fb0decb113df2e4b0df4ac30f739837cdfb28ed007e7da,Archive catch-all
AST-000645,PRJ-LOCAL-0900,ARCHIVE_BUCKET,OLD Archive (Unclassified),TIER_D,THUMBNAIL_ONLY,ARCHIVE,TIER_3,YES,NO,,OLD,OLD,JWA-R094.jpeg,IMAGE,LOW,1500,844,465811,4cee98bec51b41951dfbac8000e7235e1540db8c09cbc398320c612b11bc4ea4,Archive catch-all
AST-000646,PRJ-LOCAL-0900,ARCHIVE_BUCKET,OLD Archive (Unclassified),TIER_D,THUMBNAIL_ONLY,ARCHIVE,TIER_3,YES,NO,,OLD,OLD,JWA-R095.jpeg,IMAGE,LOW,1500,844,112474,24b57a05d9333f1c242b07be0f9ff41757aed08c5764994cefd19221ed87f3cb,Archive catch-all
AST-000647,PRJ-LOCAL-0900,ARCHIVE_BUCKET,OLD Archive (Unclassified),TIER_D,THUMBNAIL_ONLY,ARCHIVE,TIER_3,YES,NO,,OLD,OLD,JWA-R096.jpeg,IMAGE,LOW,1500,844,241024,d0f608fd08f737ab78ef1a484c72d693f8aec95db3a74f42803bcb7657315ad6,Archive catch-all
AST-000648,PRJ-LOCAL-0900,ARCHIVE_BUCKET,OLD Archive (Unclassified),TIER_D,THUMBNAIL_ONLY,ARCHIVE,TIER_3,YES,NO,,OLD,OLD,JWA-R097.jpeg,IMAGE,LOW,1500,844,282672,6cfce62b050973c99e84cef5d06b4aaae5746fe01377ad3496c3cec0e3cf6c58,Archive catch-all
AST-000649,PRJ-LOCAL-0900,ARCHIVE_BUCKET,OLD Archive (Unclassified),TIER_D,THUMBNAIL_ONLY,ARCHIVE,TIER_3,YES,NO,,OLD,OLD,JWA-R098.jpg,IMAGE,LOW,1235,684,253034,7c5814c4471ed187508407ef9a8968806cc94e325106029b21bc2deb3b3a4b3f,Archive catch-all
AST-000650,PRJ-LOCAL-0900,ARCHIVE_BUCKET,OLD Archive (Unclassified),TIER_D,THUMBNAIL_ONLY,ARCHIVE,TIER_3,YES,NO,,OLD,OLD,JWA-R100.jpeg,IMAGE,LOW,1500,844,274882,ca67d7a812ce227fd5127cf5ff6b54ed20ce991ce26ae30ada01d56943ad5c5a,Archive catch-all
AST-000651,PRJ-LOCAL-0900,ARCHIVE_BUCKET,OLD Archive (Unclassified),TIER_D,THUMBNAIL_ONLY,ARCHIVE,TIER_3,YES,NO,,OLD,OLD,JWA-R101.jpeg,IMAGE,LOW,1500,844,280810,bac16d6bab12a9259347906e28d698718ccae3a2c4c252f1d511784eab361f76,Archive catch-all
AST-000652,PRJ-LOCAL-0900,ARCHIVE_BUCKET,OLD Archive (Unclassified),TIER_D,THUMBNAIL_ONLY,ARCHIVE,TIER_3,YES,NO,DUP-00316,OLD,OLD,LAS-R045.JPG,IMAGE,LOW,1600,1068,634739,ecfe2d662dc39f46fa3204d849d0ea1e2cf8718100751cd96eb0e22082afe64c,Archive catch-all
AST-000653,PRJ-LOCAL-0900,ARCHIVE_BUCKET,OLD Archive (Unclassified),TIER_D,THUMBNAIL_ONLY,ARCHIVE,TIER_2,YES,NO,DUP-00317,OLD,OLD,LAS-R046.JPG,IMAGE,MEDIUM,2000,1200,151707,2e05dc41938004f0e06e2f446bf747cd3b3898f87ad3f451b6b6337a289eb8e6,Archive catch-all
AST-000654,PRJ-LOCAL-0900,ARCHIVE_BUCKET,OLD Archive (Unclassified),TIER_D,THUMBNAIL_ONLY,ARCHIVE,TIER_1,YES,NO,DUP-00318,OLD,OLD,MCA-R022-2.jpg,IMAGE,HIGH,3780,2517,561400,16ca24de622de3bcadf467c02ab1b3d16bb4dfac844f6d787bdbf9bfe3c9d9c8,Archive catch-all
AST-000655,PRJ-LOCAL-0900,ARCHIVE_BUCKET,OLD Archive (Unclassified),TIER_D,THUMBNAIL_ONLY,ARCHIVE,TIER_2,YES,NO,DUP-00319,OLD,OLD,MCA-R027.jpg,IMAGE,MEDIUM,2000,1333,197938,96d2cfc6a93c4750db548268f169d8dd4c8d86b1837fe00fee0947d2ad6bb009,Archive catch-all
AST-000656,PRJ-LOCAL-0900,ARCHIVE_BUCKET,OLD Archive (Unclassified),TIER_D,THUMBNAIL_ONLY,ARCHIVE,TIER_1,YES,NO,,OLD,OLD,MCA-R031.jpg,IMAGE,HIGH,4000,2664,883466,7d31b3d5e5b512560109f6d14b130041759d9edb8e6bbae8c1f06b3d0a28490d,Archive catch-all
AST-000657,PRJ-LOCAL-0900,ARCHIVE_BUCKET,OLD Archive (Unclassified),TIER_D,THUMBNAIL_ONLY,ARCHIVE,TIER_1,YES,NO,DUP-00320,OLD,OLD,MCA-R032-2.jpg,IMAGE,VERY_HIGH,8333,5000,1626773,0d47b70e171d40dde4fedbb7fc3979dfd9559a6b2fe1024d349e061492aabe72,Archive catch-all
AST-000658,PRJ-LOCAL-0900,ARCHIVE_BUCKET,OLD Archive (Unclassified),TIER_D,THUMBNAIL_ONLY,ARCHIVE,TIER_2,YES,NO,DUP-00321,OLD,OLD,MCA-R033.jpg,IMAGE,MEDIUM,3000,1998,2021807,ea7ba4e0d0410bf8336c8d32a6801fa912089abb4c53bccf74c3138b0023911e,Archive catch-all
AST-000659,PRJ-LOCAL-0900,ARCHIVE_BUCKET,OLD Archive (Unclassified),TIER_D,THUMBNAIL_ONLY,ARCHIVE,TIER_2,YES,NO,DUP-00322,OLD,OLD,MCA-R034.jpg,IMAGE,MEDIUM,2000,1332,1285722,ff55b0214e43f10316dd0582e5fb874d3c579b2452bda31f5099b328315ff170,Archive catch-all
AST-000660,PRJ-LOCAL-0900,ARCHIVE_BUCKET,OLD Archive (Unclassified),TIER_D,THUMBNAIL_ONLY,ARCHIVE,TIER_1,YES,NO,DUP-00323,OLD,OLD,MCA-R035.jpg,IMAGE,HIGH,3000,2004,3210292,a567910afbb075c333b721d1db7f57945690a2b499325ac84b5f8595eff2bc98,Archive catch-all
AST-000661,PRJ-LOCAL-0900,ARCHIVE_BUCKET,OLD Archive (Unclassified),TIER_D,THUMBNAIL_ONLY,ARCHIVE,TIER_3,YES,NO,DUP-00324,OLD,OLD,MEA-R001-51-2014-07-03.jpg,IMAGE,LOW,1500,1125,390255,e601c6f5d94fe281b318feec428fdf1d6c4d2b411157e4487210a78754a6e463,Archive catch-all
AST-000662,PRJ-LOCAL-0900,ARCHIVE_BUCKET,OLD Archive (Unclassified),TIER_D,THUMBNAIL_ONLY,ARCHIVE,TIER_3,YES,NO,DUP-00325,OLD,OLD,MEA-R001-52-2014-07-03.jpg,IMAGE,LOW,1500,1125,413522,efb8aa1b7576b92f00aaa77b799669b619d46f752248e2762f8dd567fd1f0a68,Archive catch-all
AST-000663,PRJ-LOCAL-0900,ARCHIVE_BUCKET,OLD Archive (Unclassified),TIER_D,THUMBNAIL_ONLY,ARCHIVE,TIER_3,YES,NO,,OLD,OLD,MEA-R001-59-2014-07-03.jpg,IMAGE,LOW,1500,1125,573323,1e6c334c159f937529c088c3a3b7c25d1bfc12a228fbda54b64ab6477b53425c,Archive catch-all
AST-000664,PRJ-LOCAL-0900,ARCHIVE_BUCKET,OLD Archive (Unclassified),TIER_D,THUMBNAIL_ONLY,ARCHIVE,TIER_1,YES,NO,DUP-00326,OLD,OLD,MEA-R001-62-2014-07-03.jpg,IMAGE,HIGH,3000,2250,1140880,4efaad9efe2f5183467fd5953509b7252a276bc349b8638f8125185c83135bfd,Archive catch-all
AST-000665,PRJ-LOCAL-0900,ARCHIVE_BUCKET,OLD Archive (Unclassified),TIER_D,THUMBNAIL_ONLY,ARCHIVE,TIER_1,YES,NO,,OLD,OLD,MEA-R001-68-2014-07-14.jpg,IMAGE,HIGH,3000,2250,1491096,5ba11b836f8a80a261635b15aa6c19810c9762cc9cfba22f27dd29a326371eb9,Archive catch-all
AST-000719,PRJ-LOCAL-0100,MULTI_CLIENT_ARCHIVE,OUTSOURCE 60,TIER_D,THUMBNAIL_ONLY,USE_FOR_CAPABILITY_ONLY,TIER_4,YES,NO,,OLD,OUTSOURCE 60,OUTSOURCE 60.zip,ARCHIVE,,,,78251418,b1f229f40f998a9b1b11733a6ff52e499a5fa741be7e5af5e2237ec851d9fd74,
AST-000747,PRJ-LOCAL-0900,ARCHIVE_BUCKET,OLD Archive (Unclassified),TIER_D,THUMBNAIL_ONLY,ARCHIVE,TIER_2,YES,NO,,OLD,OLD,SHE-R016.jpg,IMAGE,MEDIUM,2000,1500,1474466,5ee97299fca1e688b17b4a5817cc48552d9cfed09a77a1ebd8e0ce4f18d0ddba,Archive catch-all
AST-000748,PRJ-LOCAL-0900,ARCHIVE_BUCKET,OLD Archive (Unclassified),TIER_D,THUMBNAIL_ONLY,ARCHIVE,TIER_2,YES,NO,DUP-00327,OLD,OLD,SHE-R021 - Copy.jpg,IMAGE,MEDIUM,2000,1500,1774274,8a00814d4ee6732d23a63350604867bd55401be269d15251f8c2ec360279f1d3,Archive catch-all
AST-000750,PRJ-LOCAL-0900,ARCHIVE_BUCKET,OLD Archive (Unclassified),TIER_D,THUMBNAIL_ONLY,ARCHIVE,TIER_2,YES,NO,DUP-00354,OLD,OLD,SHE-R022 - Copy - Copy.jpg,IMAGE,MEDIUM,2000,1500,1616440,77a4b067fb3eaabfe70e69533677d04c9e75d6735698cfb843ea22e6458f2b2f,Archive catch-all
AST-000753,PRJ-LOCAL-0900,ARCHIVE_BUCKET,OLD Archive (Unclassified),TIER_D,THUMBNAIL_ONLY,ARCHIVE,TIER_2,YES,NO,DUP-00328,OLD,OLD,SHE-R024 - Copy - Copy.jpg,IMAGE,MEDIUM,2000,1500,1673418,0390e7f94f735c72a52699dd040cfa1715f177577c2443b7fca820907827f5fb,Archive catch-all
AST-000756,PRJ-LOCAL-0900,ARCHIVE_BUCKET,OLD Archive (Unclassified),TIER_D,THUMBNAIL_ONLY,ARCHIVE,TIER_3,YES,NO,,OLD,OLD,SMD-025.jpg,IMAGE,LOW,1200,900,650899,d32caf1a721f12be9f6433a9efde45d8cbe01b945ee1a46427e4f5a916b9b271,Archive catch-all
AST-000757,PRJ-LOCAL-0900,ARCHIVE_BUCKET,OLD Archive (Unclassified),TIER_D,THUMBNAIL_ONLY,ARCHIVE,TIER_2,YES,NO,,OLD,OLD,SMD-030.jpg,IMAGE,MEDIUM,2000,1500,880195,42b8fdec0f8b668dc9f674a637b18cd8d516a9140a92e6a746f97353202fce46,Archive catch-all
AST-000758,PRJ-LOCAL-0900,ARCHIVE_BUCKET,OLD Archive (Unclassified),TIER_D,THUMBNAIL_ONLY,ARCHIVE,TIER_2,YES,NO,,OLD,OLD,SMD-031.jpg,IMAGE,MEDIUM,2000,1500,815710,cff89e3ffe4a569aa6cf79fb85ee4fbb57eec878fe0a2b2fd083afb7f00a9140,Archive catch-all
AST-000759,PRJ-LOCAL-0900,ARCHIVE_BUCKET,OLD Archive (Unclassified),TIER_D,THUMBNAIL_ONLY,ARCHIVE,TIER_4,YES,NO,,OLD,OLD,SMD-034.jpg,IMAGE,VERY_LOW,549,366,176024,f23f2e5c896cc0d480f289d6b519a4038d107e3ca897456cc7eb2cb4daaa63e4,Archive catch-all
AST-000760,PRJ-LOCAL-0900,ARCHIVE_BUCKET,OLD Archive (Unclassified),TIER_D,THUMBNAIL_ONLY,ARCHIVE,TIER_3,YES,NO,,OLD,OLD,SMD-043.jpg,IMAGE,LOW,1004,1500,910840,7f5bc378850876353a4b1ac064db7e326a858efb11b8b9d935c5ca5a1b2a86dc,Archive catch-all
AST-000761,PRJ-LOCAL-0900,ARCHIVE_BUCKET,OLD Archive (Unclassified),TIER_D,THUMBNAIL_ONLY,ARCHIVE,TIER_3,YES,NO,,OLD,OLD,SMD-046.jpg,IMAGE,LOW,1300,867,782318,cfee40e362b2583274926162141dad7bb7e05950f662d15f6a3135cb736bfea5,Archive catch-all
AST-000762,PRJ-LOCAL-0900,ARCHIVE_BUCKET,OLD Archive (Unclassified),TIER_D,THUMBNAIL_ONLY,ARCHIVE,TIER_3,YES,NO,,OLD,OLD,SMD-049.jpg,IMAGE,LOW,1600,1062,991742,5093d48f0e3e3e3c02c8aa189e040cb4047dad179c1852466db3454131d66f31,Archive catch-all
AST-000763,PRJ-LOCAL-0900,ARCHIVE_BUCKET,OLD Archive (Unclassified),TIER_D,THUMBNAIL_ONLY,ARCHIVE,TIER_2,YES,NO,,OLD,OLD,SMD-051.jpg,IMAGE,MEDIUM,2000,1500,1046520,0f96361d17451497b89183570a3ecf4760157b5928c5d3dad0906d7a54894ee2,Archive catch-all
AST-000764,PRJ-LOCAL-0900,ARCHIVE_BUCKET,OLD Archive (Unclassified),TIER_D,THUMBNAIL_ONLY,ARCHIVE,TIER_2,YES,NO,,OLD,OLD,SMD-059.jpg,IMAGE,MEDIUM,2000,1500,710601,1f4ab8e790870843feebed322af59a62665c3c6f6e080e93a12f9a5bd98e00b6,Archive catch-all
AST-000765,PRJ-LOCAL-0900,ARCHIVE_BUCKET,OLD Archive (Unclassified),TIER_D,THUMBNAIL_ONLY,ARCHIVE,TIER_2,YES,NO,,OLD,OLD,SMD-060.jpg,IMAGE,MEDIUM,2000,1500,725447,5b7063ed1ce7cdd144d0b0a15ffd1996aa9acaeb7081406d87dd87e5ba358161,Archive catch-all
AST-000766,PRJ-LOCAL-0900,ARCHIVE_BUCKET,OLD Archive (Unclassified),TIER_D,THUMBNAIL_ONLY,ARCHIVE,TIER_2,YES,NO,,OLD,OLD,SMD-062.jpg,IMAGE,MEDIUM,1448,1384,782090,8e9b7d0383efd7ed11f070b872aec1d6a7f9915a11c51e29448f7b6ebf49ee08,Archive catch-all
AST-000767,PRJ-LOCAL-0900,ARCHIVE_BUCKET,OLD Archive (Unclassified),TIER_D,THUMBNAIL_ONLY,ARCHIVE,TIER_2,YES,NO,,OLD,OLD,STH-R01.jpg,IMAGE,MEDIUM,2000,2831,1768481,c9e038ff540f540ae9bad394f9efd6f6d2a518be9bfaa1197db3b0a19398ea72,Archive catch-all
AST-000768,PRJ-LOCAL-0900,ARCHIVE_BUCKET,OLD Archive (Unclassified),TIER_D,THUMBNAIL_ONLY,ARCHIVE,TIER_3,YES,NO,,OLD,OLD,StandingPoseGreenman2.jpg,IMAGE,LOW,1401,1401,136770,64f2719b7a61fb4c1f838250ed4f9f4d9d4bc19c0256ec6a9c9b857d5bd00d42,Archive catch-all
AST-000769,PRJ-LOCAL-0900,ARCHIVE_BUCKET,OLD Archive (Unclassified),TIER_D,THUMBNAIL_ONLY,ARCHIVE,TIER_2,YES,NO,,OLD,OLD,TRA-R107.jpg,IMAGE,MEDIUM,2000,1200,383025,6a7f41772d8214d6b6a2505e4b691bd99ed280069d6d2458be2e10a6e85ba351,Archive catch-all
AST-000770,PRJ-LOCAL-0900,ARCHIVE_BUCKET,OLD Archive (Unclassified),TIER_D,THUMBNAIL_ONLY,ARCHIVE,TIER_2,YES,NO,DUP-00329,OLD,OLD,TRA-R109.jpg,IMAGE,MEDIUM,2000,1332,924434,c456254ac2d8c6262d7d2f7cd22007fae76a89e4ca7f38d189898c8571121f54,Archive catch-all
AST-000771,PRJ-LOCAL-0900,ARCHIVE_BUCKET,OLD Archive (Unclassified),TIER_D,THUMBNAIL_ONLY,ARCHIVE,TIER_2,YES,NO,DUP-00330,OLD,OLD,TRA-R114.JPG,IMAGE,MEDIUM,2000,1200,381696,032b3e34d7be5534ab4769bd8075e592e22c70a011ca8e151714764489c5d84c,Archive catch-all
AST-000772,PRJ-LOCAL-0900,ARCHIVE_BUCKET,OLD Archive (Unclassified),TIER_D,THUMBNAIL_ONLY,ARCHIVE,TIER_2,YES,NO,,OLD,OLD,TRA-R115.JPG,IMAGE,MEDIUM,2000,1200,326680,28905231cfb5882a4bb5a20d773b58486142faee04e55c4d2244c20db522666e,Archive catch-all
AST-000773,PRJ-LOCAL-0900,ARCHIVE_BUCKET,OLD Archive (Unclassified),TIER_D,THUMBNAIL_ONLY,ARCHIVE,TIER_2,YES,NO,DUP-00331,OLD,OLD,TRA-R121.jpg,IMAGE,MEDIUM,2000,1200,437404,2f31b3e3731a38066e1ae8e509ec4c4b7aacc22ba628212a415cb15aec2dfa7a,Archive catch-all
AST-000774,PRJ-LOCAL-0900,ARCHIVE_BUCKET,OLD Archive (Unclassified),TIER_D,THUMBNAIL_ONLY,ARCHIVE,TIER_2,YES,NO,,OLD,OLD,TRA-R124.jpg,IMAGE,MEDIUM,2000,1200,309228,9c5c2780000afd84becde8d696899da3e718bac2ca04b15a8d0bd20b44db2c2f,Archive catch-all
AST-000775,PRJ-LOCAL-0900,ARCHIVE_BUCKET,OLD Archive (Unclassified),TIER_D,THUMBNAIL_ONLY,ARCHIVE,TIER_2,YES,NO,DUP-00332,OLD,OLD,TRB-R086.jpg,IMAGE,MEDIUM,2000,1428,716151,7b3d08e78509cf6e54f22839130c9397fcf3bcf888424343307e60067462fcd3,Archive catch-all
AST-000776,PRJ-LOCAL-0900,ARCHIVE_BUCKET,OLD Archive (Unclassified),TIER_D,THUMBNAIL_ONLY,ARCHIVE,TIER_2,YES,NO,,OLD,OLD,TRB-R092.JPG,IMAGE,MEDIUM,2000,1500,164137,3555bb9b94e5bab40a76f1269d0202610a974e751cff376c7e483aac688e87a3,Archive catch-all
AST-000777,PRJ-LOCAL-0900,ARCHIVE_BUCKET,OLD Archive (Unclassified),TIER_D,THUMBNAIL_ONLY,ARCHIVE,TIER_2,YES,NO,DUP-00333,OLD,OLD,TRB-R094.JPG,IMAGE,MEDIUM,2000,1500,161430,0b730be6c07e69609ba5ebea54cb0d87cb7f6432c59cf5ba4ca5794fa054a899,Archive catch-all
AST-000778,PRJ-LOCAL-0900,ARCHIVE_BUCKET,OLD Archive (Unclassified),TIER_D,THUMBNAIL_ONLY,ARCHIVE,TIER_2,YES,NO,,OLD,OLD,TRB-R095.JPG,IMAGE,MEDIUM,2000,1500,145466,73b67a4a458bf0622c4ffab6ed634995b4b8fab655190388c01ef0fdea2f9a2a,Archive catch-all
AST-000779,PRJ-LOCAL-0900,ARCHIVE_BUCKET,OLD Archive (Unclassified),TIER_D,THUMBNAIL_ONLY,ARCHIVE,TIER_2,YES,NO,,OLD,OLD,TRC-R049.jpg,IMAGE,MEDIUM,2000,1288,660293,813db2792708f5dbf82936e5fa310ddbad5a2a9064c50fbdfa74fafe13fdd465,Archive catch-all
AST-000780,PRJ-LOCAL-0900,ARCHIVE_BUCKET,OLD Archive (Unclassified),TIER_D,THUMBNAIL_ONLY,ARCHIVE,TIER_2,YES,NO,DUP-00334,OLD,OLD,TRC-R052.jpg,IMAGE,MEDIUM,2000,2000,1978274,75b86631ab308cfc80742f59051e34cc698a83e57bec28179f560124e6590d31,Archive catch-all
AST-000781,PRJ-LOCAL-0900,ARCHIVE_BUCKET,OLD Archive (Unclassified),TIER_D,THUMBNAIL_ONLY,ARCHIVE,TIER_1,YES,NO,,OLD,OLD,TRC-R053.jpg,IMAGE,HIGH,3000,2226,2817252,5625adb4230b93e34273d5b97e0d86f3dcdb39520cf86d0fa711c8d0c959695a,Archive catch-all
AST-000782,PRJ-LOCAL-0900,ARCHIVE_BUCKET,OLD Archive (Unclassified),TIER_D,THUMBNAIL_ONLY,ARCHIVE,TIER_3,YES,NO,DUP-00335,OLD,OLD,TRD-R066-2.jpg,IMAGE,LOW,1500,1125,141967,b4d10216e8dc844d83e2a35fbc4ebb76029162f140b3e3473bc41ec5616645dd,Archive catch-all
AST-000783,PRJ-LOCAL-0900,ARCHIVE_BUCKET,OLD Archive (Unclassified),TIER_D,THUMBNAIL_ONLY,ARCHIVE,TIER_3,YES,NO,DUP-00336,OLD,OLD,TRD-R067-2 - Copy.jpg,IMAGE,LOW,1600,1067,150920,7832cebd8e87f41759a95eaafd35ccf53c4f9d6c8f302138c203d06edabe6a11,Archive catch-all
AST-000785,PRJ-LOCAL-0900,ARCHIVE_BUCKET,OLD Archive (Unclassified),TIER_D,THUMBNAIL_ONLY,ARCHIVE,TIER_2,YES,NO,DUP-00355,OLD,OLD,TRD-R068-2 - Copy.jpg,IMAGE,MEDIUM,2000,1336,157937,4c6275defe600ec032793d9e41bba0ad04d8a92256fff0ad1178ea282ebdfcc3,Archive catch-all
AST-000787,PRJ-LOCAL-0900,ARCHIVE_BUCKET,OLD Archive (Unclassified),TIER_D,THUMBNAIL_ONLY,ARCHIVE,TIER_2,YES,NO,DUP-00337,OLD,OLD,TRY-R026.jpg,IMAGE,MEDIUM,2000,1484,292061,2fc7dc7dfd284ee6ff587fc3615018ae68fdd35e587fc240c74e835e7071c84c,Archive catch-all
AST-000788,PRJ-LOCAL-0900,ARCHIVE_BUCKET,OLD Archive (Unclassified),TIER_D,THUMBNAIL_ONLY,ARCHIVE,TIER_2,YES,NO,DUP-00338,OLD,OLD,TRY-R032.jpg,IMAGE,MEDIUM,2000,1332,227398,8df2d13c46096751991e0714bb51003982a46c9dbbd429964e8dc12a0eb4a6b3,Archive catch-all
AST-000789,PRJ-LOCAL-0900,ARCHIVE_BUCKET,OLD Archive (Unclassified),TIER_D,THUMBNAIL_ONLY,ARCHIVE,TIER_2,YES,NO,DUP-00339,OLD,OLD,TRY-R033.JPG,IMAGE,MEDIUM,2000,1200,1268186,1205b4262e54de36f2351ab095c2fed0cdbb8f25afa6a5eeab2da4c084d42967,Archive catch-all
AST-000790,PRJ-LOCAL-0900,ARCHIVE_BUCKET,OLD Archive (Unclassified),TIER_D,THUMBNAIL_ONLY,ARCHIVE,TIER_2,YES,NO,DUP-00340,OLD,OLD,TRY-R038.jpg,IMAGE,MEDIUM,2000,1460,276701,461b6ad8c7d032c48a33d8a280685286366deab06ef424d09cba9ea21e9bf1be,Archive catch-all
AST-000791,PRJ-LOCAL-0900,ARCHIVE_BUCKET,OLD Archive (Unclassified),TIER_D,THUMBNAIL_ONLY,ARCHIVE,TIER_3,YES,NO,,OLD,OLD,TRY-R042-2.jpg,IMAGE,LOW,1200,672,90824,47aab45bf38f822b89279ce6f5d06942d164f58ee81fb93c6180e85816da8108,Archive catch-all
AST-000792,PRJ-LOCAL-0900,ARCHIVE_BUCKET,OLD Archive (Unclassified),TIER_D,THUMBNAIL_ONLY,ARCHIVE,TIER_3,YES,NO,,OLD,OLD,VEN-r10-logo.jpg,IMAGE,LOW,798,1576,483931,c75605369b19c5eaf5763cb8c38505549d41497aaece153ffd9da9136eddbf7d,Archive catch-all
AST-000793,PRJ-LOCAL-0900,ARCHIVE_BUCKET,OLD Archive (Unclassified),TIER_D,THUMBNAIL_ONLY,ARCHIVE,TIER_2,YES,NO,DUP-00341,OLD,OLD,VEN-rendering.jpg,IMAGE,MEDIUM,2000,1330,1572153,2ad044513632196a7ce0149f15a934f9819ef54d4a3802506bbeffa4aa801597,Archive catch-all
AST-000794,PRJ-LOCAL-0900,ARCHIVE_BUCKET,OLD Archive (Unclassified),TIER_D,THUMBNAIL_ONLY,ARCHIVE,TIER_2,YES,NO,DUP-00342,OLD,OLD,VEN-rendering2.jpg,IMAGE,MEDIUM,2500,1875,2374296,b6c31f20a618ffd4197477343550c96a1acf3d68ccd6135a33b758602379d0c4,Archive catch-all
AST-000795,PRJ-LOCAL-0900,ARCHIVE_BUCKET,OLD Archive (Unclassified),TIER_D,THUMBNAIL_ONLY,ARCHIVE,TIER_3,YES,NO,DUP-00343,OLD,OLD,VEN-rendering9.jpg,IMAGE,LOW,1200,1600,483458,2a5ab6301540c23506eb791ad13f90f7f5bc29ca719f38552f6291d0e78add78,Archive catch-all
AST-000796,PRJ-LOCAL-0900,ARCHIVE_BUCKET,OLD Archive (Unclassified),TIER_D,THUMBNAIL_ONLY,ARCHIVE,TIER_2,YES,NO,,OLD,OLD,_AER_27.jpg,IMAGE,MEDIUM,1896,1836,246536,e53c8adec47c43cb45ef1993e681a0749cdd9ded7853e02189a15678fa858ddd,Archive catch-all
AST-000797,PRJ-LOCAL-0900,ARCHIVE_BUCKET,OLD Archive (Unclassified),TIER_D,THUMBNAIL_ONLY,ARCHIVE,TIER_3,YES,NO,,OLD,OLD,avivs.jpg,IMAGE,LOW,917,917,266888,2778d65398b058b36202c1644acac52cf15ddd0250ae467dc29805679ff6e492,Archive catch-all
AST-000798,PRJ-LOCAL-0900,ARCHIVE_BUCKET,OLD Archive (Unclassified),TIER_D,THUMBNAIL_ONLY,ARCHIVE,TIER_2,YES,NO,,OLD,OLD,b.jpg,IMAGE,MEDIUM,3000,1800,2353546,ceacb3d2dd410dc5f6d179c780c3e30a0d250f0f38f43efececd618454dba5b9,Archive catch-all
AST-000799,PRJ-LOCAL-0900,ARCHIVE_BUCKET,OLD Archive (Unclassified),TIER_D,THUMBNAIL_ONLY,ARCHIVE,TIER_3,YES,NO,DUP-00344,OLD,OLD,bot-002a.jpg,IMAGE,LOW,1600,1036,718916,ec1218f48023f31af876823b0304338925db33b717fa92b905f9466b1b19d8a4,Archive catch-all
AST-000800,PRJ-LOCAL-0900,ARCHIVE_BUCKET,OLD Archive (Unclassified),TIER_D,THUMBNAIL_ONLY,ARCHIVE,TIER_3,YES,NO,DUP-00345,OLD,OLD,bot-004.jpg,IMAGE,LOW,1200,1600,396784,5894ea54427f36aa0fe8c6d54e2b8a3725a816e0f32b33cf00ead818f92b093d,Archive catch-all
AST-000801,PRJ-LOCAL-0900,ARCHIVE_BUCKET,OLD Archive (Unclassified),TIER_D,THUMBNAIL_ONLY,ARCHIVE,TIER_3,YES,NO,,OLD,OLD,bot-008.jpg,IMAGE,LOW,1200,1600,529727,6af9bbae1573caf8bdc0e3e736af83e387fcd825ac1c37ebcdca1a9cc58d8058,Archive catch-all
AST-000802,PRJ-LOCAL-0900,ARCHIVE_BUCKET,OLD Archive (Unclassified),TIER_D,THUMBNAIL_ONLY,ARCHIVE,TIER_3,YES,NO,,OLD,OLD,bot-010.jpg,IMAGE,LOW,1200,1600,559021,59166b355cf125a6da2a46e02658a39edf26a6eb4f2ca9b0b07be15d64b1ede6,Archive catch-all
AST-000803,PRJ-LOCAL-0900,ARCHIVE_BUCKET,OLD Archive (Unclassified),TIER_D,THUMBNAIL_ONLY,ARCHIVE,TIER_1,YES,NO,DUP-00346,OLD,OLD,carseat.jpg,IMAGE,VERY_HIGH,5100,3300,2191098,4faf3ed47faed1850d43b82d2a398e28a9b39d18bd86ea74c61109dc8ee43225,Archive catch-all
AST-000804,PRJ-LOCAL-0900,ARCHIVE_BUCKET,OLD Archive (Unclassified),TIER_D,THUMBNAIL_ONLY,ARCHIVE,TIER_3,YES,NO,,OLD,OLD,cup-001.jpg,IMAGE,LOW,1200,900,246999,663cdefca21a62b295cd9694521d01d080a79c8ea47c58d4eca8f7f9ddacecc5,Archive catch-all
AST-000805,PRJ-LOCAL-0900,ARCHIVE_BUCKET,OLD Archive (Unclassified),TIER_D,THUMBNAIL_ONLY,ARCHIVE,TIER_3,YES,NO,,OLD,OLD,cup-006.jpg,IMAGE,LOW,909,700,214456,ba381facc1c7dda558e2b6fcc35c05a13027fab561237e8b592304a5aa009c2e,Archive catch-all
AST-000806,PRJ-LOCAL-0900,ARCHIVE_BUCKET,OLD Archive (Unclassified),TIER_D,THUMBNAIL_ONLY,ARCHIVE,TIER_4,YES,NO,,OLD,OLD,cup-008.jpg,IMAGE,VERY_LOW,640,480,106947,536275ce94d84a0417acff601cd28c186d0fcfda4c5fff3bd4b181af255a65bb,Archive catch-all
AST-000807,PRJ-LOCAL-0900,ARCHIVE_BUCKET,OLD Archive (Unclassified),TIER_D,THUMBNAIL_ONLY,ARCHIVE,TIER_4,YES,NO,,OLD,OLD,cup-011.jpg,IMAGE,VERY_LOW,223,303,52649,ec859cd2c5b0f81f6554f327d0d618c954870686d3e9cdf0ab414ed17a9d43d5,Archive catch-all
AST-000808,PRJ-LOCAL-0900,ARCHIVE_BUCKET,OLD Archive (Unclassified),TIER_D,THUMBNAIL_ONLY,ARCHIVE,TIER_1,YES,NO,,OLD,OLD,desktop.jpg,IMAGE,VERY_HIGH,5100,3300,1808325,79071f3a7fa72b0752c2c9486af259e2b44cc80cc8828799245089a9dad7cf39,Archive catch-all
AST-000809,PRJ-LOCAL-0900,ARCHIVE_BUCKET,OLD Archive (Unclassified),TIER_D,THUMBNAIL_ONLY,ARCHIVE,TIER_3,YES,NO,DUP-00347,OLD,OLD,gun-p018.jpg,IMAGE,LOW,1600,1132,608885,38c3e6546e72c20f77d47d6fae5f96ef30428724fc1b5c3f219014733f9e9330,Archive catch-all
AST-000810,PRJ-LOCAL-0900,ARCHIVE_BUCKET,OLD Archive (Unclassified),TIER_D,THUMBNAIL_ONLY,ARCHIVE,TIER_3,YES,NO,,OLD,OLD,gun-p020.jpg,IMAGE,LOW,1200,977,624120,2f305ad847420ec853a0aa8497ac22c26b505c1921c6480a1a83e330a9148146,Archive catch-all
AST-000811,PRJ-LOCAL-0900,ARCHIVE_BUCKET,OLD Archive (Unclassified),TIER_D,THUMBNAIL_ONLY,ARCHIVE,TIER_3,YES,NO,DUP-00348,OLD,OLD,gun-p021.jpg,IMAGE,LOW,800,1200,465971,626d3e90c3ba03cd875f95c2178191f80b126deab2b6187917692d41b6287382,Archive catch-all
AST-000812,PRJ-LOCAL-0900,ARCHIVE_BUCKET,OLD Archive (Unclassified),TIER_D,THUMBNAIL_ONLY,ARCHIVE,TIER_3,YES,NO,DUP-00349,OLD,OLD,gun-p023.jpg,IMAGE,LOW,1183,900,507939,d1ba180d98ac3deecf0fdb5eb78aaca26725be4997e7f1233c387d961d4aaf52,Archive catch-all
AST-000813,PRJ-LOCAL-0900,ARCHIVE_BUCKET,OLD Archive (Unclassified),TIER_D,THUMBNAIL_ONLY,ARCHIVE,TIER_3,YES,NO,DUP-00350,OLD,OLD,gun-p047.jpg,IMAGE,LOW,963,1200,709860,3d6dbb726df315c99983bc1363056dc9dd6b49b5eca193344ae50c41a56ecb37,Archive catch-all
AST-000814,PRJ-LOCAL-0900,ARCHIVE_BUCKET,OLD Archive (Unclassified),TIER_D,THUMBNAIL_ONLY,ARCHIVE,TIER_1,YES,NO,,OLD,OLD,helmet-research1.jpg,IMAGE,VERY_HIGH,4134,2923,1089467,c199c8f2a345ca92dbdd8c53a25bf16c2c750b883611f3c54ed8a0d187b82821,Archive catch-all
AST-000815,PRJ-LOCAL-0900,ARCHIVE_BUCKET,OLD Archive (Unclassified),TIER_D,THUMBNAIL_ONLY,ARCHIVE,TIER_1,YES,NO,,OLD,OLD,helmet-research2.jpg,IMAGE,VERY_HIGH,4134,2923,1141325,7e67ce1abda5edac3ecd88ae6aa488ef0816302bbee7270932447d79548ecbfc,Archive catch-all
AST-000816,PRJ-LOCAL-0900,ARCHIVE_BUCKET,OLD Archive (Unclassified),TIER_D,THUMBNAIL_ONLY,ARCHIVE,TIER_1,YES,NO,,OLD,OLD,helmet-research3.jpg,IMAGE,VERY_HIGH,4134,2923,994020,edb8433d845e4d2ba9350f0368738edc0c8253404a6d5227ed230743ddee5cf7,Archive catch-all
AST-000817,PRJ-LOCAL-0900,ARCHIVE_BUCKET,OLD Archive (Unclassified),TIER_D,THUMBNAIL_ONLY,ARCHIVE,TIER_1,YES,NO,,OLD,OLD,helmet-research4.jpg,IMAGE,VERY_HIGH,4134,2923,719981,542186339d0918ee11bb8b2ef6ab33e57076803a89b79929d7117c3b7939228e,Archive catch-all
AST-000819,PRJ-LOCAL-0900,ARCHIVE_BUCKET,OLD Archive (Unclassified),TIER_D,THUMBNAIL_ONLY,ARCHIVE,TIER_2,YES,NO,DUP-00351,OLD,OLD,ipm-008_LR.jpg,IMAGE,MEDIUM,2000,1547,1572515,5fac91cf05291af479a58ce813b65a17a6f2c71defdc31a92cddbab93b14bc4f,Archive catch-all
AST-000820,PRJ-LOCAL-0900,ARCHIVE_BUCKET,OLD Archive (Unclassified),TIER_D,THUMBNAIL_ONLY,ARCHIVE,TIER_3,YES,NO,DUP-00352,OLD,OLD,ipm-011_LR.jpg,IMAGE,LOW,1280,853,633182,6da8e91a644b29fefeec66807f9c74ab9d7bafd60cddd62f286a2a381642d17a,Archive catch-all
AST-000821,PRJ-LOCAL-0900,ARCHIVE_BUCKET,OLD Archive (Unclassified),TIER_D,THUMBNAIL_ONLY,ARCHIVE,TIER_1,YES,NO,,OLD,OLD,mouse print.jpg,IMAGE,VERY_HIGH,5100,3300,1848529,d34ac9d2ab5f05e63eabeaeb4c50138ba08e83dccf1ca5efe6d85f5ec7118399,Archive catch-all
AST-000822,PRJ-LOCAL-0900,ARCHIVE_BUCKET,OLD Archive (Unclassified),TIER_D,THUMBNAIL_ONLY,ARCHIVE,TIER_3,YES,NO,,OLD,OLD,option1_pers4.jpg,IMAGE,LOW,1024,768,285725,fcf323eaa9977f9bff1fde9e055f274788d621df0e5b027e7cdf662f1b497ff6,Archive catch-all
AST-000823,PRJ-LOCAL-0900,ARCHIVE_BUCKET,OLD Archive (Unclassified),TIER_D,THUMBNAIL_ONLY,ARCHIVE,TIER_3,YES,NO,,OLD,OLD,option3_detail.jpg,IMAGE,LOW,1024,768,395154,5c6b438124570440dd73046f77d21cac04e8cc84b2f0b50fc37172c1b4d5f453,Archive catch-all
AST-000824,PRJ-LOCAL-0900,ARCHIVE_BUCKET,OLD Archive (Unclassified),TIER_D,THUMBNAIL_ONLY,ARCHIVE,TIER_3,YES,NO,,OLD,OLD,option3_detail2.jpg,IMAGE,LOW,1000,750,421186,29900795d2dd716ebbdf5918eaa996fcb31e7d30756269f7b6c8d368b4ec20c7,Archive catch-all
AST-000825,PRJ-LOCAL-0900,ARCHIVE_BUCKET,OLD Archive (Unclassified),TIER_D,THUMBNAIL_ONLY,ARCHIVE,TIER_3,YES,NO,,OLD,OLD,option3_detail3.jpg,IMAGE,LOW,1000,750,433538,f06f7a6d8ec59270303c6285e22d61fd0f0986ecd5e39f4e967c13345c103a56,Archive catch-all
AST-000826,PRJ-LOCAL-0900,ARCHIVE_BUCKET,OLD Archive (Unclassified),TIER_D,THUMBNAIL_ONLY,ARCHIVE,TIER_3,YES,NO,,OLD,OLD,pic 2.jpg,IMAGE,LOW,800,800,296625,5042baa4573e0916edc0a46969581e6a777d8f53d3627efc81d39c99fec27d65,Archive catch-all
AST-000827,PRJ-LOCAL-0900,ARCHIVE_BUCKET,OLD Archive (Unclassified),TIER_D,THUMBNAIL_ONLY,ARCHIVE,TIER_3,YES,NO,,OLD,OLD,pic 3.jpg,IMAGE,LOW,800,800,297480,a51d3c59aac24694341ce33279c69b47429d3cfbffd264318d1a9865947c9d66,Archive catch-all
AST-000828,PRJ-LOCAL-0900,ARCHIVE_BUCKET,OLD Archive (Unclassified),TIER_D,THUMBNAIL_ONLY,ARCHIVE,TIER_4,YES,NO,,OLD,OLD,rrsport2030_by_bembli-d6auc9i.jpg,IMAGE,VERY_LOW,900,477,82555,f4c11023e60b45a018e9cb42cacd40d714df45e4045a7673aad8db6f4776ec59,Archive catch-all
AST-000829,PRJ-LOCAL-0900,ARCHIVE_BUCKET,OLD Archive (Unclassified),TIER_D,THUMBNAIL_ONLY,ARCHIVE,TIER_3,YES,NO,,OLD,OLD,spaceship_by_bembli-d66cfdv.jpg,IMAGE,LOW,1280,603,98362,ac5de79abee4e54fec4c753f4f4722037c006dfac9c1bbb97b5ee7edf097eef8,Archive catch-all
AST-000830,PRJ-LOCAL-0900,ARCHIVE_BUCKET,OLD Archive (Unclassified),TIER_D,THUMBNAIL_ONLY,ARCHIVE,TIER_2,YES,NO,DUP-00353,OLD,OLD,unnamed.jpg,IMAGE,MEDIUM,2100,1500,793451,7b765293ce8b78a1d7e3e4f80870bdea7f14ea50934c141148e75371ceff092a,Archive catch-all
AST-000831,PRJ-LOCAL-0900,ARCHIVE_BUCKET,OLD Archive (Unclassified),TIER_D,THUMBNAIL_ONLY,ARCHIVE,TIER_1,YES,NO,,OLD,OLD,xxx12.jpg,IMAGE,VERY_HIGH,5100,3300,4354019,6388194a0bab39e5f2f5f06840c0844b05a3faad38eb8e7cbe376bba9d53b373,Archive catch-all
AST-000832,PRJ-LOCAL-0094,PORTFOLIO_COLLECTION,Outdoor & Sports Portfolio,TIER_B,RESTORATION_CANDIDATE,USE_AFTER_CONTENT_APPROVAL,TIER_4,YES,NO,,OUTDOORS,All-in-One Grill,All_in_One_Grill-2.jpg,IMAGE,VERY_LOW,400,240,10357,c75f77d890b3f79c77a35897981c1c563023be7b2de6f282a5ae45fb28f6e8b0,
AST-000833,PRJ-LOCAL-0094,PORTFOLIO_COLLECTION,Outdoor & Sports Portfolio,TIER_B,RESTORATION_CANDIDATE,USE_AFTER_CONTENT_APPROVAL,TIER_4,YES,NO,DUP-00068,OUTDOORS,All-in-One Grill,Outdoor Products_main_img.jpg,IMAGE,VERY_LOW,660,369,116019,cf190e35c3d200e01ba0e2d51a058da4b5d32f80571531b0c90af65bddb9e25d,
AST-000834,PRJ-LOCAL-0094,PORTFOLIO_COLLECTION,Outdoor & Sports Portfolio,TIER_B,RESTORATION_CANDIDATE,USE_AFTER_CONTENT_APPROVAL,TIER_4,YES,NO,DUP-00161,OUTDOORS,Diving Goggle (with Camera),goggles1.jpg,IMAGE,VERY_LOW,660,428,25695,a66779d765ac20e3bb99ace89adda6819417d20eae386457f57ce47109eb16c6,
AST-000835,PRJ-LOCAL-0094,PORTFOLIO_COLLECTION,Outdoor & Sports Portfolio,TIER_B,RESTORATION_CANDIDATE,USE_AFTER_CONTENT_APPROVAL,TIER_4,YES,NO,DUP-00162,OUTDOORS,Diving Goggle (with Camera),goggles2.jpg,IMAGE,VERY_LOW,660,439,23573,06e95472a7e8e07ac173033c65834adbe3b6fb3b25445162b1c5be28a70e4031,
AST-000836,PRJ-LOCAL-0094,PORTFOLIO_COLLECTION,Outdoor & Sports Portfolio,TIER_B,RESTORATION_CANDIDATE,USE_AFTER_CONTENT_APPROVAL,TIER_4,YES,NO,DUP-00163,OUTDOORS,Diving Goggle (with Camera),goggles3.jpg,IMAGE,VERY_LOW,660,495,83169,38532d8e2f662a889c35aa5ccdfe2f0b47aeb0cb478fdea23889b6c15dfddf4d,
AST-000837,PRJ-LOCAL-0094,PORTFOLIO_COLLECTION,Outdoor & Sports Portfolio,TIER_B,RESTORATION_CANDIDATE,USE_AFTER_CONTENT_APPROVAL,TIER_4,YES,NO,DUP-00264,OUTDOORS,LED Street Light,windsor30.jpg,IMAGE,VERY_LOW,660,401,69295,9fb79a622cafef5b18631474ba820bb65d178e36fab0a1e2a1975489ac86f523,
AST-000838,PRJ-LOCAL-0094,PORTFOLIO_COLLECTION,Outdoor & Sports Portfolio,TIER_B,RESTORATION_CANDIDATE,USE_AFTER_CONTENT_APPROVAL,TIER_4,YES,NO,DUP-00265,OUTDOORS,LED Street Light,windsor30_1.jpg,IMAGE,VERY_LOW,660,401,22209,6c38306a523999b2d60b01da002b1227bdeebbd39004205cd6dfb8b66eafffda,
AST-000839,PRJ-LOCAL-0094,PORTFOLIO_COLLECTION,Outdoor & Sports Portfolio,TIER_B,RESTORATION_CANDIDATE,USE_AFTER_CONTENT_APPROVAL,TIER_4,YES,NO,DUP-00064,OUTDOORS,Mosquito Deleto,Mosquito_Deleto.jpg,IMAGE,VERY_LOW,660,310,25354,3422025b700df2a96f3bae554612b6f7b5410d2e5c35919044d9d67f9ee8ef6e,
AST-000840,PRJ-LOCAL-0094,PORTFOLIO_COLLECTION,Outdoor & Sports Portfolio,TIER_B,RESTORATION_CANDIDATE,USE_AFTER_CONTENT_APPROVAL,TIER_4,YES,NO,DUP-00065,OUTDOORS,Mosquito Deleto,Mosquito_Deleto_2.jpg,IMAGE,VERY_LOW,400,284,42880,3d19c7a8ca28e54f688c1588219a8afdc139493e8485cc2a9b028f4b5a4708ee,
AST-000841,PRJ-LOCAL-0094,PORTFOLIO_COLLECTION,Outdoor & Sports Portfolio,TIER_B,RESTORATION_CANDIDATE,USE_AFTER_CONTENT_APPROVAL,TIER_4,YES,NO,DUP-00263,OUTDOORS,Waterproof Case,waterproof_case-1.jpg,IMAGE,VERY_LOW,660,341,33765,584f92f9091fcb5f4db6ba404d0a7a288681c4c74327c45728990b20137b24e9,
AST-000842,PRJ-LOCAL-0094,PORTFOLIO_COLLECTION,Outdoor & Sports Portfolio,TIER_B,RESTORATION_CANDIDATE,USE_AFTER_CONTENT_APPROVAL,TIER_4,YES,NO,,OUTDOORS,Waterproof Case,waterproof_case-2.jpg,IMAGE,VERY_LOW,400,284,66706,098d07ff1f156d77e5512e370de57e4581bb967e718ffd1d0b02ce70a9816499,
AST-000843,PRJ-LOCAL-0031,INDIVIDUAL_PROJECT,iPad Cover (IPM),TIER_A,RESTORATION_CANDIDATE,USE_AFTER_CONTENT_APPROVAL,TIER_4,YES,NO,DUP-00180,PROTOTYPING,ABS + RTV Tooling,ipm_prototype1.jpg,IMAGE,VERY_LOW,660,439,63233,9c15538374c1ffc6460223972f9eabcf80f97985f9d539af7485ae8adc75a134,
AST-000844,PRJ-LOCAL-0031,INDIVIDUAL_PROJECT,iPad Cover (IPM),TIER_A,RESTORATION_CANDIDATE,USE_AFTER_CONTENT_APPROVAL,TIER_4,YES,NO,DUP-00181,PROTOTYPING,ABS + RTV Tooling,ipm_prototype2.jpg,IMAGE,VERY_LOW,660,439,57995,9fff11bc76099f39cae7c69f63189be7eaa18a8757cf115267ed718a530cc2a7,
AST-000845,PRJ-LOCAL-0031,INDIVIDUAL_PROJECT,iPad Cover (IPM),TIER_A,RESTORATION_CANDIDATE,USE_AFTER_CONTENT_APPROVAL,TIER_4,YES,NO,DUP-00182,PROTOTYPING,ABS + RTV Tooling,ipm_prototype3.jpg,IMAGE,VERY_LOW,660,439,85196,6908bb10b3a341e7a4c74c567e890e10bf472542eed8f837ef0e5f9f08facdc0,
AST-000846,PRJ-LOCAL-0080,CAPABILITY_COLLECTION,Prototyping Capabilities,TIER_D,RESTORATION_CANDIDATE,USE_AFTER_CONTENT_APPROVAL,TIER_4,YES,NO,DUP-00222,PROTOTYPING,Acrylic FormingBending,prototype_guitar_support.jpg,IMAGE,VERY_LOW,660,439,29374,1bfb598aaad1b91adf452c75817380552a18739ae6ac2e8eac1dd1e884c99269,
AST-000847,PRJ-LOCAL-0080,CAPABILITY_COLLECTION,Prototyping Capabilities,TIER_D,RESTORATION_CANDIDATE,USE_AFTER_CONTENT_APPROVAL,TIER_4,YES,NO,DUP-00223,PROTOTYPING,Acrylic FormingBending,prototype_guitar_support2.jpg,IMAGE,VERY_LOW,660,476,33552,c292bb7d3a576828bae74f632ff95b73ce1cd92f72fad8f62c19d719cab8d9d4,
AST-000848,PRJ-LOCAL-0080,CAPABILITY_COLLECTION,Prototyping Capabilities,TIER_D,RESTORATION_CANDIDATE,USE_AFTER_CONTENT_APPROVAL,TIER_4,YES,NO,DUP-00218,PROTOTYPING,Carbon Fiber Molding,prototype_carbon_fiber.jpg,IMAGE,VERY_LOW,660,403,38041,468e715e1b83f7c2c0d2ceab3825789ad424e843bd274721fec88cde73611b88,
AST-000849,PRJ-LOCAL-0080,CAPABILITY_COLLECTION,Prototyping Capabilities,TIER_D,RESTORATION_CANDIDATE,USE_AFTER_CONTENT_APPROVAL,TIER_4,YES,NO,DUP-00219,PROTOTYPING,Carbon Fiber Molding,prototype_carbon_fiber2.jpg,IMAGE,VERY_LOW,660,439,51351,5a780e0225662f45b668a3e9e88d4ae85ed914fc14b5f613dee1af773ae34166,
AST-000850,PRJ-LOCAL-0080,CAPABILITY_COLLECTION,Prototyping Capabilities,TIER_D,RESTORATION_CANDIDATE,USE_AFTER_CONTENT_APPROVAL,TIER_4,YES,NO,DUP-00221,PROTOTYPING,FDM Printing,prototype_fdm.jpg,IMAGE,VERY_LOW,660,456,27204,95cc8bd61063f059d33cd8459d724aafa82f39322d66521ada09ba95fa36a6d8,
AST-000851,PRJ-LOCAL-0080,CAPABILITY_COLLECTION,Prototyping Capabilities,TIER_D,RESTORATION_CANDIDATE,USE_AFTER_CONTENT_APPROVAL,TIER_4,YES,NO,DUP-00254,PROTOTYPING,Multi Level Prototyping,therapy_bike.jpg,IMAGE,VERY_LOW,660,439,76699,d206e3eb036a74d6b3ff4ba7624eb985bdc19034658280bff302c2d930c61f52,
AST-000852,PRJ-LOCAL-0080,CAPABILITY_COLLECTION,Prototyping Capabilities,TIER_D,RESTORATION_CANDIDATE,USE_AFTER_CONTENT_APPROVAL,TIER_4,YES,NO,DUP-00255,PROTOTYPING,Multi Level Prototyping,therapy_bike2.jpg,IMAGE,VERY_LOW,660,439,68869,eda058e906a6676a6d1901cb327c53a2b72727d1b92fbd01bc240361a968030c,
AST-000853,PRJ-LOCAL-0080,CAPABILITY_COLLECTION,Prototyping Capabilities,TIER_D,RESTORATION_CANDIDATE,USE_AFTER_CONTENT_APPROVAL,TIER_4,YES,NO,DUP-00217,PROTOTYPING,"Rubber Coating, Silkscreening",prototype_camera_hd.jpg,IMAGE,VERY_LOW,660,507,35919,5ed521a78177fef320cc81d4897bceae4a660ede67563716937de4db7317ff18,
AST-000854,PRJ-LOCAL-0080,CAPABILITY_COLLECTION,Prototyping Capabilities,TIER_D,RESTORATION_CANDIDATE,USE_AFTER_CONTENT_APPROVAL,TIER_4,YES,NO,DUP-00224,PROTOTYPING,"Rubber Coating, Silkscreening",prototype_remote1.jpg,IMAGE,VERY_LOW,660,439,26893,201f56ec6897dc4f1c305cc328b69f58ebfa48e552a2ce5fc8d22b6c0f2a8e24,
AST-000855,PRJ-LOCAL-0080,CAPABILITY_COLLECTION,Prototyping Capabilities,TIER_D,RESTORATION_CANDIDATE,USE_AFTER_CONTENT_APPROVAL,TIER_4,YES,NO,DUP-00225,PROTOTYPING,"Rubber Coating, Silkscreening",prototype_remote2.jpg,IMAGE,VERY_LOW,660,439,32725,d0f79379f6ebb35a2a4cc4a6f3b26ea4220b5afd5d4ee5ec3eed9a6f7d757ce7,
AST-000856,PRJ-LOCAL-0080,CAPABILITY_COLLECTION,Prototyping Capabilities,TIER_D,RESTORATION_CANDIDATE,USE_AFTER_CONTENT_APPROVAL,TIER_4,YES,NO,DUP-00226,PROTOTYPING,"Rubber Coating, Silkscreening",prototype_remote3.jpg,IMAGE,VERY_LOW,660,439,21136,4a118629f1af84383a317b2a7239974ad562c1fb0ce9411595a81cdf2e209fda,
AST-000857,PRJ-LOCAL-0080,CAPABILITY_COLLECTION,Prototyping Capabilities,TIER_D,RESTORATION_CANDIDATE,USE_AFTER_CONTENT_APPROVAL,TIER_4,YES,NO,DUP-00220,PROTOTYPING,SLA  SLS,prototype_clip_fdm.jpg,IMAGE,VERY_LOW,660,463,27403,dbd0d5ae6c8904fd217ad406453229bdc8dc27f9a1ca4d2b645686456d70c17e,
AST-000858,PRJ-LOCAL-0080,CAPABILITY_COLLECTION,Prototyping Capabilities,TIER_D,RESTORATION_CANDIDATE,USE_AFTER_CONTENT_APPROVAL,TIER_4,YES,NO,DUP-00069,PROTOTYPING,Sheet Metal + RTV Tooling,PAP1.jpg,IMAGE,VERY_LOW,660,439,29940,ec9c81726aafdeb7c7c4ca777c162af1dcff46bd754c4b378d447da1bd64376c,
AST-000859,PRJ-LOCAL-0080,CAPABILITY_COLLECTION,Prototyping Capabilities,TIER_D,RESTORATION_CANDIDATE,USE_AFTER_CONTENT_APPROVAL,TIER_4,YES,NO,DUP-00205,PROTOTYPING,Sheet Metal + RTV Tooling,pap2.jpg,IMAGE,VERY_LOW,660,439,40440,22098f560ca0733d1370b169b95872c1170b084141496feead820eb2c548b02d,
AST-000860,PRJ-LOCAL-0080,CAPABILITY_COLLECTION,Prototyping Capabilities,TIER_D,RESTORATION_CANDIDATE,USE_AFTER_CONTENT_APPROVAL,TIER_4,YES,NO,DUP-00206,PROTOTYPING,Sheet Metal + RTV Tooling,pap3.jpg,IMAGE,VERY_LOW,660,439,43788,3d70143163c3569bdbb43fd172a9ecc1a8bf2be7a45fd7e146f6c881441c77dd,
AST-000861,PRJ-LOCAL-0080,CAPABILITY_COLLECTION,Prototyping Capabilities,TIER_D,RESTORATION_CANDIDATE,USE_AFTER_CONTENT_APPROVAL,TIER_4,YES,NO,DUP-00207,PROTOTYPING,Sheet Metal + RTV Tooling,pap4.jpg,IMAGE,VERY_LOW,660,439,32796,c5afa1e5caef7423d2a476777d1696984a08dd978be7007f3cc5f863e275f2a4,
AST-000862,PRJ-LOCAL-0080,CAPABILITY_COLLECTION,Prototyping Capabilities,TIER_D,RESTORATION_CANDIDATE,USE_AFTER_CONTENT_APPROVAL,TIER_4,YES,NO,DUP-00208,PROTOTYPING,Sheet Metal + RTV Tooling,pap5.jpg,IMAGE,VERY_LOW,660,439,33994,c0ca61f09208a331f5347288378fcb042b7377e1e11d5d74e9fb07f717849fb9,
AST-000863,PRJ-LOCAL-0080,CAPABILITY_COLLECTION,Prototyping Capabilities,TIER_D,RESTORATION_CANDIDATE,USE_AFTER_CONTENT_APPROVAL,TIER_4,YES,NO,DUP-00209,PROTOTYPING,Sheet Metal + RTV Tooling,pap6.jpg,IMAGE,VERY_LOW,660,439,37006,e1cd50257d640cf8559e05ca48897c1a5965642bb80e4770581752a3c9fbc688,
AST-000864,PRJ-LOCAL-0021,INDIVIDUAL_PROJECT,DBLL — Adjustable Dumbbell,TIER_A,CARD_READY,USE_AFTER_CONTENT_APPROVAL,TIER_3,YES,NO,,SPEC,DBLL,123_design_blog_new_products_DUMB_BELL_(1).jpg,IMAGE,LOW,1600,900,190901,fc1a142c7099f3b1326a38d40aa1ca32b191ed906457fe9c9b04baf8b2b32142,
AST-000865,PRJ-LOCAL-0021,INDIVIDUAL_PROJECT,DBLL — Adjustable Dumbbell,TIER_A,CARD_READY,USE_AFTER_CONTENT_APPROVAL,TIER_3,YES,NO,,SPEC,DBLL,123_design_blog_new_products_DUMB_BELL_(2).jpg,IMAGE,LOW,1600,1067,231461,7e8d83f97be98f9af57139d47b2dc54bd511adb112cc4074fde64e0cfe13b2e4,
AST-000866,PRJ-LOCAL-0021,INDIVIDUAL_PROJECT,DBLL — Adjustable Dumbbell,TIER_A,CARD_READY,USE_AFTER_CONTENT_APPROVAL,TIER_3,YES,NO,,SPEC,DBLL,123_design_blog_new_products_DUMB_BELL_(3).jpg,IMAGE,LOW,1600,1067,227054,fa82f8d4ea9b3d7f8466027e83c598f9ea96f537fad522e433e9db26a1773144,
AST-000867,PRJ-LOCAL-0021,INDIVIDUAL_PROJECT,DBLL — Adjustable Dumbbell,TIER_A,CARD_READY,USE_AFTER_CONTENT_APPROVAL,TIER_3,YES,NO,,SPEC,DBLL,123_design_blog_new_products_DUMB_BELL_(4).jpg,IMAGE,LOW,1600,1067,76478,09275706b6560121460dbf4b33d8a88dcb84b7a1a2c231ee8b2c30791e24d645,
AST-000868,PRJ-LOCAL-0021,INDIVIDUAL_PROJECT,DBLL — Adjustable Dumbbell,TIER_A,CARD_READY,USE_AFTER_CONTENT_APPROVAL,TIER_3,YES,NO,,SPEC,DBLL,123_design_blog_new_products_DUMB_BELL_(5).jpg,IMAGE,LOW,1600,1067,163394,5b4c67044129f9bd7122d4e70e8650c04e389555fb717dc80c12a6519e474fa4,
AST-000869,PRJ-LOCAL-0021,INDIVIDUAL_PROJECT,DBLL — Adjustable Dumbbell,TIER_A,CARD_READY,USE_AFTER_CONTENT_APPROVAL,TIER_3,YES,NO,,SPEC,DBLL,123_design_blog_new_products_DUMB_BELL_(6).jpg,IMAGE,LOW,1600,1067,125877,6753399a8c8c795668069a7eff0d71366123a8ac7c4d2099a90e50c7f609a417,
AST-000870,PRJ-LOCAL-0021,INDIVIDUAL_PROJECT,DBLL — Adjustable Dumbbell,TIER_A,GALLERY_READY,USE_AFTER_CONTENT_APPROVAL,TIER_3,YES,NO,,SPEC,DBLL,123_design_blog_new_products_DUMB_BELL_icon.jpg,IMAGE,LOW,902,902,164415,05a23bbae585cac2d5b0ee383af719169195aa3509a3c906f87e66f9d60ba39e,
AST-000871,PRJ-LOCAL-0021,INDIVIDUAL_PROJECT,DBLL — Adjustable Dumbbell,TIER_A,NOT_FOR_PUBLICATION,DO_NOT_USE,TIER_1,YES,YES,,SPEC,DBLL,AdobeStock_214657508.jpeg,IMAGE,VERY_HIGH,7360,4912,8326485,af62e375fa610e6e73093cfb2983ea7484872bed40e4f683c2d9a94772b481a1,Stock photo — not original work
AST-000872,PRJ-LOCAL-0021,INDIVIDUAL_PROJECT,DBLL — Adjustable Dumbbell,TIER_A,NOT_FOR_PUBLICATION,DO_NOT_USE,TIER_1,YES,YES,DUP-00356,SPEC,DBLL,AdobeStock_214657508.jpg,IMAGE,VERY_HIGH,7360,4912,6222119,4e416e3e9c80b954b8d03cd26391097370409c9254f7e5a8e00608f696c369ba,Stock photo — not original work
AST-000874,PRJ-LOCAL-0021,INDIVIDUAL_PROJECT,DBLL — Adjustable Dumbbell,TIER_A,NOT_FOR_PUBLICATION,DO_NOT_USE,TIER_1,YES,YES,,SPEC,DBLL,AdobeStock_268562538.jpeg,IMAGE,VERY_HIGH,6230,4154,4236813,714385cde75910919ff92763a0ba58fa41e0d0c601261ce459489b8a206ba3c3,Stock photo — not original work
AST-000875,PRJ-LOCAL-0021,INDIVIDUAL_PROJECT,DBLL — Adjustable Dumbbell,TIER_A,NOT_FOR_PUBLICATION,DO_NOT_USE,TIER_1,YES,YES,DUP-00357,SPEC,DBLL,AdobeStock_268562538.jpg,IMAGE,VERY_HIGH,6230,4154,3563771,d3bd08060ce106bcc71562402cfa9f3cc9ecb9ef147f3db66d9ab90de85a018c,Stock photo — not original work
AST-000877,PRJ-LOCAL-0021,INDIVIDUAL_PROJECT,DBLL — Adjustable Dumbbell,TIER_A,NOT_FOR_PUBLICATION,DO_NOT_USE,TIER_1,YES,YES,,SPEC,DBLL,AdobeStock_26856253ww8.jpg,IMAGE,VERY_HIGH,6230,4154,3445404,d62592022239bdd516e8ff01c892a337a592eb8b261f7848b06b56070e5dcf76,Stock photo — not original work
AST-000878,PRJ-LOCAL-0021,INDIVIDUAL_PROJECT,DBLL — Adjustable Dumbbell,TIER_A,CARD_READY,USE_AFTER_CONTENT_APPROVAL,TIER_3,YES,NO,,SPEC,DBLL,WhatsApp Image 2019-08-19 at 3.37.32 PM.jpeg,IMAGE,LOW,1408,1066,377993,ae1f2195ba4221570f27c940dfd374b9371bb137813bd5b154a8833f04a7c5fe,
AST-000879,PRJ-LOCAL-0022,INDIVIDUAL_PROJECT,RACK — Bath Tray / Caddy,TIER_A,CARD_READY,USE_AFTER_CONTENT_APPROVAL,TIER_3,YES,NO,,SPEC,RACK,123_design_blog_new_products_1 (1).jpg,IMAGE,LOW,1280,854,154477,0efb82bd43364b2cce21064954452160bf947e5cd305b4fa76b4897eb0975a95,
AST-000880,PRJ-LOCAL-0022,INDIVIDUAL_PROJECT,RACK — Bath Tray / Caddy,TIER_A,CARD_READY,USE_AFTER_CONTENT_APPROVAL,TIER_3,YES,NO,,SPEC,RACK,123_design_blog_new_products_1 (2).jpg,IMAGE,LOW,1280,854,56851,29ac8c6377d5a7d99f0b5688043741944b21f7073bbea5a0f86e3c8ad6cb6cbb,
AST-000881,PRJ-LOCAL-0022,INDIVIDUAL_PROJECT,RACK — Bath Tray / Caddy,TIER_A,CARD_READY,USE_AFTER_CONTENT_APPROVAL,TIER_3,YES,NO,,SPEC,RACK,123_design_blog_new_products_1 (3).jpg,IMAGE,LOW,1280,854,66557,5ca111542c1ad6a0de0df2956a47b3d067f8914ddf5b8bc97ee1aceb146840d1,
AST-000882,PRJ-LOCAL-0022,INDIVIDUAL_PROJECT,RACK — Bath Tray / Caddy,TIER_A,CARD_READY,USE_AFTER_CONTENT_APPROVAL,TIER_3,YES,NO,,SPEC,RACK,123_design_blog_new_products_1 (4).jpg,IMAGE,LOW,1280,854,67839,b567b22899a1fef6124254a055f14cd9d06ef7cbbe9961e372d3774348010b5e,
AST-000883,PRJ-LOCAL-0022,INDIVIDUAL_PROJECT,RACK — Bath Tray / Caddy,TIER_A,CARD_READY,USE_AFTER_CONTENT_APPROVAL,TIER_3,YES,NO,,SPEC,RACK,123_design_blog_new_products_1 (5).jpg,IMAGE,LOW,1280,854,164448,05114322f774c408b983de39b0ba3093f7dde7101516dd246019a19f3de93cf1,
AST-000884,PRJ-LOCAL-0022,INDIVIDUAL_PROJECT,RACK — Bath Tray / Caddy,TIER_A,CARD_READY,USE_AFTER_CONTENT_APPROVAL,TIER_3,YES,NO,,SPEC,RACK,123_design_blog_new_products_1 (6).jpg,IMAGE,LOW,1280,854,22890,2ad1f194f29f6aad0def7880e15950275c7f1efe5c4363d137768af2c7528ddb,
AST-000885,PRJ-LOCAL-0022,INDIVIDUAL_PROJECT,RACK — Bath Tray / Caddy,TIER_A,GALLERY_READY,USE_AFTER_CONTENT_APPROVAL,TIER_3,YES,NO,,SPEC,RACK,123_design_blog_new_products_1-(1).jpg,IMAGE,LOW,854,854,144284,583f604cf9531f59b8f988efda958bebfc2bfa0667e89cce486d7037716f7f3c,
AST-000886,PRJ-LOCAL-0020,INDIVIDUAL_PROJECT,SPOONY Smart Spoon,TIER_A,CARD_READY,USE_AFTER_CONTENT_APPROVAL,TIER_3,YES,NO,,SPEC,SPON,0a1204ff-86f3-44b1-970e-cfb8c883a9bc.jpg,IMAGE,LOW,1600,900,52471,321f3a0c93a88861b354f6b59996dc4adc9e8b82b699feb1330d0919083fbe12,
AST-000887,PRJ-LOCAL-0020,INDIVIDUAL_PROJECT,SPOONY Smart Spoon,TIER_A,CARD_READY,USE_AFTER_CONTENT_APPROVAL,TIER_3,YES,NO,,SPEC,A,07964f5d-d6ef-420c-9a52-e91f97349dfb.jpg,IMAGE,LOW,1600,900,84905,c70443522e953dfc9b229fcc2e93f6fe506270755edfbe0c0312329ce549b38f,
AST-000888,PRJ-LOCAL-0020,INDIVIDUAL_PROJECT,SPOONY Smart Spoon,TIER_A,CARD_READY,USE_AFTER_CONTENT_APPROVAL,TIER_3,YES,NO,,SPEC,A,09e72b74-6f40-4a4d-afd6-9fe4d0d10936.jpg,IMAGE,LOW,1600,900,82594,cbe2187b0ce523428fc813fa176a3f06134a284366976ee0aab5588acaff7b1b,
AST-000889,PRJ-LOCAL-0020,INDIVIDUAL_PROJECT,SPOONY Smart Spoon,TIER_A,CARD_READY,USE_AFTER_CONTENT_APPROVAL,TIER_3,YES,NO,,SPEC,A,1bad19be-c681-44e1-b684-ed5592c44a15.jpg,IMAGE,LOW,1600,900,269293,4d5f69824f8052d2e4889b2e003324bd73c16c7d0473bc98e6f8b346f5e71e91,
AST-000890,PRJ-LOCAL-0020,INDIVIDUAL_PROJECT,SPOONY Smart Spoon,TIER_A,CARD_READY,USE_AFTER_CONTENT_APPROVAL,TIER_3,YES,NO,,SPEC,A,248527da-fefa-4432-83d7-f2a41307cacc.jpg,IMAGE,LOW,1600,900,82128,5b8607f66455e0177c27d0e18a58e1f4fd7b6cc75d27a327924c4ed1e8ce1b78,
AST-000891,PRJ-LOCAL-0020,INDIVIDUAL_PROJECT,SPOONY Smart Spoon,TIER_A,CARD_READY,USE_AFTER_CONTENT_APPROVAL,TIER_3,YES,NO,,SPEC,A,2edfa118-40b3-40e2-842a-5bfa83d56a20.jpg,IMAGE,LOW,1600,1168,674679,a847a456a8d7e2ccf88f0048ded779b4018f01214b0b1fa610b5a0dd8a05416f,
AST-000892,PRJ-LOCAL-0020,INDIVIDUAL_PROJECT,SPOONY Smart Spoon,TIER_A,CARD_READY,USE_AFTER_CONTENT_APPROVAL,TIER_3,YES,NO,,SPEC,A,34b26467-fb16-4c55-a506-090be4239985.jpg,IMAGE,LOW,1600,900,298268,89613030c7fcff840e18ba50ba03abb60e7d701b1f773007b7d67df0175723e6,
AST-000893,PRJ-LOCAL-0020,INDIVIDUAL_PROJECT,SPOONY Smart Spoon,TIER_A,CARD_READY,USE_AFTER_CONTENT_APPROVAL,TIER_3,YES,NO,,SPEC,A,47c0b82e-3d94-497e-a75b-8510ab2737d8.jpg,IMAGE,LOW,1600,900,119825,ec298c1d7960676dfb7ccaf0cfe247a63db9366e6ee43f6d76c0794d82bed749,
AST-000894,PRJ-LOCAL-0020,INDIVIDUAL_PROJECT,SPOONY Smart Spoon,TIER_A,CARD_READY,USE_AFTER_CONTENT_APPROVAL,TIER_3,YES,NO,,SPEC,A,565828ca-64ae-44cc-9ef3-fd3fde21daac.jpg,IMAGE,LOW,1600,900,73824,fc464dea5b989219912a26d39b16fce38869a7b621b6622e5e4c764c633d6d92,
AST-000895,PRJ-LOCAL-0020,INDIVIDUAL_PROJECT,SPOONY Smart Spoon,TIER_A,CARD_READY,USE_AFTER_CONTENT_APPROVAL,TIER_3,YES,NO,,SPEC,A,6374c322-53c8-4e11-88d4-9b20e74947dd.jpg,IMAGE,LOW,1600,900,87401,ed195f798b5a33db28f8a8669220b9b872fafc0e9c79428dc7fbc76b6dc5c583,
AST-000896,PRJ-LOCAL-0020,INDIVIDUAL_PROJECT,SPOONY Smart Spoon,TIER_A,CARD_READY,USE_AFTER_CONTENT_APPROVAL,TIER_3,YES,NO,,SPEC,A,81134d30-b341-4e59-bc7f-054f37c7c88b.jpg,IMAGE,LOW,1600,900,77747,c159e0505ed8adf0c763ef4c8c6ad4a94ed6221c6ac457e49bf86a580af14cd8,
AST-000897,PRJ-LOCAL-0020,INDIVIDUAL_PROJECT,SPOONY Smart Spoon,TIER_A,GALLERY_READY,USE_AFTER_CONTENT_APPROVAL,TIER_3,YES,NO,,SPEC,A,SPOONY-THUMBNAIL.png,IMAGE,LOW,1168,1168,1941696,524ac6933bb3218e52839ca3aa9b127f11f497e672bf152e12bf4d00a8692986,
AST-000898,PRJ-LOCAL-0020,INDIVIDUAL_PROJECT,SPOONY Smart Spoon,TIER_A,CARD_READY,USE_AFTER_CONTENT_APPROVAL,TIER_3,YES,NO,,SPEC,A,bf46d228-b42d-43ce-99fc-bb67b210bb79.jpg,IMAGE,LOW,1600,900,119805,d11b7efa880cae50e444a33ee76d37644517af4cf31fc4b4f1a6a4abe806f1e3,
AST-000899,PRJ-LOCAL-0020,INDIVIDUAL_PROJECT,SPOONY Smart Spoon,TIER_A,CARD_READY,USE_AFTER_CONTENT_APPROVAL,TIER_3,YES,NO,,SPEC,A,cd21d58b-5d21-41a8-9677-5993cf521e35.jpg,IMAGE,LOW,1280,847,237346,8af6e0ee43157ef28a229fdb43c3cb5055c5023f1bd4c0d16d1ef962497d1e96,
AST-000900,PRJ-LOCAL-0020,INDIVIDUAL_PROJECT,SPOONY Smart Spoon,TIER_A,CARD_READY,USE_AFTER_CONTENT_APPROVAL,TIER_3,YES,NO,,SPEC,A,da673554-c904-4aed-b6c8-d73372a196b7.jpg,IMAGE,LOW,1280,847,230529,0a27c64552b25e1a1f57ddf80fc8a7be295936ca2643ef8d8ff47df5911a2724,
AST-000901,PRJ-LOCAL-0023,INDIVIDUAL_PROJECT,VIRT,TIER_A,CARD_READY,USE_AFTER_CONTENT_APPROVAL,TIER_3,YES,NO,,SPEC,VIRT,WhatsApp Image 2019-08-22 at 11.30.15 AM.jpeg,IMAGE,LOW,1600,1068,286096,bc8aae3267c5174d4ba8b1085809cd25be3d803644892944dc63679e39fc3cb6,
AST-000902,PRJ-LOCAL-0094,PORTFOLIO_COLLECTION,Outdoor & Sports Portfolio,TIER_B,RESTORATION_CANDIDATE,USE_AFTER_CONTENT_APPROVAL,TIER_4,YES,NO,DUP-00028,SPORT,Dumbbells,Dumbbells-1.jpg,IMAGE,VERY_LOW,660,341,23686,ea264e3e2ceebcd409de7db45f3e286878042765261d220ab2b6edb10c894677,
AST-000903,PRJ-LOCAL-0094,PORTFOLIO_COLLECTION,Outdoor & Sports Portfolio,TIER_B,RESTORATION_CANDIDATE,USE_AFTER_CONTENT_APPROVAL,TIER_4,YES,NO,DUP-00029,SPORT,Dumbbells,Dumbbells-2.jpg,IMAGE,VERY_LOW,400,284,22825,25890463753eb88acc1629e54d45a623a8e1f78dce37f8be051094f5787eb84e,
AST-000904,PRJ-LOCAL-0094,PORTFOLIO_COLLECTION,Outdoor & Sports Portfolio,TIER_B,RESTORATION_CANDIDATE,USE_AFTER_CONTENT_APPROVAL,TIER_4,YES,NO,DUP-00164,SPORT,Golf Caddy,golf_caddy-1.jpg,IMAGE,VERY_LOW,660,341,24164,98de278414fc34c94c3f4f1d23eaca6a6a56ed3039a5d5dfd8d1a09598ec4af0,
AST-000905,PRJ-LOCAL-0094,PORTFOLIO_COLLECTION,Outdoor & Sports Portfolio,TIER_B,RESTORATION_CANDIDATE,USE_AFTER_CONTENT_APPROVAL,TIER_4,YES,NO,DUP-00165,SPORT,Golf Caddy,golf_caddy-2.jpg,IMAGE,VERY_LOW,400,284,33812,acb023ab04d68f371d5b06a41f569391957bc13fc91730c08c74c7cf98d86b61,
AST-000906,PRJ-LOCAL-0094,PORTFOLIO_COLLECTION,Outdoor & Sports Portfolio,TIER_B,RESTORATION_CANDIDATE,USE_AFTER_CONTENT_APPROVAL,TIER_4,YES,NO,DUP-00185,SPORT,Knee Board,knee_board-1.jpg,IMAGE,VERY_LOW,660,341,46515,a4c323fcc81bf8ae02fbd1aa666575dc3d318c6462cbc95d1042972d8686c690,
AST-000907,PRJ-LOCAL-0094,PORTFOLIO_COLLECTION,Outdoor & Sports Portfolio,TIER_B,RESTORATION_CANDIDATE,USE_AFTER_CONTENT_APPROVAL,TIER_4,YES,NO,DUP-00186,SPORT,Knee Board,knee_board-2.jpg,IMAGE,VERY_LOW,400,284,41526,d999a37de7b6f91cb9f603b011e15bc86c2b899307b6029672d86622063ddf32,
AST-000908,PRJ-LOCAL-0094,PORTFOLIO_COLLECTION,Outdoor & Sports Portfolio,TIER_B,RESTORATION_CANDIDATE,USE_AFTER_CONTENT_APPROVAL,TIER_4,YES,NO,DUP-00211,SPORT,Pedometer,pedometer-1.jpg,IMAGE,VERY_LOW,660,341,25194,becb7d812d19a19e27886cb3f74b7d28c5619f56934edd358b4f7c22a78d2b59,
AST-000909,PRJ-LOCAL-0094,PORTFOLIO_COLLECTION,Outdoor & Sports Portfolio,TIER_B,RESTORATION_CANDIDATE,USE_AFTER_CONTENT_APPROVAL,TIER_4,YES,NO,DUP-00212,SPORT,Pedometer,pedometer-2.jpg,IMAGE,VERY_LOW,400,284,32599,e33040c436943b94857d13ec2e5ba0ca08001af30d8c0eb0feffc9ccc570422c,
AST-000910,PRJ-LOCAL-0094,PORTFOLIO_COLLECTION,Outdoor & Sports Portfolio,TIER_B,RESTORATION_CANDIDATE,USE_AFTER_CONTENT_APPROVAL,TIER_4,YES,NO,DUP-00227,SPORT,Putter,putter_1.jpg,IMAGE,VERY_LOW,660,310,72720,2912e3738923e711b33a100b585f324beaafb5bcd5b37f474764c696c8a5e766,
AST-000911,PRJ-LOCAL-0094,PORTFOLIO_COLLECTION,Outdoor & Sports Portfolio,TIER_B,RESTORATION_CANDIDATE,USE_AFTER_CONTENT_APPROVAL,TIER_4,YES,NO,DUP-00228,SPORT,Putter,putter_2.jpg,IMAGE,VERY_LOW,400,284,68828,19dc60d42cc74dce500bcb570cd14ab20db10769d139fa4fe7e354206cc213f1,
AST-000912,PRJ-LOCAL-0094,PORTFOLIO_COLLECTION,Outdoor & Sports Portfolio,TIER_B,RESTORATION_CANDIDATE,USE_AFTER_CONTENT_APPROVAL,TIER_4,YES,NO,DUP-00085,SPORT,Roller Blades,Roller_Blade-1.jpg,IMAGE,VERY_LOW,660,310,67697,f2d67dd5c0534ab7524510e0e7a2209bd031e0a3dffb0a3f4d0fde7a6c204bea,
AST-000913,PRJ-LOCAL-0094,PORTFOLIO_COLLECTION,Outdoor & Sports Portfolio,TIER_B,RESTORATION_CANDIDATE,USE_AFTER_CONTENT_APPROVAL,TIER_4,YES,NO,DUP-00086,SPORT,Roller Blades,Roller_Blade-2.jpg,IMAGE,VERY_LOW,400,284,48412,8fd404eb376f72105fdfbb7671de7a6d6b25803e0de23ed679d8c75ed24fe3bf,
AST-000914,PRJ-LOCAL-0094,PORTFOLIO_COLLECTION,Outdoor & Sports Portfolio,TIER_B,RESTORATION_CANDIDATE,USE_AFTER_CONTENT_APPROVAL,TIER_4,YES,NO,DUP-00237,SPORT,Sports Bottle,sports_bottle.jpg,IMAGE,VERY_LOW,660,310,15450,915cd92dcb86963470728da28e64da90b0d308d3ee2e329dc8f7fbca4a80646c,
AST-000915,PRJ-LOCAL-0094,PORTFOLIO_COLLECTION,Outdoor & Sports Portfolio,TIER_B,RESTORATION_CANDIDATE,USE_AFTER_CONTENT_APPROVAL,TIER_4,YES,NO,DUP-00238,SPORT,Sports Bottle,sports_bottle_2.jpg,IMAGE,VERY_LOW,400,284,13834,16fc229ea1f1500ec6aefa20eac4c9177aa5ebfa111a1367cbc049de140ba122,
AST-000916,PRJ-LOCAL-0094,PORTFOLIO_COLLECTION,Outdoor & Sports Portfolio,TIER_B,RESTORATION_CANDIDATE,USE_AFTER_CONTENT_APPROVAL,TIER_4,YES,NO,DUP-00252,SPORT,Tennis Ball Machine,tennis_ball_machine-1.jpg,IMAGE,VERY_LOW,660,341,20982,ca596e36bf4eb7327e809186696cd504d1fd8cd4bb3642e22973bcc37b2bf6a6,
AST-000917,PRJ-LOCAL-0094,PORTFOLIO_COLLECTION,Outdoor & Sports Portfolio,TIER_B,RESTORATION_CANDIDATE,USE_AFTER_CONTENT_APPROVAL,TIER_4,YES,NO,DUP-00253,SPORT,Tennis Ball Machine,tennis_ball_machine-2.jpg,IMAGE,VERY_LOW,400,284,16202,ac2d1f5f4ae8b7bc458a295e991fe025e7070e1f1fccea6f9b2298be348a54c6,
AST-000918,PRJ-LOCAL-0097,PORTFOLIO_COLLECTION,Toys & Juvenile Portfolio,TIER_D,RESTORATION_CANDIDATE,USE_AFTER_CONTENT_APPROVAL,TIER_4,YES,NO,DUP-00001,TOYS GAMES JUVENILE,Massaging Vibrating Teether,5717newpoohsmall.jpg,IMAGE,VERY_LOW,640,525,44182,9be4100b68b5a4e02346225963da4adeb313c913f6bec84354cc3da89cc9c62d,
AST-000919,PRJ-LOCAL-0097,PORTFOLIO_COLLECTION,Toys & Juvenile Portfolio,TIER_D,RESTORATION_CANDIDATE,USE_AFTER_CONTENT_APPROVAL,TIER_4,YES,NO,DUP-00251,TOYS GAMES JUVENILE,Massaging Vibrating Teether,teether.jpg,IMAGE,VERY_LOW,660,401,48943,2d307ff649d4ccc1adc032e1043422d5d2c2545b7545de350bb1d129f92fd750,
AST-000920,PRJ-LOCAL-0097,PORTFOLIO_COLLECTION,Toys & Juvenile Portfolio,TIER_D,RESTORATION_CANDIDATE,USE_AFTER_CONTENT_APPROVAL,TIER_4,YES,NO,DUP-00135,TOYS GAMES JUVENILE,Wild Peas,brass-balls6.jpg,IMAGE,VERY_LOW,370,368,27213,75954f29c97a7b7fdff570d7dfd4930ffe8d6b5ea0b0557327baa95c4de5ba31,
AST-000921,PRJ-LOCAL-0011,INDIVIDUAL_PROJECT,Aircraft Interior,TIER_B,RESTORATION_CANDIDATE,USE_AFTER_CONTENT_APPROVAL,TIER_4,YES,NO,DUP-00114,TRANSPORTATION,Aircraft Interior,Transportation_img.jpg,IMAGE,VERY_LOW,660,369,171731,d0c75c2c8bedca4a2108847459a1d7c83c2fc0c9de3d412b1ac80f6ee399a26f,
AST-000922,PRJ-LOCAL-0011,INDIVIDUAL_PROJECT,Aircraft Interior,TIER_B,RESTORATION_CANDIDATE,USE_AFTER_CONTENT_APPROVAL,TIER_4,YES,NO,DUP-00259,TRANSPORTATION,Aircraft Interior,transportation_2.jpg,IMAGE,VERY_LOW,400,284,107758,3a4972c1fe87d77320cf18e9cee33e9c8d25ecbdb23264088ac8082bd323490f,
AST-000923,PRJ-LOCAL-0010,PROJECT_FAMILY,Yacht Design Portfolio,TIER_B,RESTORATION_CANDIDATE,USE_AFTER_CONTENT_APPROVAL,TIER_4,YES,NO,DUP-00215,TRANSPORTATION,Boat Profile,profile.jpg,IMAGE,VERY_LOW,660,274,52214,c307239ae2a2029da8c50cd84b6515291074cd4a8fdf2e836e927919a54ad289,
AST-000924,PRJ-LOCAL-0010,PROJECT_FAMILY,Yacht Design Portfolio,TIER_B,RESTORATION_CANDIDATE,USE_AFTER_CONTENT_APPROVAL,TIER_4,YES,NO,DUP-00216,TRANSPORTATION,Boat Profile,profile_2.jpg,IMAGE,VERY_LOW,400,284,53445,5fb36a0bec40c6a1869e6de3ad4f5fa227097f8174cf30522ec6a5483b5891c2,
AST-000925,PRJ-LOCAL-0010,PROJECT_FAMILY,Yacht Design Portfolio,TIER_B,RESTORATION_CANDIDATE,USE_AFTER_CONTENT_APPROVAL,TIER_4,YES,NO,DUP-00011,TRANSPORTATION,Catamaran,Catamaran-1.jpg,IMAGE,VERY_LOW,660,274,172442,45e11a481d9d017f89e3bc34067ac065c85128a5f01efdb010224892dbe49ef4,
AST-000926,PRJ-LOCAL-0010,PROJECT_FAMILY,Yacht Design Portfolio,TIER_B,RESTORATION_CANDIDATE,USE_AFTER_CONTENT_APPROVAL,TIER_4,YES,NO,DUP-00012,TRANSPORTATION,Catamaran,Catamaran-2.jpg,IMAGE,VERY_LOW,400,284,32395,3f208e6637346bfe47882f7d9ea87810087c6cc83ed7424d9d6d54b6b0418c0d,
AST-000927,PRJ-LOCAL-0010,PROJECT_FAMILY,Yacht Design Portfolio,TIER_B,RESTORATION_CANDIDATE,USE_AFTER_CONTENT_APPROVAL,TIER_4,YES,NO,DUP-00024,TRANSPORTATION,Diamond,Diamond-1.jpg,IMAGE,VERY_LOW,660,274,163581,78fb978a6c4bcce42b3ccfe461cc62c2f45321a3c3b1b43d4df778f7248530ba,
AST-000928,PRJ-LOCAL-0010,PROJECT_FAMILY,Yacht Design Portfolio,TIER_B,RESTORATION_CANDIDATE,USE_AFTER_CONTENT_APPROVAL,TIER_4,YES,NO,DUP-00025,TRANSPORTATION,Diamond,Diamond-2.jpg,IMAGE,VERY_LOW,400,284,102959,0a3a52852817f41ac98efc54631602a29719439f159ae771406ba076cb28b605,
AST-000929,PRJ-LOCAL-0010,PROJECT_FAMILY,Yacht Design Portfolio,TIER_B,RESTORATION_CANDIDATE,USE_AFTER_CONTENT_APPROVAL,TIER_4,YES,NO,DUP-00045,TRANSPORTATION,Hydra,Hydra-1.jpg,IMAGE,VERY_LOW,660,274,22158,b3f937367401128792fa1846c81fa677a8ac38a91e538c4053b01670502af45e,
AST-000930,PRJ-LOCAL-0010,PROJECT_FAMILY,Yacht Design Portfolio,TIER_B,RESTORATION_CANDIDATE,USE_AFTER_CONTENT_APPROVAL,TIER_4,YES,NO,DUP-00046,TRANSPORTATION,Hydra,Hydra-2.jpg,IMAGE,VERY_LOW,400,284,106833,da8d325339cd240db4723f5edcdaa25acc6b97d685dbc02aa8625b99578ed44a,
AST-000931,PRJ-LOCAL-0010,PROJECT_FAMILY,Yacht Design Portfolio,TIER_B,RESTORATION_CANDIDATE,USE_AFTER_CONTENT_APPROVAL,TIER_4,YES,NO,DUP-00051,TRANSPORTATION,Luxury Yacht,Luxury_Yacht-1.jpg,IMAGE,VERY_LOW,660,274,39734,ce512766205c9a64c45eba5a5c8a8bbe8be87bacee11e968b39aa59887e1851b,
AST-000932,PRJ-LOCAL-0010,PROJECT_FAMILY,Yacht Design Portfolio,TIER_B,RESTORATION_CANDIDATE,USE_AFTER_CONTENT_APPROVAL,TIER_4,YES,NO,DUP-00052,TRANSPORTATION,Luxury Yacht,Luxury_Yacht-2.jpg,IMAGE,VERY_LOW,400,284,124686,426584c3d46099516331b1a90310beca82d98c70a3cba30744ab09d00cbb31f1,
AST-000933,PRJ-LOCAL-0010,PROJECT_FAMILY,Yacht Design Portfolio,TIER_B,RESTORATION_CANDIDATE,USE_AFTER_CONTENT_APPROVAL,TIER_4,YES,NO,DUP-00062,TRANSPORTATION,Mega Yacht,Mega Yacht-1.jpg,IMAGE,VERY_LOW,400,284,92928,1fff54423f767b146260c5ffe081f6e54449d96890fc7fae6207cac5291121c4,
AST-000934,PRJ-LOCAL-0010,PROJECT_FAMILY,Yacht Design Portfolio,TIER_B,RESTORATION_CANDIDATE,USE_AFTER_CONTENT_APPROVAL,TIER_4,YES,NO,DUP-00063,TRANSPORTATION,Mega Yacht,Mega Yacht-2.jpg,IMAGE,VERY_LOW,660,274,39392,827cce193da44f4a8e400e3996cd4b27cf9eaa051ac44ea5ac6ef29c15282455,
AST-000935,PRJ-LOCAL-0010,PROJECT_FAMILY,Yacht Design Portfolio,TIER_B,RESTORATION_CANDIDATE,USE_AFTER_CONTENT_APPROVAL,TIER_4,YES,NO,DUP-00103,TRANSPORTATION,Super Yacht,Super_Yacht-1.jpg,IMAGE,VERY_LOW,660,274,245917,374405071acaea624cc1f768d2aaafb0baa85ab01b9dd417c4dfd60d91f55ca7,
AST-000936,PRJ-LOCAL-0010,PROJECT_FAMILY,Yacht Design Portfolio,TIER_B,RESTORATION_CANDIDATE,USE_AFTER_CONTENT_APPROVAL,TIER_4,YES,NO,DUP-00104,TRANSPORTATION,Super Yacht,Super_Yacht-2.jpg,IMAGE,VERY_LOW,400,284,170441,982105b758277e5ed4d39a8095c28107a7a61ae863a5e433032dac8ecea0e6b8,
AST-000937,PRJ-LOCAL-0010,PROJECT_FAMILY,Yacht Design Portfolio,TIER_B,RESTORATION_CANDIDATE,USE_AFTER_CONTENT_APPROVAL,TIER_4,YES,NO,DUP-00122,TRANSPORTATION,Yacht Interior,Yacht_Interior-1.jpg,IMAGE,VERY_LOW,660,274,149480,36477ec9a36e6c88741d4a57dbea283d4d34ceb1253078aa231eec3b564f1657,
AST-000938,PRJ-LOCAL-0010,PROJECT_FAMILY,Yacht Design Portfolio,TIER_B,RESTORATION_CANDIDATE,USE_AFTER_CONTENT_APPROVAL,TIER_4,YES,NO,DUP-00123,TRANSPORTATION,Yacht Interior,Yacht_Interior-2.jpg,IMAGE,VERY_LOW,400,284,89705,cbe91eef43ae16a847ddbaa7e7477d3fe9a0427528cafd930d0f0fb0052fd86b,
AST-000939,PRJ-LOCAL-0110,CAPABILITY_COLLECTION,Video Archive,TIER_D,UNREVIEWED,USE_AFTER_CONTENT_APPROVAL,TIER_4,YES,NO,,VIDEO,VIDEO,1.mp4,VIDEO,,,,3359094,58e38dbc0005110faf1f9e97ff9cda7fdc02b349eb856b0d2b07e3d82ae233c7,
AST-000940,PRJ-LOCAL-0110,CAPABILITY_COLLECTION,Video Archive,TIER_D,UNREVIEWED,USE_AFTER_CONTENT_APPROVAL,TIER_4,YES,NO,,VIDEO,VIDEO,10.mp4,VIDEO,,,,1591519,84a02909ef9f79b26d45a8e917133ff982423985843c8dcd97abb94ead93e425,
AST-000941,PRJ-LOCAL-0110,CAPABILITY_COLLECTION,Video Archive,TIER_D,UNREVIEWED,USE_AFTER_CONTENT_APPROVAL,TIER_4,YES,NO,,VIDEO,VIDEO,11.mp4,VIDEO,,,,1128975,51ce9d60b3f22534c96648b84d8f4cee42d40880148809f9a430178e7f719125,
AST-000942,PRJ-LOCAL-0110,CAPABILITY_COLLECTION,Video Archive,TIER_D,UNREVIEWED,USE_AFTER_CONTENT_APPROVAL,TIER_4,YES,NO,,VIDEO,VIDEO,12.mp4,VIDEO,,,,1504444,74f6fce38d172a0c91c59fc45aaea44b46fd13d8331d9556b7104424761d7e55,
AST-000943,PRJ-LOCAL-0110,CAPABILITY_COLLECTION,Video Archive,TIER_D,UNREVIEWED,USE_AFTER_CONTENT_APPROVAL,TIER_4,YES,NO,,VIDEO,VIDEO,13.mp4,VIDEO,,,,1936930,af816a975576d71b5c1004e774e7ee4019e801b0c997153dc9cb3f0f8717de10,
AST-000944,PRJ-LOCAL-0110,CAPABILITY_COLLECTION,Video Archive,TIER_D,UNREVIEWED,USE_AFTER_CONTENT_APPROVAL,TIER_4,YES,NO,,VIDEO,VIDEO,14.mp4,VIDEO,,,,1486392,acd64588a83a7ab7926ed7e1964832ea927ac65c9aec4bb43a06759316358b33,
AST-000945,PRJ-LOCAL-0110,CAPABILITY_COLLECTION,Video Archive,TIER_D,UNREVIEWED,USE_AFTER_CONTENT_APPROVAL,TIER_4,YES,NO,,VIDEO,VIDEO,15.mp4,VIDEO,,,,4790778,7a75c4acf8593b0431273717aebd6b92491d30aeaee41e7202ab8ff3549354e4,
AST-000946,PRJ-LOCAL-0110,CAPABILITY_COLLECTION,Video Archive,TIER_D,UNREVIEWED,USE_AFTER_CONTENT_APPROVAL,TIER_4,YES,NO,,VIDEO,VIDEO,16.mp4,VIDEO,,,,925147,cdcf84e58053ae16abbe2f3eb8c08e20d2020c49fde14197a6c20751b5b16b61,
AST-000947,PRJ-LOCAL-0110,CAPABILITY_COLLECTION,Video Archive,TIER_D,UNREVIEWED,USE_AFTER_CONTENT_APPROVAL,TIER_4,YES,NO,,VIDEO,VIDEO,17.mp4,VIDEO,,,,403967,db541ad9572147a71404c6fdc4db05dd1a95af48f3500e538e7a22c27339573c,
AST-000948,PRJ-LOCAL-0110,CAPABILITY_COLLECTION,Video Archive,TIER_D,UNREVIEWED,USE_AFTER_CONTENT_APPROVAL,TIER_4,YES,NO,,VIDEO,VIDEO,18.mp4,VIDEO,,,,978490,54c0124da49cb53152daf3eaeb4292ad71da80e85d1fa4ccd0ccfce579e5f0d2,
AST-000949,PRJ-LOCAL-0110,CAPABILITY_COLLECTION,Video Archive,TIER_D,UNREVIEWED,USE_AFTER_CONTENT_APPROVAL,TIER_4,YES,NO,,VIDEO,VIDEO,19.mp4,VIDEO,,,,1844719,6a00bc8a123e380c090c707910dff1f3860ace451c7c4def9cc9fd5b0e3f18c9,
AST-000950,PRJ-LOCAL-0110,CAPABILITY_COLLECTION,Video Archive,TIER_D,UNREVIEWED,USE_AFTER_CONTENT_APPROVAL,TIER_4,YES,NO,,VIDEO,VIDEO,2.mp4,VIDEO,,,,3405640,decd0bd23d1e4597360dedbe2102f86b77c8caa7d91dc3feb18dbb1009910a61,
AST-000951,PRJ-LOCAL-0110,CAPABILITY_COLLECTION,Video Archive,TIER_D,UNREVIEWED,USE_AFTER_CONTENT_APPROVAL,TIER_4,YES,NO,,VIDEO,VIDEO,20.mp4,VIDEO,,,,1926419,713117d2520a9e7b09802c90a683012729f0033ea110b87956fabee42660a74d,
AST-000952,PRJ-LOCAL-0110,CAPABILITY_COLLECTION,Video Archive,TIER_D,UNREVIEWED,USE_AFTER_CONTENT_APPROVAL,TIER_4,YES,NO,,VIDEO,VIDEO,21.mp4,VIDEO,,,,2186540,3dc31466270115a31895699849df0a0c6d2734ed32199822aa0501de301ea80c,
AST-000953,PRJ-LOCAL-0110,CAPABILITY_COLLECTION,Video Archive,TIER_D,UNREVIEWED,USE_AFTER_CONTENT_APPROVAL,TIER_4,YES,NO,,VIDEO,VIDEO,22.mp4,VIDEO,,,,3191827,df523ad39e67aec3bf2c05408e18f9cfad7565f19f3f008a6f181c6dd912216b,
AST-000954,PRJ-LOCAL-0110,CAPABILITY_COLLECTION,Video Archive,TIER_D,UNREVIEWED,USE_AFTER_CONTENT_APPROVAL,TIER_4,YES,NO,,VIDEO,VIDEO,23.mp4,VIDEO,,,,2734091,f0b7be595a6338cc5f815b2506946488e111ae5c004ecfa1e84ac8657e2ef070,
AST-000955,PRJ-LOCAL-0110,CAPABILITY_COLLECTION,Video Archive,TIER_D,UNREVIEWED,USE_AFTER_CONTENT_APPROVAL,TIER_4,YES,NO,,VIDEO,VIDEO,24.mp4,VIDEO,,,,2824621,e98add0a736340811658820c36e79ae8dac9dcee2ea87d766526650ed7ce19d8,
AST-000956,PRJ-LOCAL-0110,CAPABILITY_COLLECTION,Video Archive,TIER_D,UNREVIEWED,USE_AFTER_CONTENT_APPROVAL,TIER_4,YES,NO,,VIDEO,VIDEO,25.mp4,VIDEO,,,,5051454,dba659a75386cc359251bbc221db11976457961bca2261ca61df4fb91ca0ce63,
AST-000957,PRJ-LOCAL-0110,CAPABILITY_COLLECTION,Video Archive,TIER_D,UNREVIEWED,USE_AFTER_CONTENT_APPROVAL,TIER_4,YES,NO,,VIDEO,VIDEO,26.mp4,VIDEO,,,,1254957,ba93ddd97ee7e14bffabde8a3fc3a1d1e27ca6780f98f45305653f860eef7b2a,
AST-000958,PRJ-LOCAL-0110,CAPABILITY_COLLECTION,Video Archive,TIER_D,UNREVIEWED,USE_AFTER_CONTENT_APPROVAL,TIER_4,YES,NO,,VIDEO,VIDEO,27.mp4,VIDEO,,,,2189345,2f0ad6646a8200282252cbc5ddc1380f67610b47dece58ca3c2fd51688ac8b6e,
AST-000959,PRJ-LOCAL-0110,CAPABILITY_COLLECTION,Video Archive,TIER_D,UNREVIEWED,USE_AFTER_CONTENT_APPROVAL,TIER_4,YES,NO,,VIDEO,VIDEO,28.mp4,VIDEO,,,,26165067,d6080e46aadea3fba51ddffa70b3c430cf5359321e4ff6ace112b77c47f5547f,
AST-000960,PRJ-LOCAL-0110,CAPABILITY_COLLECTION,Video Archive,TIER_D,UNREVIEWED,USE_AFTER_CONTENT_APPROVAL,TIER_4,YES,NO,,VIDEO,VIDEO,28a.mp4,VIDEO,,,,26746593,9f693d25e335f8f86236244f3418c5ade0804623e6f62d007c9b6c0abe3009e1,
AST-000961,PRJ-LOCAL-0110,CAPABILITY_COLLECTION,Video Archive,TIER_D,UNREVIEWED,USE_AFTER_CONTENT_APPROVAL,TIER_4,YES,NO,,VIDEO,VIDEO,29.mp4,VIDEO,,,,9158036,7561935703354c78775b4f1a6c7e808c6d2009ed017326563d5feb48acd29f2a,
AST-000962,PRJ-LOCAL-0110,CAPABILITY_COLLECTION,Video Archive,TIER_D,UNREVIEWED,USE_AFTER_CONTENT_APPROVAL,TIER_4,YES,NO,,VIDEO,VIDEO,3.mp4,VIDEO,,,,5234362,f57f6761c2b444554f6230726ac94f337f2e5eaecc30f450409dfafcf5a29736,
AST-000963,PRJ-LOCAL-0110,CAPABILITY_COLLECTION,Video Archive,TIER_D,UNREVIEWED,USE_AFTER_CONTENT_APPROVAL,TIER_4,YES,NO,,VIDEO,VIDEO,30.mp4,VIDEO,,,,3453458,d15c72a63c0ad0e0140ad874a818b17b4c75ded02960066abaec5f1b67900c8d,
AST-000964,PRJ-LOCAL-0110,CAPABILITY_COLLECTION,Video Archive,TIER_D,UNREVIEWED,USE_AFTER_CONTENT_APPROVAL,TIER_4,YES,NO,,VIDEO,VIDEO,31.mp4,VIDEO,,,,4560318,821f99ea79db1f5ac284cd4f439220e19da8041cef80d569267b0f06048e4a18,
AST-000965,PRJ-LOCAL-0110,CAPABILITY_COLLECTION,Video Archive,TIER_D,UNREVIEWED,USE_AFTER_CONTENT_APPROVAL,TIER_4,YES,NO,,VIDEO,VIDEO,32.mp4,VIDEO,,,,7692770,1fce0247a8113d12e5b85a23361943f68c1e80f02146fc2454111bfea43710f3,
AST-000966,PRJ-LOCAL-0110,CAPABILITY_COLLECTION,Video Archive,TIER_D,UNREVIEWED,USE_AFTER_CONTENT_APPROVAL,TIER_4,YES,NO,,VIDEO,VIDEO,33.mp4,VIDEO,,,,9758859,2e3105ee7fdc447a78d603af8f9eadfeaaff7cf99ee4624891e94c481800c515,
AST-000967,PRJ-LOCAL-0110,CAPABILITY_COLLECTION,Video Archive,TIER_D,UNREVIEWED,USE_AFTER_CONTENT_APPROVAL,TIER_4,YES,NO,,VIDEO,VIDEO,34.mp4,VIDEO,,,,6388819,16fc968c7ca0742a0b43fdb10e3c22a90f445800435fef1b9e79cb4f5b268c37,
AST-000968,PRJ-LOCAL-0110,CAPABILITY_COLLECTION,Video Archive,TIER_D,UNREVIEWED,USE_AFTER_CONTENT_APPROVAL,TIER_4,YES,NO,,VIDEO,VIDEO,35.mp4,VIDEO,,,,4701147,9839577b76f708c132c3c680f048944b63fe9d0ff1b25a9f25b62313ff085489,
AST-000969,PRJ-LOCAL-0110,CAPABILITY_COLLECTION,Video Archive,TIER_D,UNREVIEWED,USE_AFTER_CONTENT_APPROVAL,TIER_4,YES,NO,,VIDEO,VIDEO,36.mp4,VIDEO,,,,5792115,2f9704e1ef639c5aba6c0b46309abe5e6ee20c96abade3eab3883fb1fe69d201,
AST-000970,PRJ-LOCAL-0110,CAPABILITY_COLLECTION,Video Archive,TIER_D,UNREVIEWED,USE_AFTER_CONTENT_APPROVAL,TIER_4,YES,NO,,VIDEO,VIDEO,37.mp4,VIDEO,,,,3776454,80d026a378e062aceaea38b18da15a9ba71e89ecda0e3241be64ce43886052e9,
AST-000971,PRJ-LOCAL-0110,CAPABILITY_COLLECTION,Video Archive,TIER_D,UNREVIEWED,USE_AFTER_CONTENT_APPROVAL,TIER_4,YES,NO,,VIDEO,VIDEO,38.mp4,VIDEO,,,,18650449,9c6ece697019926cf97c2f27992777a583a3e2e8261ef9b59158df4f8b52be26,
AST-000972,PRJ-LOCAL-0110,CAPABILITY_COLLECTION,Video Archive,TIER_D,UNREVIEWED,USE_AFTER_CONTENT_APPROVAL,TIER_4,YES,NO,,VIDEO,VIDEO,39.mp4,VIDEO,,,,2304164,61c1833dab3846cd2603ae4fab9d92f37054391ca7f667943713e08a1a4f474c,
AST-000973,PRJ-LOCAL-0110,CAPABILITY_COLLECTION,Video Archive,TIER_D,UNREVIEWED,USE_AFTER_CONTENT_APPROVAL,TIER_4,YES,NO,,VIDEO,VIDEO,4.mp4,VIDEO,,,,3585090,070ce1b4245003af82065993a57e49efd1bdd60327a37a455ddc2f7f19061e8d,
AST-000974,PRJ-LOCAL-0110,CAPABILITY_COLLECTION,Video Archive,TIER_D,UNREVIEWED,USE_AFTER_CONTENT_APPROVAL,TIER_4,YES,NO,,VIDEO,VIDEO,40.mp4,VIDEO,,,,1023920,17620269b26e0c59d75115fa5bc33171697eb7baca28a20bda2fe7c177315351,
AST-000975,PRJ-LOCAL-0110,CAPABILITY_COLLECTION,Video Archive,TIER_D,UNREVIEWED,USE_AFTER_CONTENT_APPROVAL,TIER_4,YES,NO,,VIDEO,VIDEO,41.mp4,VIDEO,,,,2225971,662d394b198398763a991741b02f29c4e7e678c8d815a0c2bec3bb1ab114fbba,
AST-000976,PRJ-LOCAL-0110,CAPABILITY_COLLECTION,Video Archive,TIER_D,UNREVIEWED,USE_AFTER_CONTENT_APPROVAL,TIER_4,YES,NO,DUP-00358,VIDEO,VIDEO,42.mp4,VIDEO,,,,11694803,41f68bf1a310c96e6f02fc77cab84e70ba8acef88d9ae4c3350b80a7da6f5fd5,
AST-000978,PRJ-LOCAL-0110,CAPABILITY_COLLECTION,Video Archive,TIER_D,UNREVIEWED,USE_AFTER_CONTENT_APPROVAL,TIER_4,YES,NO,,VIDEO,VIDEO,43.mp4,VIDEO,,,,6959259,ccc2c79f110789a9ebb40b5a4db90e72d301facc16ee038832fe0266a74fc2bb,
AST-000979,PRJ-LOCAL-0110,CAPABILITY_COLLECTION,Video Archive,TIER_D,UNREVIEWED,USE_AFTER_CONTENT_APPROVAL,TIER_4,YES,NO,,VIDEO,VIDEO,5.mp4,VIDEO,,,,3237871,c46504b1dcc15fb920e5b55b3a01d727e60df7d5ef9438b3c984390b13f3e9f2,
AST-000980,PRJ-LOCAL-0110,CAPABILITY_COLLECTION,Video Archive,TIER_D,UNREVIEWED,USE_AFTER_CONTENT_APPROVAL,TIER_4,YES,NO,,VIDEO,VIDEO,6.mp4,VIDEO,,,,5552422,d9bcd22dd14aa74107f244c0e74cef54dda460c57583a83c50ff4155cbb84402,
AST-000981,PRJ-LOCAL-0110,CAPABILITY_COLLECTION,Video Archive,TIER_D,UNREVIEWED,USE_AFTER_CONTENT_APPROVAL,TIER_4,YES,NO,,VIDEO,VIDEO,7.mp4,VIDEO,,,,3571228,90ae9b7690640aff7fec0d63ea68628263bc6f3cc6a48ef4cb0e2f208551ab05,
AST-000982,PRJ-LOCAL-0110,CAPABILITY_COLLECTION,Video Archive,TIER_D,UNREVIEWED,USE_AFTER_CONTENT_APPROVAL,TIER_4,YES,NO,,VIDEO,VIDEO,8.mp4,VIDEO,,,,1610133,73fd8542fd0bddd71e88f15204790465f223a201cd2008982d6515675e3b2286,
AST-000983,PRJ-LOCAL-0110,CAPABILITY_COLLECTION,Video Archive,TIER_D,UNREVIEWED,USE_AFTER_CONTENT_APPROVAL,TIER_4,YES,NO,,VIDEO,VIDEO,9.mp4,VIDEO,,,,4378251,abf90814b8b5451f0b9935771a771b3d690f6f652b123c1a15b819e53b66038f,
AST-000984,PRJ-LOCAL-0060,PORTFOLIO_COLLECTION,Web Design Portfolio,TIER_C,RESTORATION_CANDIDATE,USE_AFTER_CONTENT_APPROVAL,TIER_4,YES,NO,DUP-00033,WEB DESIGN,GKV Law Firm,GKV Law Firm 2.jpg,IMAGE,VERY_LOW,400,338,124931,6ba2420ad4b8a92c65e4f5c0f930d515e13e0ed38b31575fb712344b746d3cb3,
AST-000985,PRJ-LOCAL-0060,PORTFOLIO_COLLECTION,Web Design Portfolio,TIER_C,RESTORATION_CANDIDATE,USE_AFTER_CONTENT_APPROVAL,TIER_4,YES,NO,DUP-00034,WEB DESIGN,GKV Law Firm,GKVLawFirm.jpg,IMAGE,VERY_LOW,660,274,97858,2a97ab9e5f76c83b7d59fb8638a114ce3bb28f3e1acb2b088d5a5bfa2f5f1a28,
AST-000986,PRJ-LOCAL-0060,PORTFOLIO_COLLECTION,Web Design Portfolio,TIER_C,RESTORATION_CANDIDATE,USE_AFTER_CONTENT_APPROVAL,TIER_4,YES,NO,DUP-00053,WEB DESIGN,MBA Air,MBA Air 2.jpg,IMAGE,VERY_LOW,400,323,157165,cd7b9fcbc0f6f6645fa2d31ae81264556d6c7399b3e0af45bca81a96899650b0,
AST-000987,PRJ-LOCAL-0060,PORTFOLIO_COLLECTION,Web Design Portfolio,TIER_C,RESTORATION_CANDIDATE,USE_AFTER_CONTENT_APPROVAL,TIER_4,YES,NO,DUP-00054,WEB DESIGN,MBA Air,MBA_Air.jpg,IMAGE,VERY_LOW,660,274,97413,8007d782df17ff84d8eef426bc8585151604687d34707127fcb32e2d3a8bba3b,
AST-000988,PRJ-LOCAL-0060,PORTFOLIO_COLLECTION,Web Design Portfolio,TIER_C,RESTORATION_CANDIDATE,USE_AFTER_CONTENT_APPROVAL,TIER_4,YES,NO,DUP-00101,WEB DESIGN,Suna Salon,Suna Salon 2.jpg,IMAGE,VERY_LOW,400,321,119304,299eba391ffb26c097c95f103c6ff0027a05a69074c7f9c1464b54e6fee8d9d9,
AST-000989,PRJ-LOCAL-0060,PORTFOLIO_COLLECTION,Web Design Portfolio,TIER_C,RESTORATION_CANDIDATE,USE_AFTER_CONTENT_APPROVAL,TIER_4,YES,NO,DUP-00102,WEB DESIGN,Suna Salon,SunaSalon.jpg,IMAGE,VERY_LOW,660,274,106322,7109e0261431f6c63bff6b0ea85c463ae910b6a647ef1dcecbb6a4c9548c30b2,
AST-000990,PRJ-LOCAL-0060,PORTFOLIO_COLLECTION,Web Design Portfolio,TIER_C,RESTORATION_CANDIDATE,USE_AFTER_CONTENT_APPROVAL,TIER_4,YES,NO,DUP-00115,WEB DESIGN,Tutor My Kid,Tutor My Kid 2.jpg,IMAGE,VERY_LOW,400,322,126701,b229252c10ea0a2312f0c850d3b71d6d3d037d8a70463d92ced19293800f75e7,
AST-000991,PRJ-LOCAL-0060,PORTFOLIO_COLLECTION,Web Design Portfolio,TIER_C,RESTORATION_CANDIDATE,USE_AFTER_CONTENT_APPROVAL,TIER_4,YES,NO,DUP-00258,WEB DESIGN,Tutor My Kid,tmk.jpg,IMAGE,VERY_LOW,660,274,124597,cf4032ef16fddb3425fe5d557cecd7a1fe406db6830cb59831696d425595c695,
AST-000992,PRJ-LOCAL-0060,PORTFOLIO_COLLECTION,Web Design Portfolio,TIER_C,RESTORATION_CANDIDATE,USE_AFTER_CONTENT_APPROVAL,TIER_4,YES,NO,DUP-00124,WEB DESIGN,Your Lucky Eye,Your Lucky Eye 2.jpg,IMAGE,VERY_LOW,400,338,124228,f0d52bb66ca5f22056f677716f932fb67d34b9f30a2092b5806a9c92ebe42309,
AST-000993,PRJ-LOCAL-0060,PORTFOLIO_COLLECTION,Web Design Portfolio,TIER_C,RESTORATION_CANDIDATE,USE_AFTER_CONTENT_APPROVAL,TIER_4,YES,NO,DUP-00266,WEB DESIGN,Your Lucky Eye,your_lucky_eye.jpg,IMAGE,VERY_LOW,660,274,99020,571b4436ea8cbca9c3de17374643650ebb42d29505de4c41a908ac97bfda3e02,
