asset_id,source_root,relative_path,parent_folder,grandparent_folder,filename,filename_stem,extension,mime_type,media_class,size_bytes,size_mb,width,height,aspect_ratio,orientation,duration_seconds,video_codec,video_fps,audio_present,page_count,created_timestamp,modified_timestamp,exif_date,camera_make,camera_model,software_metadata,sha256,exact_duplicate_group,source_category,source_subcategory,source_project_candidate,evidence_basis,classification_status,review_priority,migration_status,resolution_class,derivative_candidate,master_candidate_asset_id,phase0a_match,local_match_confidence,notes
AST-000001,/Users/fredrick/Documents/Vayva-Tech/vayva-polyrepo/123Design/Images & Videos,ALL/5717newpoohsmall.jpg,ALL,,5717newpoohsmall.jpg,5717newpoohsmall,.jpg,,IMAGE,44182,0.0421,640,525,128:105,LANDSCAPE,,,,,,2015-11-04T01:42:34+00:00,2015-11-04T01:42:34+00:00,2015-11-04 01:42:34 +0000,,,,9be4100b68b5a4e02346225963da4adeb313c913f6bec84354cc3da89cc9c62d,DUP-00001,ALL,,,ROOT_FOLDER,UNCLASSIFIED,P2,NOT_REVIEWED,VERY_LOW,NO,,,UNKNOWN,resolution_class=VERY_LOW
AST-000002,/Users/fredrick/Documents/Vayva-Tech/vayva-polyrepo/123Design/Images & Videos,ALL/ArmoredVehicleCamera-1.jpg,ALL,,ArmoredVehicleCamera-1.jpg,ArmoredVehicleCamera-1,.jpg,,IMAGE,48130,0.0459,660,274,330:137,LANDSCAPE,,,,,,2015-11-04T01:42:34+00:00,2015-11-04T01:42:34+00:00,2015-11-04 01:42:34 +0000,,,,c3078ef5463172749adc37038be70c522872aa3dbb5dbec50dca374aa8e988c8,DUP-00002,ALL,,,ROOT_FOLDER,UNCLASSIFIED,P2,NOT_REVIEWED,VERY_LOW,NO,,,UNKNOWN,resolution_class=VERY_LOW
AST-000003,/Users/fredrick/Documents/Vayva-Tech/vayva-polyrepo/123Design/Images & Videos,ALL/ArmoredVehicleCamera-2.jpg,ALL,,ArmoredVehicleCamera-2.jpg,ArmoredVehicleCamera-2,.jpg,,IMAGE,26200,0.025,400,284,100:71,LANDSCAPE,,,,,,2015-11-04T01:42:34+00:00,2015-11-04T01:42:34+00:00,2015-11-04 01:42:34 +0000,,,,80e743e3de727ae0fc01cfa145487464ec5b88339c84ccf04d071a8935c71477,DUP-00003,ALL,,,ROOT_FOLDER,UNCLASSIFIED,P2,NOT_REVIEWED,VERY_LOW,NO,,,UNKNOWN,resolution_class=VERY_LOW
AST-000004,/Users/fredrick/Documents/Vayva-Tech/vayva-polyrepo/123Design/Images & Videos,ALL/Binoculars-1.jpg,ALL,,Binoculars-1.jpg,Binoculars-1,.jpg,,IMAGE,19627,0.0187,660,274,330:137,LANDSCAPE,,,,,,2015-11-04T01:42:34+00:00,2015-11-04T01:42:34+00:00,2015-11-04 01:42:34 +0000,,,,0de2b587c5ae8291385fff6a5ac3ffaf9836dffdf217f1db11ec0f0e738ef28f,DUP-00004,ALL,,,ROOT_FOLDER,UNCLASSIFIED,P2,NOT_REVIEWED,VERY_LOW,NO,,,UNKNOWN,resolution_class=VERY_LOW
AST-000005,/Users/fredrick/Documents/Vayva-Tech/vayva-polyrepo/123Design/Images & Videos,ALL/Binoculars-2.jpg,ALL,,Binoculars-2.jpg,Binoculars-2,.jpg,,IMAGE,41431,0.0395,400,284,100:71,LANDSCAPE,,,,,,2015-11-04T01:42:34+00:00,2015-11-04T01:42:34+00:00,2010-07-08 21:02:09 +0000,,,,44127fe064b15e725ed3396d342da4d33a591dc2f8baf68fafb8c09973b17028,DUP-00005,ALL,,,ROOT_FOLDER,UNCLASSIFIED,P2,NOT_REVIEWED,VERY_LOW,NO,,,UNKNOWN,resolution_class=VERY_LOW
AST-000006,/Users/fredrick/Documents/Vayva-Tech/vayva-polyrepo/123Design/Images & Videos,ALL/Bomb_Squad_Robot-1.jpg,ALL,,Bomb_Squad_Robot-1.jpg,Bomb_Squad_Robot-1,.jpg,,IMAGE,19081,0.0182,660,274,330:137,LANDSCAPE,,,,,,2015-11-04T01:42:34+00:00,2015-11-04T01:42:34+00:00,2015-11-04 01:42:34 +0000,,,,924db7e4495b3b8269106c2a92873587af984c2af5268951a13e9b64e84509b1,DUP-00006,ALL,,,ROOT_FOLDER,UNCLASSIFIED,P2,NOT_REVIEWED,VERY_LOW,NO,,,UNKNOWN,resolution_class=VERY_LOW
AST-000007,/Users/fredrick/Documents/Vayva-Tech/vayva-polyrepo/123Design/Images & Videos,ALL/Bomb_Squad_Robot-2.jpg,ALL,,Bomb_Squad_Robot-2.jpg,Bomb_Squad_Robot-2,.jpg,,IMAGE,29628,0.0283,400,284,100:71,LANDSCAPE,,,,,,2015-11-04T01:42:34+00:00,2015-11-04T01:42:34+00:00,2015-11-04 01:42:34 +0000,,,,54267d1f90429c605f401fa6197c360232382610ad4eb2f6be90e7a539d748ce,DUP-00007,ALL,,,ROOT_FOLDER,UNCLASSIFIED,P2,NOT_REVIEWED,VERY_LOW,NO,,,UNKNOWN,resolution_class=VERY_LOW
AST-000008,/Users/fredrick/Documents/Vayva-Tech/vayva-polyrepo/123Design/Images & Videos,ALL/Business_phone-1.jpg,ALL,,Business_phone-1.jpg,Business_phone-1,.jpg,,IMAGE,72622,0.0693,660,310,66:31,LANDSCAPE,,,,,,2015-11-04T01:42:34+00:00,2015-11-04T01:42:34+00:00,2010-07-08 16:53:46 +0000,,,,91b97451b22ab15406f23971ae820a8902519fec6b6159e904d0172cf8bcdbbc,DUP-00008,ALL,,,ROOT_FOLDER,UNCLASSIFIED,P2,NOT_REVIEWED,VERY_LOW,NO,,,UNKNOWN,resolution_class=VERY_LOW
AST-000009,/Users/fredrick/Documents/Vayva-Tech/vayva-polyrepo/123Design/Images & Videos,ALL/Camcorder-1.jpg,ALL,,Camcorder-1.jpg,Camcorder-1,.jpg,,IMAGE,22887,0.0218,660,369,220:123,LANDSCAPE,,,,,,2015-11-04T01:42:34+00:00,2015-11-04T01:42:34+00:00,2015-11-04 01:42:34 +0000,,,,da5c7dfbc9484c3f9503fe414d27aa75554708e94190a7f1d105b31db472d71f,DUP-00009,ALL,,,ROOT_FOLDER,UNCLASSIFIED,P2,NOT_REVIEWED,VERY_LOW,NO,,,UNKNOWN,resolution_class=VERY_LOW
AST-000010,/Users/fredrick/Documents/Vayva-Tech/vayva-polyrepo/123Design/Images & Videos,ALL/Camcorder-2.jpg,ALL,,Camcorder-2.jpg,Camcorder-2,.jpg,,IMAGE,22444,0.0214,400,284,100:71,LANDSCAPE,,,,,,2015-11-04T01:42:34+00:00,2015-11-04T01:42:34+00:00,2015-11-04 01:42:34 +0000,,,,89a3318ff5fcbe76f301ec5799f68dc6abdcc423ef8e5031d517ca3fc1bef46c,DUP-00010,ALL,,,ROOT_FOLDER,UNCLASSIFIED,P2,NOT_REVIEWED,VERY_LOW,NO,,,UNKNOWN,resolution_class=VERY_LOW
AST-000011,/Users/fredrick/Documents/Vayva-Tech/vayva-polyrepo/123Design/Images & Videos,ALL/Catamaran-1.jpg,ALL,,Catamaran-1.jpg,Catamaran-1,.jpg,,IMAGE,172442,0.1645,660,274,330:137,LANDSCAPE,,,,,,2015-11-04T01:42:34+00:00,2015-11-04T01:42:34+00:00,2010-07-08 20:10:54 +0000,,,,45e11a481d9d017f89e3bc34067ac065c85128a5f01efdb010224892dbe49ef4,DUP-00011,ALL,,,ROOT_FOLDER,UNCLASSIFIED,P2,NOT_REVIEWED,VERY_LOW,NO,,,UNKNOWN,resolution_class=VERY_LOW
AST-000012,/Users/fredrick/Documents/Vayva-Tech/vayva-polyrepo/123Design/Images & Videos,ALL/Catamaran-2.jpg,ALL,,Catamaran-2.jpg,Catamaran-2,.jpg,,IMAGE,32395,0.0309,400,284,100:71,LANDSCAPE,,,,,,2015-11-04T01:42:34+00:00,2015-11-04T01:42:34+00:00,2015-11-04 01:42:34 +0000,,,,3f208e6637346bfe47882f7d9ea87810087c6cc83ed7424d9d6d54b6b0418c0d,DUP-00012,ALL,,,ROOT_FOLDER,UNCLASSIFIED,P2,NOT_REVIEWED,VERY_LOW,NO,,,UNKNOWN,resolution_class=VERY_LOW
AST-000013,/Users/fredrick/Documents/Vayva-Tech/vayva-polyrepo/123Design/Images & Videos,ALL/Charlotte  photos 11-20-09 084 (2).jpg,ALL,,Charlotte  photos 11-20-09 084 (2).jpg,Charlotte  photos 11-20-09 084 (2),.jpg,,IMAGE,66502,0.0634,800,600,4:3,LANDSCAPE,,,,,,2015-11-04T01:42:35+00:00,2015-11-04T01:42:35+00:00,2015-11-04 01:42:35 +0000,,,,0f8b5deb9d4f4a097f22029bbfbfbfdf95953b4c3b18f786ef188a4dad9f6a6b,DUP-00013,ALL,,,ROOT_FOLDER,UNCLASSIFIED,P2,NOT_REVIEWED,VERY_LOW,NO,,,UNKNOWN,resolution_class=VERY_LOW
AST-000014,/Users/fredrick/Documents/Vayva-Tech/vayva-polyrepo/123Design/Images & Videos,ALL/Charlotte  photos 11-20-09 087 (2).jpg,ALL,,Charlotte  photos 11-20-09 087 (2).jpg,Charlotte  photos 11-20-09 087 (2),.jpg,,IMAGE,61145,0.0583,800,600,4:3,LANDSCAPE,,,,,,2015-11-04T01:42:35+00:00,2015-11-04T01:42:35+00:00,2015-11-04 01:42:35 +0000,,,,a0daff7d2a6588596785185e7e8e7c3283e2cac1978e4f69a5fd85da627b9956,DUP-00014,ALL,,,ROOT_FOLDER,UNCLASSIFIED,P2,NOT_REVIEWED,VERY_LOW,NO,,,UNKNOWN,resolution_class=VERY_LOW
AST-000015,/Users/fredrick/Documents/Vayva-Tech/vayva-polyrepo/123Design/Images & Videos,ALL/Charlotte  photos 11-20-09 092 (2).jpg,ALL,,Charlotte  photos 11-20-09 092 (2).jpg,Charlotte  photos 11-20-09 092 (2),.jpg,,IMAGE,47226,0.045,800,600,4:3,LANDSCAPE,,,,,,2015-11-04T01:42:35+00:00,2015-11-04T01:42:35+00:00,2015-11-04 01:42:35 +0000,,,,46e5cd4dc973ef9d608409b0059de87f397e54a4d5daa6323b799cb2b7586a99,DUP-00015,ALL,,,ROOT_FOLDER,UNCLASSIFIED,P2,NOT_REVIEWED,VERY_LOW,NO,,,UNKNOWN,resolution_class=VERY_LOW
AST-000016,/Users/fredrick/Documents/Vayva-Tech/vayva-polyrepo/123Design/Images & Videos,ALL/Cleanser-1.jpg,ALL,,Cleanser-1.jpg,Cleanser-1,.jpg,,IMAGE,64706,0.0617,660,274,330:137,LANDSCAPE,,,,,,2015-11-04T01:42:35+00:00,2015-11-04T01:42:35+00:00,2010-07-08 21:59:25 +0000,,,,46488437230e895410982df44877420fbc9a5d5a920aae28a9ce1c8d49f55deb,DUP-00016,ALL,,,ROOT_FOLDER,UNCLASSIFIED,P2,NOT_REVIEWED,VERY_LOW,NO,,,UNKNOWN,resolution_class=VERY_LOW
AST-000017,/Users/fredrick/Documents/Vayva-Tech/vayva-polyrepo/123Design/Images & Videos,ALL/Cleanser-2.jpg,ALL,,Cleanser-2.jpg,Cleanser-2,.jpg,,IMAGE,77971,0.0744,400,284,100:71,LANDSCAPE,,,,,,2015-11-04T01:42:35+00:00,2015-11-04T01:42:35+00:00,2010-07-08 22:00:07 +0000,,,,d6648d556e9e81d21a7a4335bfc6f4e231b32b40ff82e30ccc6d199d5abe44d0,DUP-00017,ALL,,,ROOT_FOLDER,UNCLASSIFIED,P2,NOT_REVIEWED,VERY_LOW,NO,,,UNKNOWN,resolution_class=VERY_LOW
AST-000018,/Users/fredrick/Documents/Vayva-Tech/vayva-polyrepo/123Design/Images & Videos,ALL/Commercia_img.jpg,ALL,,Commercia_img.jpg,Commercia_img,.jpg,,IMAGE,13320,0.0127,660,369,220:123,LANDSCAPE,,,,,,2015-11-04T01:42:35+00:00,2015-11-04T01:42:35+00:00,2015-11-04 01:42:35 +0000,,,,9e1efacaf729b5da7b62337fdc448fa74ca7ddefc16d5f5b61f6310deee3de92,DUP-00018,ALL,,,ROOT_FOLDER,UNCLASSIFIED,P2,NOT_REVIEWED,VERY_LOW,NO,,,UNKNOWN,resolution_class=VERY_LOW
AST-000019,/Users/fredrick/Documents/Vayva-Tech/vayva-polyrepo/123Design/Images & Videos,ALL/Communication_main_2.jpg,ALL,,Communication_main_2.jpg,Communication_main_2,.jpg,,IMAGE,47272,0.0451,400,284,100:71,LANDSCAPE,,,,,,2015-11-04T01:42:35+00:00,2015-11-04T01:42:35+00:00,2010-07-08 16:41:35 +0000,,,,6aa0440675b066b3cb6821bf08bcc68d997c809d09d07064ace65bb3d810d090,DUP-00019,ALL,,,ROOT_FOLDER,UNCLASSIFIED,P2,NOT_REVIEWED,VERY_LOW,NO,,,UNKNOWN,resolution_class=VERY_LOW
AST-000020,/Users/fredrick/Documents/Vayva-Tech/vayva-polyrepo/123Design/Images & Videos,ALL/Communication_main_img.jpg,ALL,,Communication_main_img.jpg,Communication_main_img,.jpg,,IMAGE,84233,0.0803,660,369,220:123,LANDSCAPE,,,,,,2015-11-04T01:42:35+00:00,2015-11-04T01:42:35+00:00,2010-06-24 14:59:08 +0000,,,,71fac3a1d246cf8a5e3cad5662d7937e221fff37368600568af4edc49af6ade7,DUP-00020,ALL,,,ROOT_FOLDER,UNCLASSIFIED,P2,NOT_REVIEWED,VERY_LOW,NO,,,UNKNOWN,resolution_class=VERY_LOW
AST-000021,/Users/fredrick/Documents/Vayva-Tech/vayva-polyrepo/123Design/Images & Videos,ALL/DSC02427.JPG,ALL,,DSC02427.JPG,DSC02427,.jpg,,IMAGE,144835,0.1381,640,480,4:3,LANDSCAPE,,,,,,2015-11-04T01:42:35+00:00,2015-11-04T01:42:35+00:00,2006-02-20 18:32:04 +0000,SONY,DSC-P100,,9dc56a96783def73f5ddca9c84f230f1fe68b5da56b7a72fe89f3da9da82654d,DUP-00021,ALL,,,ROOT_FOLDER,UNCLASSIFIED,P2,NOT_REVIEWED,VERY_LOW,NO,,,UNKNOWN,resolution_class=VERY_LOW
AST-000022,/Users/fredrick/Documents/Vayva-Tech/vayva-polyrepo/123Design/Images & Videos,ALL/DVD Player.jpg,ALL,,DVD Player.jpg,DVD Player,.jpg,,IMAGE,129884,0.1239,660,443,660:443,LANDSCAPE,,,,,,2015-11-04T01:42:35+00:00,2015-11-04T01:42:35+00:00,2010-07-21 15:33:18 +0000,,,,264aa0361495bcebc83046634c3e27537f638630c31814bb65e327b593570458,DUP-00022,ALL,,,ROOT_FOLDER,UNCLASSIFIED,P2,NOT_REVIEWED,VERY_LOW,NO,,,UNKNOWN,resolution_class=VERY_LOW
AST-000023,/Users/fredrick/Documents/Vayva-Tech/vayva-polyrepo/123Design/Images & Videos,ALL/DVD Player_2.jpg,ALL,,DVD Player_2.jpg,DVD Player_2,.jpg,,IMAGE,56699,0.0541,400,314,200:157,LANDSCAPE,,,,,,2015-11-04T01:42:35+00:00,2015-11-04T01:42:35+00:00,2010-07-21 15:34:04 +0000,,,,6e50e5eaf8e9694f2ccfbe2b71eda88ef469bb35265995e9b09691a9f629c3bc,DUP-00023,ALL,,,ROOT_FOLDER,UNCLASSIFIED,P2,NOT_REVIEWED,VERY_LOW,NO,,,UNKNOWN,resolution_class=VERY_LOW
AST-000024,/Users/fredrick/Documents/Vayva-Tech/vayva-polyrepo/123Design/Images & Videos,ALL/Diamond-1.jpg,ALL,,Diamond-1.jpg,Diamond-1,.jpg,,IMAGE,163581,0.156,660,274,330:137,LANDSCAPE,,,,,,2015-11-04T01:42:35+00:00,2015-11-04T01:42:35+00:00,2010-07-08 19:56:48 +0000,,,,78fb978a6c4bcce42b3ccfe461cc62c2f45321a3c3b1b43d4df778f7248530ba,DUP-00024,ALL,,,ROOT_FOLDER,UNCLASSIFIED,P2,NOT_REVIEWED,VERY_LOW,NO,,,UNKNOWN,resolution_class=VERY_LOW
AST-000025,/Users/fredrick/Documents/Vayva-Tech/vayva-polyrepo/123Design/Images & Videos,ALL/Diamond-2.jpg,ALL,,Diamond-2.jpg,Diamond-2,.jpg,,IMAGE,102959,0.0982,400,284,100:71,LANDSCAPE,,,,,,2015-11-04T01:42:35+00:00,2015-11-04T01:42:35+00:00,2010-07-08 19:57:31 +0000,,,,0a3a52852817f41ac98efc54631602a29719439f159ae771406ba076cb28b605,DUP-00025,ALL,,,ROOT_FOLDER,UNCLASSIFIED,P2,NOT_REVIEWED,VERY_LOW,NO,,,UNKNOWN,resolution_class=VERY_LOW
AST-000026,/Users/fredrick/Documents/Vayva-Tech/vayva-polyrepo/123Design/Images & Videos,ALL/Dictaphone-1.jpg,ALL,,Dictaphone-1.jpg,Dictaphone-1,.jpg,,IMAGE,80411,0.0767,660,274,330:137,LANDSCAPE,,,,,,2015-11-04T01:42:35+00:00,2015-11-04T01:42:35+00:00,2010-07-08 19:43:30 +0000,,,,bf8f31842a0a28693ee05d86252583c1e944a91f4e1225b9a308e1d5de114a97,DUP-00026,ALL,,,ROOT_FOLDER,UNCLASSIFIED,P2,NOT_REVIEWED,VERY_LOW,NO,,,UNKNOWN,resolution_class=VERY_LOW
AST-000027,/Users/fredrick/Documents/Vayva-Tech/vayva-polyrepo/123Design/Images & Videos,ALL/Dictaphone-2.jpg,ALL,,Dictaphone-2.jpg,Dictaphone-2,.jpg,,IMAGE,71448,0.0681,400,284,100:71,LANDSCAPE,,,,,,2015-11-04T01:42:35+00:00,2015-11-04T01:42:35+00:00,2010-07-08 19:43:52 +0000,,,,90aafc85b7fdd84faa4d81dcbe61e7f90073b1356894c654b5bca14a8c08b430,DUP-00027,ALL,,,ROOT_FOLDER,UNCLASSIFIED,P2,NOT_REVIEWED,VERY_LOW,NO,,,UNKNOWN,resolution_class=VERY_LOW
AST-000028,/Users/fredrick/Documents/Vayva-Tech/vayva-polyrepo/123Design/Images & Videos,ALL/Dumbbells-1.jpg,ALL,,Dumbbells-1.jpg,Dumbbells-1,.jpg,,IMAGE,23686,0.0226,660,341,60:31,LANDSCAPE,,,,,,2015-11-04T01:42:35+00:00,2015-11-04T01:42:35+00:00,2015-11-04 01:42:35 +0000,,,,ea264e3e2ceebcd409de7db45f3e286878042765261d220ab2b6edb10c894677,DUP-00028,ALL,,,ROOT_FOLDER,UNCLASSIFIED,P2,NOT_REVIEWED,VERY_LOW,NO,,,UNKNOWN,resolution_class=VERY_LOW
AST-000029,/Users/fredrick/Documents/Vayva-Tech/vayva-polyrepo/123Design/Images & Videos,ALL/Dumbbells-2.jpg,ALL,,Dumbbells-2.jpg,Dumbbells-2,.jpg,,IMAGE,22825,0.0218,400,284,100:71,LANDSCAPE,,,,,,2015-11-04T01:42:35+00:00,2015-11-04T01:42:35+00:00,2015-11-04 01:42:35 +0000,,,,25890463753eb88acc1629e54d45a623a8e1f78dce37f8be051094f5787eb84e,DUP-00029,ALL,,,ROOT_FOLDER,UNCLASSIFIED,P2,NOT_REVIEWED,VERY_LOW,NO,,,UNKNOWN,resolution_class=VERY_LOW
AST-000030,/Users/fredrick/Documents/Vayva-Tech/vayva-polyrepo/123Design/Images & Videos,ALL/FAN1.jpg,ALL,,FAN1.jpg,FAN1,.jpg,,IMAGE,44337,0.0423,660,518,330:259,LANDSCAPE,,,,,,2015-11-04T01:42:35+00:00,2015-11-04T01:42:35+00:00,2015-11-04 01:42:35 +0000,,,,9fb502a451097bebc29639a354d62a237b6bb993f0098ff040aea5e83f297736,DUP-00030,ALL,,,ROOT_FOLDER,UNCLASSIFIED,P2,NOT_REVIEWED,VERY_LOW,NO,,,UNKNOWN,resolution_class=VERY_LOW
AST-000031,/Users/fredrick/Documents/Vayva-Tech/vayva-polyrepo/123Design/Images & Videos,ALL/FAN2.jpg,ALL,,FAN2.jpg,FAN2,.jpg,,IMAGE,62180,0.0593,660,518,330:259,LANDSCAPE,,,,,,2015-11-04T01:42:35+00:00,2015-11-04T01:42:35+00:00,2015-11-04 01:42:35 +0000,,,,7613e7b41b05fd809cb10184ab65d5d0c5328d0614c9173c000c13484659c879,DUP-00031,ALL,,,ROOT_FOLDER,UNCLASSIFIED,P2,NOT_REVIEWED,VERY_LOW,NO,,,UNKNOWN,resolution_class=VERY_LOW
AST-000032,/Users/fredrick/Documents/Vayva-Tech/vayva-polyrepo/123Design/Images & Videos,ALL/FAN3.jpg,ALL,,FAN3.jpg,FAN3,.jpg,,IMAGE,28672,0.0273,660,518,330:259,LANDSCAPE,,,,,,2015-11-04T01:42:35+00:00,2015-11-04T01:42:35+00:00,2015-11-04 01:42:35 +0000,,,,21c9041323e8d79318d4acff52a52ba3a79722735c8371efdf2ebeeaed52a538,DUP-00032,ALL,,,ROOT_FOLDER,UNCLASSIFIED,P2,NOT_REVIEWED,VERY_LOW,NO,,,UNKNOWN,resolution_class=VERY_LOW
AST-000033,/Users/fredrick/Documents/Vayva-Tech/vayva-polyrepo/123Design/Images & Videos,ALL/GKV Law Firm 2.jpg,ALL,,GKV Law Firm 2.jpg,GKV Law Firm 2,.jpg,,IMAGE,124931,0.1191,400,338,200:169,LANDSCAPE,,,,,,2015-11-04T01:42:36+00:00,2015-11-04T01:42:36+00:00,2010-07-21 15:42:37 +0000,,,,6ba2420ad4b8a92c65e4f5c0f930d515e13e0ed38b31575fb712344b746d3cb3,DUP-00033,ALL,,,ROOT_FOLDER,UNCLASSIFIED,P2,NOT_REVIEWED,VERY_LOW,NO,,,UNKNOWN,resolution_class=VERY_LOW
AST-000034,/Users/fredrick/Documents/Vayva-Tech/vayva-polyrepo/123Design/Images & Videos,ALL/GKVLawFirm.jpg,ALL,,GKVLawFirm.jpg,GKVLawFirm,.jpg,,IMAGE,97858,0.0933,660,274,330:137,LANDSCAPE,,,,,,2015-11-04T01:42:36+00:00,2015-11-04T01:42:36+00:00,2010-07-08 21:13:46 +0000,,,,2a97ab9e5f76c83b7d59fb8638a114ce3bb28f3e1acb2b088d5a5bfa2f5f1a28,DUP-00034,ALL,,,ROOT_FOLDER,UNCLASSIFIED,P2,NOT_REVIEWED,VERY_LOW,NO,,,UNKNOWN,resolution_class=VERY_LOW
AST-000035,/Users/fredrick/Documents/Vayva-Tech/vayva-polyrepo/123Design/Images & Videos,ALL/GPS_Navigator-1.jpg,ALL,,GPS_Navigator-1.jpg,GPS_Navigator-1,.jpg,,IMAGE,103306,0.0985,660,310,66:31,LANDSCAPE,,,,,,2015-11-04T01:42:36+00:00,2015-11-04T01:42:36+00:00,2010-07-08 16:58:22 +0000,,,,ac2f101003535d5764863b017a1b34222b9fedd1ce1208bc6514b6ca479143e1,DUP-00035,ALL,,,ROOT_FOLDER,UNCLASSIFIED,P2,NOT_REVIEWED,VERY_LOW,NO,,,UNKNOWN,resolution_class=VERY_LOW
AST-000036,/Users/fredrick/Documents/Vayva-Tech/vayva-polyrepo/123Design/Images & Videos,ALL/GPS_Navigator-2.jpg,ALL,,GPS_Navigator-2.jpg,GPS_Navigator-2,.jpg,,IMAGE,94768,0.0904,400,284,100:71,LANDSCAPE,,,,,,2015-11-04T01:42:36+00:00,2015-11-04T01:42:36+00:00,2010-07-08 16:59:03 +0000,,,,7bd86e1f21f3d75483a93487391cfa073a14aec12ad445bc84cfdb04662fe83a,DUP-00036,ALL,,,ROOT_FOLDER,UNCLASSIFIED,P2,NOT_REVIEWED,VERY_LOW,NO,,,UNKNOWN,resolution_class=VERY_LOW
AST-000037,/Users/fredrick/Documents/Vayva-Tech/vayva-polyrepo/123Design/Images & Videos,ALL/Gyrocam-1.jpg,ALL,,Gyrocam-1.jpg,Gyrocam-1,.jpg,,IMAGE,41073,0.0392,660,274,330:137,LANDSCAPE,,,,,,2015-11-04T01:42:36+00:00,2015-11-04T01:42:36+00:00,2015-11-04 01:42:36 +0000,,,,a16aac5fd68ae4dcbe345fd5a4d7e6576d9bd8de85ab01fdb903444fbd888fd4,DUP-00037,ALL,,,ROOT_FOLDER,UNCLASSIFIED,P2,NOT_REVIEWED,VERY_LOW,NO,,,UNKNOWN,resolution_class=VERY_LOW
AST-000038,/Users/fredrick/Documents/Vayva-Tech/vayva-polyrepo/123Design/Images & Videos,ALL/Gyrocam-2.jpg,ALL,,Gyrocam-2.jpg,Gyrocam-2,.jpg,,IMAGE,14414,0.0137,400,284,100:71,LANDSCAPE,,,,,,2015-11-04T01:42:36+00:00,2015-11-04T01:42:36+00:00,2015-11-04 01:42:36 +0000,,,,89fd1e5daff9a52b99e16c7805fb9b75a6c770e98663b8533efdba739e61c585,DUP-00038,ALL,,,ROOT_FOLDER,UNCLASSIFIED,P2,NOT_REVIEWED,VERY_LOW,NO,,,UNKNOWN,resolution_class=VERY_LOW
AST-000039,/Users/fredrick/Documents/Vayva-Tech/vayva-polyrepo/123Design/Images & Videos,ALL/Handheld_Massager-1.jpg,ALL,,Handheld_Massager-1.jpg,Handheld_Massager-1,.jpg,,IMAGE,23330,0.0222,660,369,220:123,LANDSCAPE,,,,,,2015-11-04T01:42:36+00:00,2015-11-04T01:42:36+00:00,2015-11-04 01:42:36 +0000,,,,4f80f1bf310aa7d1815a8e89d950b99614ede40ae81529af7ab361ff48668062,DUP-00039,ALL,,,ROOT_FOLDER,UNCLASSIFIED,P2,NOT_REVIEWED,VERY_LOW,NO,,,UNKNOWN,resolution_class=VERY_LOW
AST-000040,/Users/fredrick/Documents/Vayva-Tech/vayva-polyrepo/123Design/Images & Videos,ALL/Handheld_Massager-2.jpg,ALL,,Handheld_Massager-2.jpg,Handheld_Massager-2,.jpg,,IMAGE,11547,0.011,400,284,100:71,LANDSCAPE,,,,,,2015-11-04T01:42:36+00:00,2015-11-04T01:42:36+00:00,2015-11-04 01:42:36 +0000,,,,c176b831f0e137e6a17ee3ab027960006657d182bb66a027cf2b94837cc7c744,DUP-00040,ALL,,,ROOT_FOLDER,UNCLASSIFIED,P2,NOT_REVIEWED,VERY_LOW,NO,,,UNKNOWN,resolution_class=VERY_LOW
AST-000041,/Users/fredrick/Documents/Vayva-Tech/vayva-polyrepo/123Design/Images & Videos,ALL/Haydar1.jpg,ALL,,Haydar1.jpg,Haydar1,.jpg,,IMAGE,55118,0.0526,640,427,640:427,LANDSCAPE,,,,,,2015-11-04T01:42:36+00:00,2015-11-04T01:42:36+00:00,2015-11-04 01:42:36 +0000,,,,67710c0ba4f9c50c247449f222b040f8c797b37bafcc5a48159b80efcffffc30,DUP-00041,ALL,,,ROOT_FOLDER,UNCLASSIFIED,P2,NOT_REVIEWED,VERY_LOW,NO,,,UNKNOWN,resolution_class=VERY_LOW
AST-000042,/Users/fredrick/Documents/Vayva-Tech/vayva-polyrepo/123Design/Images & Videos,ALL/Haydar2.jpg,ALL,,Haydar2.jpg,Haydar2,.jpg,,IMAGE,54796,0.0523,640,427,640:427,LANDSCAPE,,,,,,2015-11-04T01:42:36+00:00,2015-11-04T01:42:36+00:00,2015-11-04 01:42:36 +0000,,,,ebd802c7942ce7a2e935881cfe947ccbe84b41d2e2aa73a92d40b8e64564ebf1,DUP-00042,ALL,,,ROOT_FOLDER,UNCLASSIFIED,P2,NOT_REVIEWED,VERY_LOW,NO,,,UNKNOWN,resolution_class=VERY_LOW
AST-000043,/Users/fredrick/Documents/Vayva-Tech/vayva-polyrepo/123Design/Images & Videos,ALL/Haydar3.jpg,ALL,,Haydar3.jpg,Haydar3,.jpg,,IMAGE,64481,0.0615,640,427,640:427,LANDSCAPE,,,,,,2015-11-04T01:42:36+00:00,2015-11-04T01:42:36+00:00,2015-11-04 01:42:36 +0000,,,,3d5f082c4151f809096390edf3162556ba3a612ca28aada812cbeae41d295267,DUP-00043,ALL,,,ROOT_FOLDER,UNCLASSIFIED,P2,NOT_REVIEWED,VERY_LOW,NO,,,UNKNOWN,resolution_class=VERY_LOW
AST-000044,/Users/fredrick/Documents/Vayva-Tech/vayva-polyrepo/123Design/Images & Videos,ALL/Heavenly_Cigar-1.jpg,ALL,,Heavenly_Cigar-1.jpg,Heavenly_Cigar-1,.jpg,,IMAGE,53043,0.0506,660,274,330:137,LANDSCAPE,,,,,,2015-11-04T01:42:36+00:00,2015-11-04T01:42:36+00:00,2010-07-08 21:56:37 +0000,,,,f555b0bc179a8f15b105475b7c18c3865a16110979af976479a08716bdf696a8,DUP-00044,ALL,,,ROOT_FOLDER,UNCLASSIFIED,P2,NOT_REVIEWED,VERY_LOW,NO,,,UNKNOWN,resolution_class=VERY_LOW
AST-000045,/Users/fredrick/Documents/Vayva-Tech/vayva-polyrepo/123Design/Images & Videos,ALL/Hydra-1.jpg,ALL,,Hydra-1.jpg,Hydra-1,.jpg,,IMAGE,22158,0.0211,660,274,330:137,LANDSCAPE,,,,,,2015-11-04T01:42:36+00:00,2015-11-04T01:42:36+00:00,2015-11-04 01:42:36 +0000,,,,b3f937367401128792fa1846c81fa677a8ac38a91e538c4053b01670502af45e,DUP-00045,ALL,,,ROOT_FOLDER,UNCLASSIFIED,P2,NOT_REVIEWED,VERY_LOW,NO,,,UNKNOWN,resolution_class=VERY_LOW
AST-000046,/Users/fredrick/Documents/Vayva-Tech/vayva-polyrepo/123Design/Images & Videos,ALL/Hydra-2.jpg,ALL,,Hydra-2.jpg,Hydra-2,.jpg,,IMAGE,106833,0.1019,400,284,100:71,LANDSCAPE,,,,,,2015-11-04T01:42:36+00:00,2015-11-04T01:42:36+00:00,2010-07-08 20:01:39 +0000,,,,da8d325339cd240db4723f5edcdaa25acc6b97d685dbc02aa8625b99578ed44a,DUP-00046,ALL,,,ROOT_FOLDER,UNCLASSIFIED,P2,NOT_REVIEWED,VERY_LOW,NO,,,UNKNOWN,resolution_class=VERY_LOW
AST-000047,/Users/fredrick/Documents/Vayva-Tech/vayva-polyrepo/123Design/Images & Videos,ALL/IPM-009_LR.jpg,ALL,,IPM-009_LR.jpg,IPM-009_LR,.jpg,,IMAGE,36976,0.0353,660,440,3:2,LANDSCAPE,,,,,,2015-11-04T01:42:36+00:00,2015-11-04T01:42:36+00:00,2015-11-04 01:42:36 +0000,,,,d3edf1611d0dc9548d7f8f8e1437eb20d2a208987ce892d45d43a855e556d90d,DUP-00047,ALL,,,ROOT_FOLDER,UNCLASSIFIED,P2,NOT_REVIEWED,VERY_LOW,NO,,,UNKNOWN,resolution_class=VERY_LOW
AST-000048,/Users/fredrick/Documents/Vayva-Tech/vayva-polyrepo/123Design/Images & Videos,ALL/IPM-010_LR.jpg,ALL,,IPM-010_LR.jpg,IPM-010_LR,.jpg,,IMAGE,65860,0.0628,660,513,220:171,LANDSCAPE,,,,,,2015-11-04T01:42:36+00:00,2015-11-04T01:42:36+00:00,2015-11-04 01:42:36 +0000,,,,601c8849638275f4495d46c843d66aab93df3ebf1ff7c369ba5aee2fdc99636e,DUP-00048,ALL,,,ROOT_FOLDER,UNCLASSIFIED,P2,NOT_REVIEWED,VERY_LOW,NO,,,UNKNOWN,resolution_class=VERY_LOW
AST-000049,/Users/fredrick/Documents/Vayva-Tech/vayva-polyrepo/123Design/Images & Videos,ALL/Ionizer-1.jpg,ALL,,Ionizer-1.jpg,Ionizer-1,.jpg,,IMAGE,25288,0.0241,660,310,66:31,LANDSCAPE,,,,,,2015-11-04T01:42:36+00:00,2015-11-04T01:42:36+00:00,2010-07-08 17:52:37 +0000,,,,31c0d8fce4b097c5a4cec5e73090690b5a81b5df780eb1fcf231cf077be3d6a8,DUP-00049,ALL,,,ROOT_FOLDER,UNCLASSIFIED,P2,NOT_REVIEWED,VERY_LOW,NO,,,UNKNOWN,resolution_class=VERY_LOW
AST-000050,/Users/fredrick/Documents/Vayva-Tech/vayva-polyrepo/123Design/Images & Videos,ALL/Ionizer-2.jpg,ALL,,Ionizer-2.jpg,Ionizer-2,.jpg,,IMAGE,26525,0.0253,400,284,100:71,LANDSCAPE,,,,,,2015-11-04T01:42:36+00:00,2015-11-04T01:42:36+00:00,2010-07-08 17:53:17 +0000,,,,bcf27c5ba16f4d4da22f7191c86f086f74f553153aa892df77e9ad62d4878726,DUP-00050,ALL,,,ROOT_FOLDER,UNCLASSIFIED,P2,NOT_REVIEWED,VERY_LOW,NO,,,UNKNOWN,resolution_class=VERY_LOW
AST-000051,/Users/fredrick/Documents/Vayva-Tech/vayva-polyrepo/123Design/Images & Videos,ALL/Luxury_Yacht-1.jpg,ALL,,Luxury_Yacht-1.jpg,Luxury_Yacht-1,.jpg,,IMAGE,39734,0.0379,660,274,330:137,LANDSCAPE,,,,,,2015-11-04T01:42:37+00:00,2015-11-04T01:42:37+00:00,2015-11-04 01:42:37 +0000,,,,ce512766205c9a64c45eba5a5c8a8bbe8be87bacee11e968b39aa59887e1851b,DUP-00051,ALL,,,ROOT_FOLDER,UNCLASSIFIED,P2,NOT_REVIEWED,VERY_LOW,NO,,,UNKNOWN,resolution_class=VERY_LOW
AST-000052,/Users/fredrick/Documents/Vayva-Tech/vayva-polyrepo/123Design/Images & Videos,ALL/Luxury_Yacht-2.jpg,ALL,,Luxury_Yacht-2.jpg,Luxury_Yacht-2,.jpg,,IMAGE,124686,0.1189,400,284,100:71,LANDSCAPE,,,,,,2015-11-04T01:42:37+00:00,2015-11-04T01:42:37+00:00,2010-07-08 20:15:44 +0000,,,,426584c3d46099516331b1a90310beca82d98c70a3cba30744ab09d00cbb31f1,DUP-00052,ALL,,,ROOT_FOLDER,UNCLASSIFIED,P2,NOT_REVIEWED,VERY_LOW,NO,,,UNKNOWN,resolution_class=VERY_LOW
AST-000053,/Users/fredrick/Documents/Vayva-Tech/vayva-polyrepo/123Design/Images & Videos,ALL/MBA Air 2.jpg,ALL,,MBA Air 2.jpg,MBA Air 2,.jpg,,IMAGE,157165,0.1499,400,323,400:323,LANDSCAPE,,,,,,2015-11-04T01:42:37+00:00,2015-11-04T01:42:37+00:00,2010-07-21 15:41:29 +0000,,,,cd7b9fcbc0f6f6645fa2d31ae81264556d6c7399b3e0af45bca81a96899650b0,DUP-00053,ALL,,,ROOT_FOLDER,UNCLASSIFIED,P2,NOT_REVIEWED,VERY_LOW,NO,,,UNKNOWN,resolution_class=VERY_LOW
AST-000054,/Users/fredrick/Documents/Vayva-Tech/vayva-polyrepo/123Design/Images & Videos,ALL/MBA_Air.jpg,ALL,,MBA_Air.jpg,MBA_Air,.jpg,,IMAGE,97413,0.0929,660,274,330:137,LANDSCAPE,,,,,,2015-11-04T01:42:37+00:00,2015-11-04T01:42:37+00:00,2010-07-08 21:11:22 +0000,,,,8007d782df17ff84d8eef426bc8585151604687d34707127fcb32e2d3a8bba3b,DUP-00054,ALL,,,ROOT_FOLDER,UNCLASSIFIED,P2,NOT_REVIEWED,VERY_LOW,NO,,,UNKNOWN,resolution_class=VERY_LOW
AST-000055,/Users/fredrick/Documents/Vayva-Tech/vayva-polyrepo/123Design/Images & Videos,ALL/MCL_Cafeteria-1.jpg,ALL,,MCL_Cafeteria-1.jpg,MCL_Cafeteria-1,.jpg,,IMAGE,96704,0.0922,660,274,330:137,LANDSCAPE,,,,,,2015-11-04T01:42:37+00:00,2015-11-04T01:42:37+00:00,2010-07-08 21:23:00 +0000,,,,88ec9fa0d5fff0924d5187abafc6e66521eb4ddae1943eb4a16a87b21625702f,DUP-00055,ALL,,,ROOT_FOLDER,UNCLASSIFIED,P2,NOT_REVIEWED,VERY_LOW,NO,,,UNKNOWN,resolution_class=VERY_LOW
AST-000056,/Users/fredrick/Documents/Vayva-Tech/vayva-polyrepo/123Design/Images & Videos,ALL/MCL_Cafeteria-2.jpg,ALL,,MCL_Cafeteria-2.jpg,MCL_Cafeteria-2,.jpg,,IMAGE,48829,0.0466,400,284,100:71,LANDSCAPE,,,,,,2015-11-04T01:42:37+00:00,2015-11-04T01:42:37+00:00,2010-07-08 21:24:00 +0000,,,,30bc9ad0658cb4fc7d276368bbd6d47c252c0270a06df91b34264a9935bd1273,DUP-00056,ALL,,,ROOT_FOLDER,UNCLASSIFIED,P2,NOT_REVIEWED,VERY_LOW,NO,,,UNKNOWN,resolution_class=VERY_LOW
AST-000057,/Users/fredrick/Documents/Vayva-Tech/vayva-polyrepo/123Design/Images & Videos,ALL/Mail_Extraction_Machine.jpg,ALL,,Mail_Extraction_Machine.jpg,Mail_Extraction_Machine,.jpg,,IMAGE,17025,0.0162,660,274,330:137,LANDSCAPE,,,,,,2015-11-04T01:42:37+00:00,2015-11-04T01:42:37+00:00,2015-11-04 01:42:37 +0000,,,,8ff701c5affde1f8b6ede6344ab1f72b00f5e0bfe58c8227ec50bb9eec78f723,DUP-00057,ALL,,,ROOT_FOLDER,UNCLASSIFIED,P2,NOT_REVIEWED,VERY_LOW,NO,,,UNKNOWN,resolution_class=VERY_LOW
AST-000058,/Users/fredrick/Documents/Vayva-Tech/vayva-polyrepo/123Design/Images & Videos,ALL/Mail_Extraction_Machine_2.jpg,ALL,,Mail_Extraction_Machine_2.jpg,Mail_Extraction_Machine_2,.jpg,,IMAGE,14956,0.0143,400,284,100:71,LANDSCAPE,,,,,,2015-11-04T01:42:37+00:00,2015-11-04T01:42:37+00:00,2015-11-04 01:42:37 +0000,,,,4bdf71b561e81f5f5a6ddea628409eb2efadc9af40459ae481025b617154bd5a,DUP-00058,ALL,,,ROOT_FOLDER,UNCLASSIFIED,P2,NOT_REVIEWED,VERY_LOW,NO,,,UNKNOWN,resolution_class=VERY_LOW
AST-000059,/Users/fredrick/Documents/Vayva-Tech/vayva-polyrepo/123Design/Images & Videos,ALL/Manpack-1.jpg,ALL,,Manpack-1.jpg,Manpack-1,.jpg,,IMAGE,38893,0.0371,660,274,330:137,LANDSCAPE,,,,,,2015-11-04T01:42:37+00:00,2015-11-04T01:42:37+00:00,2015-11-04 01:42:37 +0000,,,,adefd4ff61e711ece0bef82920a9da06771d7ca6aa4bb1fc3cf0838b8e86b809,DUP-00059,ALL,,,ROOT_FOLDER,UNCLASSIFIED,P2,NOT_REVIEWED,VERY_LOW,NO,,,UNKNOWN,resolution_class=VERY_LOW
AST-000060,/Users/fredrick/Documents/Vayva-Tech/vayva-polyrepo/123Design/Images & Videos,ALL/Manpack-2.jpg,ALL,,Manpack-2.jpg,Manpack-2,.jpg,,IMAGE,34438,0.0328,400,284,100:71,LANDSCAPE,,,,,,2015-11-04T01:42:37+00:00,2015-11-04T01:42:37+00:00,2015-11-04 01:42:37 +0000,,,,225d62ae354d44b2894b476481cfa242047816c2dd1e2ea1f632093f336df058,DUP-00060,ALL,,,ROOT_FOLDER,UNCLASSIFIED,P2,NOT_REVIEWED,VERY_LOW,NO,,,UNKNOWN,resolution_class=VERY_LOW
AST-000061,/Users/fredrick/Documents/Vayva-Tech/vayva-polyrepo/123Design/Images & Videos,ALL/Mastique-1.jpg,ALL,,Mastique-1.jpg,Mastique-1,.jpg,,IMAGE,83925,0.08,660,274,330:137,LANDSCAPE,,,,,,2015-11-04T01:42:37+00:00,2015-11-04T01:42:37+00:00,2010-07-08 21:39:38 +0000,,,,83c4326daf405654568a06cf72d110e7856ec0d0b61063b7ec15b1114a5bf954,DUP-00061,ALL,,,ROOT_FOLDER,UNCLASSIFIED,P2,NOT_REVIEWED,VERY_LOW,NO,,,UNKNOWN,resolution_class=VERY_LOW
AST-000062,/Users/fredrick/Documents/Vayva-Tech/vayva-polyrepo/123Design/Images & Videos,ALL/Mega Yacht-1.jpg,ALL,,Mega Yacht-1.jpg,Mega Yacht-1,.jpg,,IMAGE,92928,0.0886,400,284,100:71,LANDSCAPE,,,,,,2015-11-04T01:42:37+00:00,2015-11-04T01:42:37+00:00,2010-07-08 19:53:12 +0000,,,,1fff54423f767b146260c5ffe081f6e54449d96890fc7fae6207cac5291121c4,DUP-00062,ALL,,,ROOT_FOLDER,UNCLASSIFIED,P2,NOT_REVIEWED,VERY_LOW,NO,,,UNKNOWN,resolution_class=VERY_LOW
AST-000063,/Users/fredrick/Documents/Vayva-Tech/vayva-polyrepo/123Design/Images & Videos,ALL/Mega Yacht-2.jpg,ALL,,Mega Yacht-2.jpg,Mega Yacht-2,.jpg,,IMAGE,39392,0.0376,660,274,330:137,LANDSCAPE,,,,,,2015-11-04T01:42:37+00:00,2015-11-04T01:42:37+00:00,2015-11-04 01:42:37 +0000,,,,827cce193da44f4a8e400e3996cd4b27cf9eaa051ac44ea5ac6ef29c15282455,DUP-00063,ALL,,,ROOT_FOLDER,UNCLASSIFIED,P2,NOT_REVIEWED,VERY_LOW,NO,,,UNKNOWN,resolution_class=VERY_LOW
AST-000064,/Users/fredrick/Documents/Vayva-Tech/vayva-polyrepo/123Design/Images & Videos,ALL/Mosquito_Deleto.jpg,ALL,,Mosquito_Deleto.jpg,Mosquito_Deleto,.jpg,,IMAGE,25354,0.0242,660,310,66:31,LANDSCAPE,,,,,,2015-11-04T01:42:38+00:00,2015-11-04T01:42:38+00:00,2015-11-04 01:42:38 +0000,,,,3422025b700df2a96f3bae554612b6f7b5410d2e5c35919044d9d67f9ee8ef6e,DUP-00064,ALL,,,ROOT_FOLDER,UNCLASSIFIED,P2,NOT_REVIEWED,VERY_LOW,NO,,,UNKNOWN,resolution_class=VERY_LOW
AST-000065,/Users/fredrick/Documents/Vayva-Tech/vayva-polyrepo/123Design/Images & Videos,ALL/Mosquito_Deleto_2.jpg,ALL,,Mosquito_Deleto_2.jpg,Mosquito_Deleto_2,.jpg,,IMAGE,42880,0.0409,400,284,100:71,LANDSCAPE,,,,,,2015-11-04T01:42:38+00:00,2015-11-04T01:42:38+00:00,2010-07-08 17:12:59 +0000,,,,3d19c7a8ca28e54f688c1588219a8afdc139493e8485cc2a9b028f4b5a4708ee,DUP-00065,ALL,,,ROOT_FOLDER,UNCLASSIFIED,P2,NOT_REVIEWED,VERY_LOW,NO,,,UNKNOWN,resolution_class=VERY_LOW
AST-000066,/Users/fredrick/Documents/Vayva-Tech/vayva-polyrepo/123Design/Images & Videos,ALL/Naples_Lumber-1.jpg,ALL,,Naples_Lumber-1.jpg,Naples_Lumber-1,.jpg,,IMAGE,90742,0.0865,660,274,330:137,LANDSCAPE,,,,,,2015-11-04T01:42:38+00:00,2015-11-04T01:42:38+00:00,2010-07-08 21:44:16 +0000,,,,f1d02882be19bbe3f689bb63892fc4291b6bb08bf96db064e3c00d2b994fbf8e,DUP-00066,ALL,,,ROOT_FOLDER,UNCLASSIFIED,P2,NOT_REVIEWED,VERY_LOW,NO,,,UNKNOWN,resolution_class=VERY_LOW
AST-000067,/Users/fredrick/Documents/Vayva-Tech/vayva-polyrepo/123Design/Images & Videos,ALL/Naples_Lumber-2.jpg,ALL,,Naples_Lumber-2.jpg,Naples_Lumber-2,.jpg,,IMAGE,103657,0.0989,400,284,100:71,LANDSCAPE,,,,,,2015-11-04T01:42:38+00:00,2015-11-04T01:42:38+00:00,2010-07-08 21:45:22 +0000,,,,dfb2baa0fbc8c815b1e34c89e996fad5c3b0cde1f32e83f4b78e500dfec0de7d,DUP-00067,ALL,,,ROOT_FOLDER,UNCLASSIFIED,P2,NOT_REVIEWED,VERY_LOW,NO,,,UNKNOWN,resolution_class=VERY_LOW
AST-000068,/Users/fredrick/Documents/Vayva-Tech/vayva-polyrepo/123Design/Images & Videos,ALL/Outdoor Products_main_img.jpg,ALL,,Outdoor Products_main_img.jpg,Outdoor Products_main_img,.jpg,,IMAGE,116019,0.1106,660,369,220:123,LANDSCAPE,,,,,,2015-11-04T01:42:38+00:00,2015-11-04T01:42:38+00:00,2010-06-24 15:00:26 +0000,,,,cf190e35c3d200e01ba0e2d51a058da4b5d32f80571531b0c90af65bddb9e25d,DUP-00068,ALL,,,ROOT_FOLDER,UNCLASSIFIED,P2,NOT_REVIEWED,VERY_LOW,NO,,,UNKNOWN,resolution_class=VERY_LOW
AST-000069,/Users/fredrick/Documents/Vayva-Tech/vayva-polyrepo/123Design/Images & Videos,ALL/PAP1.jpg,ALL,,PAP1.jpg,PAP1,.jpg,,IMAGE,29940,0.0286,660,439,660:439,LANDSCAPE,,,,,,2015-11-04T01:42:38+00:00,2015-11-04T01:42:38+00:00,2015-11-04 01:42:38 +0000,,,,ec9c81726aafdeb7c7c4ca777c162af1dcff46bd754c4b378d447da1bd64376c,DUP-00069,ALL,,,ROOT_FOLDER,UNCLASSIFIED,P2,NOT_REVIEWED,VERY_LOW,NO,,,UNKNOWN,resolution_class=VERY_LOW
AST-000070,/Users/fredrick/Documents/Vayva-Tech/vayva-polyrepo/123Design/Images & Videos,ALL/PDA-1.jpg,ALL,,PDA-1.jpg,PDA-1,.jpg,,IMAGE,114479,0.1092,660,310,66:31,LANDSCAPE,,,,,,2015-11-04T01:42:38+00:00,2015-11-04T01:42:38+00:00,2010-07-08 16:46:07 +0000,,,,40aa88da47b269781cfcdf32405940d57d12093769a8370c507a6672097e3adf,DUP-00070,ALL,,,ROOT_FOLDER,UNCLASSIFIED,P2,NOT_REVIEWED,VERY_LOW,NO,,,UNKNOWN,resolution_class=VERY_LOW
AST-000071,/Users/fredrick/Documents/Vayva-Tech/vayva-polyrepo/123Design/Images & Videos,ALL/PDA-2.jpg,ALL,,PDA-2.jpg,PDA-2,.jpg,,IMAGE,73904,0.0705,400,284,100:71,LANDSCAPE,,,,,,2015-11-04T01:42:38+00:00,2015-11-04T01:42:38+00:00,2010-07-08 16:47:10 +0000,,,,8bedc9bb6e261bb64bae1e7cfbc1020f3d6f51b7be8a0a917697bcde12b3b9ad,DUP-00071,ALL,,,ROOT_FOLDER,UNCLASSIFIED,P2,NOT_REVIEWED,VERY_LOW,NO,,,UNKNOWN,resolution_class=VERY_LOW
AST-000072,/Users/fredrick/Documents/Vayva-Tech/vayva-polyrepo/123Design/Images & Videos,ALL/PHONE-1.jpg,ALL,,PHONE-1.jpg,PHONE-1,.jpg,,IMAGE,105405,0.1005,400,598,200:299,PORTRAIT,,,,,,2015-11-04T01:42:38+00:00,2015-11-04T01:42:38+00:00,2015-11-04 01:42:38 +0000,,,,95411b998694be665716964716c49c120cab2d2c005ce9da729314177ff70adf,DUP-00072,ALL,,,ROOT_FOLDER,UNCLASSIFIED,P2,NOT_REVIEWED,VERY_LOW,NO,,,UNKNOWN,resolution_class=VERY_LOW
AST-000073,/Users/fredrick/Documents/Vayva-Tech/vayva-polyrepo/123Design/Images & Videos,ALL/POD_1.jpg,ALL,,POD_1.jpg,POD_1,.jpg,,IMAGE,52291,0.0499,660,274,330:137,LANDSCAPE,,,,,,2015-11-04T01:42:38+00:00,2015-11-04T01:42:38+00:00,2015-11-04 01:42:38 +0000,,,,80b0d2194ef5152d4b5c9af4dac16b3a361c97392b7144f48ef3b20a9b667063,DUP-00073,ALL,,,ROOT_FOLDER,UNCLASSIFIED,P2,NOT_REVIEWED,VERY_LOW,NO,,,UNKNOWN,resolution_class=VERY_LOW
AST-000074,/Users/fredrick/Documents/Vayva-Tech/vayva-polyrepo/123Design/Images & Videos,ALL/POD_2.jpg,ALL,,POD_2.jpg,POD_2,.jpg,,IMAGE,136510,0.1302,400,284,100:71,LANDSCAPE,,,,,,2015-11-04T01:42:38+00:00,2015-11-04T01:42:38+00:00,2010-07-08 20:24:28 +0000,,,,1a9b09d0016e5bf3e3c27a7ebd56a7187b8e9ef50c7aee284de968987c87b81c,DUP-00074,ALL,,,ROOT_FOLDER,UNCLASSIFIED,P2,NOT_REVIEWED,VERY_LOW,NO,,,UNKNOWN,resolution_class=VERY_LOW
AST-000075,/Users/fredrick/Documents/Vayva-Tech/vayva-polyrepo/123Design/Images & Videos,ALL/Portable_Scanner-1.jpg,ALL,,Portable_Scanner-1.jpg,Portable_Scanner-1,.jpg,,IMAGE,36521,0.0348,660,380,33:19,LANDSCAPE,,,,,,2015-11-04T01:42:38+00:00,2015-11-04T01:42:38+00:00,2015-11-04 01:42:38 +0000,,,,3215cef375671df0ecd3c0fb0a0b5ceff72ba777cf91929472aa16747c860d06,DUP-00075,ALL,,,ROOT_FOLDER,UNCLASSIFIED,P2,NOT_REVIEWED,VERY_LOW,NO,,,UNKNOWN,resolution_class=VERY_LOW
AST-000076,/Users/fredrick/Documents/Vayva-Tech/vayva-polyrepo/123Design/Images & Videos,ALL/Portable_Scanner-2.jpg,ALL,,Portable_Scanner-2.jpg,Portable_Scanner-2,.jpg,,IMAGE,62924,0.06,400,284,100:71,LANDSCAPE,,,,,,2015-11-04T01:42:38+00:00,2015-11-04T01:42:38+00:00,2010-07-08 16:19:32 +0000,,,,4ca278617b722daa4d374e8c8306c5bbde8c0c944c2a10f35299c7b31db7a582,DUP-00076,ALL,,,ROOT_FOLDER,UNCLASSIFIED,P2,NOT_REVIEWED,VERY_LOW,NO,,,UNKNOWN,resolution_class=VERY_LOW
AST-000077,/Users/fredrick/Documents/Vayva-Tech/vayva-polyrepo/123Design/Images & Videos,ALL/Rackmount_Enclosure-1.jpg,ALL,,Rackmount_Enclosure-1.jpg,Rackmount_Enclosure-1,.jpg,,IMAGE,28651,0.0273,660,158,330:79,LANDSCAPE,,,,,,2015-11-04T01:42:39+00:00,2015-11-04T01:42:39+00:00,2015-11-04 01:42:39 +0000,,,,3928b6f52e8dca063252e0ce0c4c33492d3b8667ef95b0d00c9ef71491885e8b,DUP-00077,ALL,,,ROOT_FOLDER,UNCLASSIFIED,P2,NOT_REVIEWED,VERY_LOW,NO,,,UNKNOWN,resolution_class=VERY_LOW
AST-000078,/Users/fredrick/Documents/Vayva-Tech/vayva-polyrepo/123Design/Images & Videos,ALL/Rackmount_Enclosure-2.jpg,ALL,,Rackmount_Enclosure-2.jpg,Rackmount_Enclosure-2,.jpg,,IMAGE,72620,0.0693,400,284,100:71,LANDSCAPE,,,,,,2015-11-04T01:42:39+00:00,2015-11-04T01:42:39+00:00,2010-07-08 20:26:34 +0000,,,,50d93e9d8f3acd86f466b69f173afa342d5c5023acd9524bfc8761118c2a6ffe,DUP-00078,ALL,,,ROOT_FOLDER,UNCLASSIFIED,P2,NOT_REVIEWED,VERY_LOW,NO,,,UNKNOWN,resolution_class=VERY_LOW
AST-000079,/Users/fredrick/Documents/Vayva-Tech/vayva-polyrepo/123Design/Images & Videos,ALL/Refrigerator_1.jpg,ALL,,Refrigerator_1.jpg,Refrigerator_1,.jpg,,IMAGE,48992,0.0467,660,310,66:31,LANDSCAPE,,,,,,2015-11-04T01:42:39+00:00,2015-11-04T01:42:39+00:00,2010-07-08 18:01:59 +0000,,,,bdb51be6031793c646cf6ecbb1f1f67291b67e7260b29e2bf9f6147ca647841c,DUP-00079,ALL,,,ROOT_FOLDER,UNCLASSIFIED,P2,NOT_REVIEWED,VERY_LOW,NO,,,UNKNOWN,resolution_class=VERY_LOW
AST-000080,/Users/fredrick/Documents/Vayva-Tech/vayva-polyrepo/123Design/Images & Videos,ALL/Refrigerator_1_b.jpg,ALL,,Refrigerator_1_b.jpg,Refrigerator_1_b,.jpg,,IMAGE,42602,0.0406,400,284,100:71,LANDSCAPE,,,,,,2015-11-04T01:42:39+00:00,2015-11-04T01:42:39+00:00,2010-07-08 18:02:27 +0000,,,,eaa16c9a5f37b2b62735ac26c30b02c0ecd1471b212661aa70d96dc98ff4683e,DUP-00080,ALL,,,ROOT_FOLDER,UNCLASSIFIED,P2,NOT_REVIEWED,VERY_LOW,NO,,,UNKNOWN,resolution_class=VERY_LOW
AST-000081,/Users/fredrick/Documents/Vayva-Tech/vayva-polyrepo/123Design/Images & Videos,ALL/Refrigerator_2-1.jpg,ALL,,Refrigerator_2-1.jpg,Refrigerator_2-1,.jpg,,IMAGE,41727,0.0398,660,310,66:31,LANDSCAPE,,,,,,2015-11-04T01:42:39+00:00,2015-11-04T01:42:39+00:00,2010-07-08 17:41:03 +0000,,,,b61c379d701a8509f9f75fbab58727fbc7cb8df24c0901ec44b79810f67f8bbe,DUP-00081,ALL,,,ROOT_FOLDER,UNCLASSIFIED,P2,NOT_REVIEWED,VERY_LOW,NO,,,UNKNOWN,resolution_class=VERY_LOW
AST-000082,/Users/fredrick/Documents/Vayva-Tech/vayva-polyrepo/123Design/Images & Videos,ALL/Refrigerator_2-1_2.jpg,ALL,,Refrigerator_2-1_2.jpg,Refrigerator_2-1_2,.jpg,,IMAGE,41371,0.0395,400,284,100:71,LANDSCAPE,,,,,,2015-11-04T01:42:39+00:00,2015-11-04T01:42:39+00:00,2010-07-08 17:42:05 +0000,,,,77b6d4370238414236f5541e1cd6fb2644bc30fa8c224eb4fa4d2758e74ea93a,DUP-00082,ALL,,,ROOT_FOLDER,UNCLASSIFIED,P2,NOT_REVIEWED,VERY_LOW,NO,,,UNKNOWN,resolution_class=VERY_LOW
AST-000083,/Users/fredrick/Documents/Vayva-Tech/vayva-polyrepo/123Design/Images & Videos,ALL/Rifle_Scope-1.jpg,ALL,,Rifle_Scope-1.jpg,Rifle_Scope-1,.jpg,,IMAGE,65611,0.0626,660,274,330:137,LANDSCAPE,,,,,,2015-11-04T01:42:39+00:00,2015-11-04T01:42:39+00:00,2010-07-08 20:59:06 +0000,,,,ef6904cdb09a64cfaacc587153f62034c3a1967dac6e3a12324eba9f4a97d0d8,DUP-00083,ALL,,,ROOT_FOLDER,UNCLASSIFIED,P2,NOT_REVIEWED,VERY_LOW,NO,,,UNKNOWN,resolution_class=VERY_LOW
AST-000084,/Users/fredrick/Documents/Vayva-Tech/vayva-polyrepo/123Design/Images & Videos,ALL/Rifle_Scope-2.jpg,ALL,,Rifle_Scope-2.jpg,Rifle_Scope-2,.jpg,,IMAGE,65222,0.0622,400,284,100:71,LANDSCAPE,,,,,,2015-11-04T01:42:39+00:00,2015-11-04T01:42:39+00:00,2010-07-08 20:59:42 +0000,,,,c6d32cf99adf8817fafc3a18fcfdfca095586f2e7ed19631dbfa20764424a5b1,DUP-00084,ALL,,,ROOT_FOLDER,UNCLASSIFIED,P2,NOT_REVIEWED,VERY_LOW,NO,,,UNKNOWN,resolution_class=VERY_LOW
AST-000085,/Users/fredrick/Documents/Vayva-Tech/vayva-polyrepo/123Design/Images & Videos,ALL/Roller_Blade-1.jpg,ALL,,Roller_Blade-1.jpg,Roller_Blade-1,.jpg,,IMAGE,67697,0.0646,660,310,66:31,LANDSCAPE,,,,,,2015-11-04T01:42:39+00:00,2015-11-04T01:42:39+00:00,2010-07-08 17:25:53 +0000,,,,f2d67dd5c0534ab7524510e0e7a2209bd031e0a3dffb0a3f4d0fde7a6c204bea,DUP-00085,ALL,,,ROOT_FOLDER,UNCLASSIFIED,P2,NOT_REVIEWED,VERY_LOW,NO,,,UNKNOWN,resolution_class=VERY_LOW
AST-000086,/Users/fredrick/Documents/Vayva-Tech/vayva-polyrepo/123Design/Images & Videos,ALL/Roller_Blade-2.jpg,ALL,,Roller_Blade-2.jpg,Roller_Blade-2,.jpg,,IMAGE,48412,0.0462,400,284,100:71,LANDSCAPE,,,,,,2015-11-04T01:42:39+00:00,2015-11-04T01:42:39+00:00,2010-07-08 17:26:40 +0000,,,,8fd404eb376f72105fdfbb7671de7a6d6b25803e0de23ed679d8c75ed24fe3bf,DUP-00086,ALL,,,ROOT_FOLDER,UNCLASSIFIED,P2,NOT_REVIEWED,VERY_LOW,NO,,,UNKNOWN,resolution_class=VERY_LOW
AST-000087,/Users/fredrick/Documents/Vayva-Tech/vayva-polyrepo/123Design/Images & Videos,ALL/Rugged_Computer-1.jpg,ALL,,Rugged_Computer-1.jpg,Rugged_Computer-1,.jpg,,IMAGE,23517,0.0224,660,274,330:137,LANDSCAPE,,,,,,2015-11-04T01:42:39+00:00,2015-11-04T01:42:39+00:00,2015-11-04 01:42:39 +0000,,,,d5fe7532d8594eb2b527bf401293d20b1f70940f17c36ab39e7a651ed302b03c,DUP-00087,ALL,,,ROOT_FOLDER,UNCLASSIFIED,P2,NOT_REVIEWED,VERY_LOW,NO,,,UNKNOWN,resolution_class=VERY_LOW
AST-000088,/Users/fredrick/Documents/Vayva-Tech/vayva-polyrepo/123Design/Images & Videos,ALL/Rugged_Computer-2.jpg,ALL,,Rugged_Computer-2.jpg,Rugged_Computer-2,.jpg,,IMAGE,15641,0.0149,400,284,100:71,LANDSCAPE,,,,,,2015-11-04T01:42:39+00:00,2015-11-04T01:42:39+00:00,2015-11-04 01:42:39 +0000,,,,a150287d7924a566ac67ab77407a8a38f562555ed96bfee30d3d7d16bbea305d,DUP-00088,ALL,,,ROOT_FOLDER,UNCLASSIFIED,P2,NOT_REVIEWED,VERY_LOW,NO,,,UNKNOWN,resolution_class=VERY_LOW
AST-000089,/Users/fredrick/Documents/Vayva-Tech/vayva-polyrepo/123Design/Images & Videos,ALL/SALT-017.jpg,ALL,,SALT-017.jpg,SALT-017,.jpg,,IMAGE,15329,0.0146,660,361,660:361,LANDSCAPE,,,,,,2015-11-04T01:42:39+00:00,2015-11-04T01:42:39+00:00,2015-11-04 01:42:39 +0000,,,,39d9571adf568e2dfb456883ea1809bda77af652cd36fcd2088319ab8d6b5180,DUP-00089,ALL,,,ROOT_FOLDER,UNCLASSIFIED,P2,NOT_REVIEWED,VERY_LOW,NO,,,UNKNOWN,resolution_class=VERY_LOW
AST-000090,/Users/fredrick/Documents/Vayva-Tech/vayva-polyrepo/123Design/Images & Videos,ALL/STRE-050.jpg,ALL,,STRE-050.jpg,STRE-050,.jpg,,IMAGE,78425,0.0748,660,440,3:2,LANDSCAPE,,,,,,2015-11-04T01:42:40+00:00,2015-11-04T01:42:40+00:00,2015-11-04 01:42:40 +0000,,,,ad50a17b58d6f0c64941abefa5d90ffe16acdd2a642fe4f287cc19a4716d3208,DUP-00090,ALL,,,ROOT_FOLDER,UNCLASSIFIED,P2,NOT_REVIEWED,VERY_LOW,NO,,,UNKNOWN,resolution_class=VERY_LOW
AST-000091,/Users/fredrick/Documents/Vayva-Tech/vayva-polyrepo/123Design/Images & Videos,ALL/SacredHeart.jpg,ALL,,SacredHeart.jpg,SacredHeart,.jpg,,IMAGE,83825,0.0799,636,515,636:515,LANDSCAPE,,,,,,2015-11-04T01:42:39+00:00,2015-11-04T01:42:39+00:00,2015-11-04 01:42:39 +0000,,,,2b7f55cb0aff6acb6f0404dccb53ff9d71a766baa2b43c10b240ad191018e271,DUP-00091,ALL,,,ROOT_FOLDER,UNCLASSIFIED,P2,NOT_REVIEWED,VERY_LOW,NO,,,UNKNOWN,resolution_class=VERY_LOW
AST-000092,/Users/fredrick/Documents/Vayva-Tech/vayva-polyrepo/123Design/Images & Videos,ALL/SacredHeart3.jpg,ALL,,SacredHeart3.jpg,SacredHeart3,.jpg,,IMAGE,53529,0.051,636,515,636:515,LANDSCAPE,,,,,,2015-11-04T01:42:39+00:00,2015-11-04T01:42:39+00:00,2015-11-04 01:42:39 +0000,,,,05b3ed6bc00697f25d68583fe3e967b26391cdd0745dce606ccbda6656fe50b9,DUP-00092,ALL,,,ROOT_FOLDER,UNCLASSIFIED,P2,NOT_REVIEWED,VERY_LOW,NO,,,UNKNOWN,resolution_class=VERY_LOW
AST-000093,/Users/fredrick/Documents/Vayva-Tech/vayva-polyrepo/123Design/Images & Videos,ALL/Sarsaparilla-1.jpg,ALL,,Sarsaparilla-1.jpg,Sarsaparilla-1,.jpg,,IMAGE,80866,0.0771,116,511,116:511,PORTRAIT,,,,,,2015-11-04T01:42:39+00:00,2015-11-04T01:42:39+00:00,2010-07-08 22:07:21 +0000,,,,3ea1360eed8925c20b791411b09e1b0a321a3ac0bae2270478b0b9f45c7aa3e0,DUP-00093,ALL,,,ROOT_FOLDER,UNCLASSIFIED,P2,NOT_REVIEWED,VERY_LOW,NO,,,UNKNOWN,resolution_class=VERY_LOW
AST-000094,/Users/fredrick/Documents/Vayva-Tech/vayva-polyrepo/123Design/Images & Videos,ALL/Sarsaparilla-2.jpg,ALL,,Sarsaparilla-2.jpg,Sarsaparilla-2,.jpg,,IMAGE,125805,0.12,400,284,100:71,LANDSCAPE,,,,,,2015-11-04T01:42:39+00:00,2015-11-04T01:42:39+00:00,2010-07-08 22:08:20 +0000,,,,0abd93444e2cd1b409f1ce255ecd58dc22fe2d46306777f2eda492a046803259,DUP-00094,ALL,,,ROOT_FOLDER,UNCLASSIFIED,P2,NOT_REVIEWED,VERY_LOW,NO,,,UNKNOWN,resolution_class=VERY_LOW
AST-000095,/Users/fredrick/Documents/Vayva-Tech/vayva-polyrepo/123Design/Images & Videos,ALL/Security_Scanner-2.jpg,ALL,,Security_Scanner-2.jpg,Security_Scanner-2,.jpg,,IMAGE,8796,0.0084,400,284,100:71,LANDSCAPE,,,,,,2015-11-04T01:42:39+00:00,2015-11-04T01:42:39+00:00,2015-11-04 01:42:39 +0000,,,,bc57a53aac9f286ae82365a82ce3447cdbfe219806e548d7d16a1107bf2d7cee,DUP-00095,ALL,,,ROOT_FOLDER,UNCLASSIFIED,P2,NOT_REVIEWED,VERY_LOW,NO,,,UNKNOWN,resolution_class=VERY_LOW
AST-000096,/Users/fredrick/Documents/Vayva-Tech/vayva-polyrepo/123Design/Images & Videos,ALL/Soup_Server-1.jpg,ALL,,Soup_Server-1.jpg,Soup_Server-1,.jpg,,IMAGE,103887,0.0991,660,274,330:137,LANDSCAPE,,,,,,2015-11-04T01:42:39+00:00,2015-11-04T01:42:39+00:00,2010-07-08 19:33:40 +0000,,,,bbe4751e327aead60b37a884aee2d786a9427c70bd85be46977f012b391fa5c7,DUP-00096,ALL,,,ROOT_FOLDER,UNCLASSIFIED,P2,NOT_REVIEWED,VERY_LOW,NO,,,UNKNOWN,resolution_class=VERY_LOW
AST-000097,/Users/fredrick/Documents/Vayva-Tech/vayva-polyrepo/123Design/Images & Videos,ALL/Soup_Server-2.jpg,ALL,,Soup_Server-2.jpg,Soup_Server-2,.jpg,,IMAGE,112486,0.1073,400,284,100:71,LANDSCAPE,,,,,,2015-11-04T01:42:39+00:00,2015-11-04T01:42:39+00:00,2010-07-08 19:34:15 +0000,,,,78b967f8e43f6d0938be68edccc6accaaf183cc7631e40d0966eeafcc9998543,DUP-00097,ALL,,,ROOT_FOLDER,UNCLASSIFIED,P2,NOT_REVIEWED,VERY_LOW,NO,,,UNKNOWN,resolution_class=VERY_LOW
AST-000098,/Users/fredrick/Documents/Vayva-Tech/vayva-polyrepo/123Design/Images & Videos,ALL/Speaker_Tower-1.jpg,ALL,,Speaker_Tower-1.jpg,Speaker_Tower-1,.jpg,,IMAGE,66116,0.0631,660,310,66:31,LANDSCAPE,,,,,,2015-11-04T01:42:39+00:00,2015-11-04T01:42:39+00:00,2010-07-08 17:58:49 +0000,,,,ae4e73d5a8cfdeddab83a39537f76eb0f48bb43818a406dd02895f208228faa6,DUP-00098,ALL,,,ROOT_FOLDER,UNCLASSIFIED,P2,NOT_REVIEWED,VERY_LOW,NO,,,UNKNOWN,resolution_class=VERY_LOW
AST-000099,/Users/fredrick/Documents/Vayva-Tech/vayva-polyrepo/123Design/Images & Videos,ALL/Staircase-1.jpg,ALL,,Staircase-1.jpg,Staircase-1,.jpg,,IMAGE,168155,0.1604,660,274,330:137,LANDSCAPE,,,,,,2015-11-04T01:42:39+00:00,2015-11-04T01:42:39+00:00,2010-07-08 19:38:51 +0000,,,,55b5f59eda0d8cb1dc2f9b20a041408be7b72d1f7d6eb12f2d2b0a54eb49726e,DUP-00099,ALL,,,ROOT_FOLDER,UNCLASSIFIED,P2,NOT_REVIEWED,VERY_LOW,NO,,,UNKNOWN,resolution_class=VERY_LOW
AST-000100,/Users/fredrick/Documents/Vayva-Tech/vayva-polyrepo/123Design/Images & Videos,ALL/Staircase-2.jpg,ALL,,Staircase-2.jpg,Staircase-2,.jpg,,IMAGE,127726,0.1218,400,284,100:71,LANDSCAPE,,,,,,2015-11-04T01:42:40+00:00,2015-11-04T01:42:40+00:00,2010-07-08 19:38:58 +0000,,,,e34c920a0c6637f29c14c36e25078deaff12a9f7d52cd377c827bcc02661a74d,DUP-00100,ALL,,,ROOT_FOLDER,UNCLASSIFIED,P2,NOT_REVIEWED,VERY_LOW,NO,,,UNKNOWN,resolution_class=VERY_LOW
AST-000101,/Users/fredrick/Documents/Vayva-Tech/vayva-polyrepo/123Design/Images & Videos,ALL/Suna Salon 2.jpg,ALL,,Suna Salon 2.jpg,Suna Salon 2,.jpg,,IMAGE,119304,0.1138,400,321,400:321,LANDSCAPE,,,,,,2015-11-04T01:42:40+00:00,2015-11-04T01:42:40+00:00,2010-07-21 15:44:29 +0000,,,,299eba391ffb26c097c95f103c6ff0027a05a69074c7f9c1464b54e6fee8d9d9,DUP-00101,ALL,,,ROOT_FOLDER,UNCLASSIFIED,P2,NOT_REVIEWED,VERY_LOW,NO,,,UNKNOWN,resolution_class=VERY_LOW
AST-000102,/Users/fredrick/Documents/Vayva-Tech/vayva-polyrepo/123Design/Images & Videos,ALL/SunaSalon.jpg,ALL,,SunaSalon.jpg,SunaSalon,.jpg,,IMAGE,106322,0.1014,660,274,330:137,LANDSCAPE,,,,,,2015-11-04T01:42:40+00:00,2015-11-04T01:42:40+00:00,2010-07-08 21:17:52 +0000,,,,7109e0261431f6c63bff6b0ea85c463ae910b6a647ef1dcecbb6a4c9548c30b2,DUP-00102,ALL,,,ROOT_FOLDER,UNCLASSIFIED,P2,NOT_REVIEWED,VERY_LOW,NO,,,UNKNOWN,resolution_class=VERY_LOW
AST-000103,/Users/fredrick/Documents/Vayva-Tech/vayva-polyrepo/123Design/Images & Videos,ALL/Super_Yacht-1.jpg,ALL,,Super_Yacht-1.jpg,Super_Yacht-1,.jpg,,IMAGE,245917,0.2345,660,274,330:137,LANDSCAPE,,,,,,2015-11-04T01:42:40+00:00,2015-11-04T01:42:40+00:00,2010-07-08 20:08:54 +0000,,,,374405071acaea624cc1f768d2aaafb0baa85ab01b9dd417c4dfd60d91f55ca7,DUP-00103,ALL,,,ROOT_FOLDER,UNCLASSIFIED,P2,NOT_REVIEWED,VERY_LOW,NO,,,UNKNOWN,resolution_class=VERY_LOW
AST-000104,/Users/fredrick/Documents/Vayva-Tech/vayva-polyrepo/123Design/Images & Videos,ALL/Super_Yacht-2.jpg,ALL,,Super_Yacht-2.jpg,Super_Yacht-2,.jpg,,IMAGE,170441,0.1625,400,284,100:71,LANDSCAPE,,,,,,2015-11-04T01:42:40+00:00,2015-11-04T01:42:40+00:00,2010-07-08 20:08:17 +0000,,,,982105b758277e5ed4d39a8095c28107a7a61ae863a5e433032dac8ecea0e6b8,DUP-00104,ALL,,,ROOT_FOLDER,UNCLASSIFIED,P2,NOT_REVIEWED,VERY_LOW,NO,,,UNKNOWN,resolution_class=VERY_LOW
AST-000105,/Users/fredrick/Documents/Vayva-Tech/vayva-polyrepo/123Design/Images & Videos,ALL/TamarackCC1.jpg,ALL,,TamarackCC1.jpg,TamarackCC1,.jpg,,IMAGE,43284,0.0413,636,515,636:515,LANDSCAPE,,,,,,2015-11-04T01:42:40+00:00,2015-11-04T01:42:40+00:00,2015-11-04 01:42:40 +0000,,,,8b5619e60cb0b8859984a46d83a1d1640d578dd2028b3c9378b4c7069969aba1,DUP-00105,ALL,,,ROOT_FOLDER,UNCLASSIFIED,P2,NOT_REVIEWED,VERY_LOW,NO,,,UNKNOWN,resolution_class=VERY_LOW
AST-000106,/Users/fredrick/Documents/Vayva-Tech/vayva-polyrepo/123Design/Images & Videos,ALL/TamarackCC3.jpg,ALL,,TamarackCC3.jpg,TamarackCC3,.jpg,,IMAGE,50312,0.048,636,515,636:515,LANDSCAPE,,,,,,2015-11-04T01:42:40+00:00,2015-11-04T01:42:40+00:00,2015-11-04 01:42:40 +0000,,,,d09492d80f2c22b9a71bb834ab00ae1b2bd96febaa35766b2b90204804fa5e4e,DUP-00106,ALL,,,ROOT_FOLDER,UNCLASSIFIED,P2,NOT_REVIEWED,VERY_LOW,NO,,,UNKNOWN,resolution_class=VERY_LOW
AST-000107,/Users/fredrick/Documents/Vayva-Tech/vayva-polyrepo/123Design/Images & Videos,ALL/TamarackCC4.jpg,ALL,,TamarackCC4.jpg,TamarackCC4,.jpg,,IMAGE,68959,0.0658,636,515,636:515,LANDSCAPE,,,,,,2015-11-04T01:42:40+00:00,2015-11-04T01:42:40+00:00,2015-11-04 01:42:40 +0000,,,,655ce75593d7647ffb0f22f19d9e61f45f31ccac0c6ba729acb3a235643f0429,DUP-00107,ALL,,,ROOT_FOLDER,UNCLASSIFIED,P2,NOT_REVIEWED,VERY_LOW,NO,,,UNKNOWN,resolution_class=VERY_LOW
AST-000108,/Users/fredrick/Documents/Vayva-Tech/vayva-polyrepo/123Design/Images & Videos,ALL/TamarackCC5.jpg,ALL,,TamarackCC5.jpg,TamarackCC5,.jpg,,IMAGE,56742,0.0541,636,515,636:515,LANDSCAPE,,,,,,2015-11-04T01:42:40+00:00,2015-11-04T01:42:40+00:00,2015-11-04 01:42:40 +0000,,,,e51288860ddd5e6ffed94996a9638b13c43590ff322b4dba311bbe997db7f3c2,DUP-00108,ALL,,,ROOT_FOLDER,UNCLASSIFIED,P2,NOT_REVIEWED,VERY_LOW,NO,,,UNKNOWN,resolution_class=VERY_LOW
AST-000109,/Users/fredrick/Documents/Vayva-Tech/vayva-polyrepo/123Design/Images & Videos,ALL/TamarackCountry.jpg,ALL,,TamarackCountry.jpg,TamarackCountry,.jpg,,IMAGE,40277,0.0384,636,515,636:515,LANDSCAPE,,,,,,2015-11-04T01:42:40+00:00,2015-11-04T01:42:40+00:00,2015-11-04 01:42:40 +0000,,,,70c6aa9a3ea8e44404491f8441fb39f2f8c8da27b70a3b19b7e961633ed93611,DUP-00109,ALL,,,ROOT_FOLDER,UNCLASSIFIED,P2,NOT_REVIEWED,VERY_LOW,NO,,,UNKNOWN,resolution_class=VERY_LOW
AST-000110,/Users/fredrick/Documents/Vayva-Tech/vayva-polyrepo/123Design/Images & Videos,ALL/TamarackPool.jpg,ALL,,TamarackPool.jpg,TamarackPool,.jpg,,IMAGE,76054,0.0725,636,515,636:515,LANDSCAPE,,,,,,2015-11-04T01:42:40+00:00,2015-11-04T01:42:40+00:00,2015-11-04 01:42:40 +0000,,,,81acc65cc3d267238dd139a538f807bc663bf489694006eba5978f2e9e4b6309,DUP-00110,ALL,,,ROOT_FOLDER,UNCLASSIFIED,P2,NOT_REVIEWED,VERY_LOW,NO,,,UNKNOWN,resolution_class=VERY_LOW
AST-000111,/Users/fredrick/Documents/Vayva-Tech/vayva-polyrepo/123Design/Images & Videos,ALL/TamarackPool1.jpg,ALL,,TamarackPool1.jpg,TamarackPool1,.jpg,,IMAGE,70655,0.0674,636,515,636:515,LANDSCAPE,,,,,,2015-11-04T01:42:40+00:00,2015-11-04T01:42:40+00:00,2015-11-04 01:42:40 +0000,,,,05bc2aa3f01c7fbc2691aaebab1875a46691613941c4ec7cff57a35fc616dfe6,DUP-00111,ALL,,,ROOT_FOLDER,UNCLASSIFIED,P2,NOT_REVIEWED,VERY_LOW,NO,,,UNKNOWN,resolution_class=VERY_LOW
AST-000112,/Users/fredrick/Documents/Vayva-Tech/vayva-polyrepo/123Design/Images & Videos,ALL/Thermometer-1.jpg,ALL,,Thermometer-1.jpg,Thermometer-1,.jpg,,IMAGE,19908,0.019,660,341,60:31,LANDSCAPE,,,,,,2015-11-04T01:42:41+00:00,2015-11-04T01:42:41+00:00,2015-11-04 01:42:41 +0000,,,,abc9e62ec9ad148d77f075d4d6c19a542c46aefa59c9b7d935409e93766130d8,DUP-00112,ALL,,,ROOT_FOLDER,UNCLASSIFIED,P2,NOT_REVIEWED,VERY_LOW,NO,,,UNKNOWN,resolution_class=VERY_LOW
AST-000113,/Users/fredrick/Documents/Vayva-Tech/vayva-polyrepo/123Design/Images & Videos,ALL/Thermometer-2.jpg,ALL,,Thermometer-2.jpg,Thermometer-2,.jpg,,IMAGE,11229,0.0107,400,284,100:71,LANDSCAPE,,,,,,2015-11-04T01:42:41+00:00,2015-11-04T01:42:41+00:00,2015-11-04 01:42:41 +0000,,,,95391042f89530f5a6c838a9d85f882e22216f088a1599d2c338a7595ef44c51,DUP-00113,ALL,,,ROOT_FOLDER,UNCLASSIFIED,P2,NOT_REVIEWED,VERY_LOW,NO,,,UNKNOWN,resolution_class=VERY_LOW
AST-000114,/Users/fredrick/Documents/Vayva-Tech/vayva-polyrepo/123Design/Images & Videos,ALL/Transportation_img.jpg,ALL,,Transportation_img.jpg,Transportation_img,.jpg,,IMAGE,171731,0.1638,660,369,220:123,LANDSCAPE,,,,,,2015-11-04T01:42:41+00:00,2015-11-04T01:42:41+00:00,2010-06-24 15:05:18 +0000,,,,d0c75c2c8bedca4a2108847459a1d7c83c2fc0c9de3d412b1ac80f6ee399a26f,DUP-00114,ALL,,,ROOT_FOLDER,UNCLASSIFIED,P2,NOT_REVIEWED,VERY_LOW,NO,,,UNKNOWN,resolution_class=VERY_LOW
AST-000115,/Users/fredrick/Documents/Vayva-Tech/vayva-polyrepo/123Design/Images & Videos,ALL/Tutor My Kid 2.jpg,ALL,,Tutor My Kid 2.jpg,Tutor My Kid 2,.jpg,,IMAGE,126701,0.1208,400,322,200:161,LANDSCAPE,,,,,,2015-11-04T01:42:41+00:00,2015-11-04T01:42:41+00:00,2010-07-21 15:45:10 +0000,,,,b229252c10ea0a2312f0c850d3b71d6d3d037d8a70463d92ced19293800f75e7,DUP-00115,ALL,,,ROOT_FOLDER,UNCLASSIFIED,P2,NOT_REVIEWED,VERY_LOW,NO,,,UNKNOWN,resolution_class=VERY_LOW
AST-000116,/Users/fredrick/Documents/Vayva-Tech/vayva-polyrepo/123Design/Images & Videos,ALL/Vacuum_Cleaner-1.jpg,ALL,,Vacuum_Cleaner-1.jpg,Vacuum_Cleaner-1,.jpg,,IMAGE,95426,0.091,660,310,66:31,LANDSCAPE,,,,,,2015-11-04T01:42:41+00:00,2015-11-04T01:42:41+00:00,2010-07-08 18:00:24 +0000,,,,34a65c67da292cce2df2f0a031c470336f93fc1fe4b3983708a999bd9bf75734,DUP-00116,ALL,,,ROOT_FOLDER,UNCLASSIFIED,P2,NOT_REVIEWED,VERY_LOW,NO,,,UNKNOWN,resolution_class=VERY_LOW
AST-000117,/Users/fredrick/Documents/Vayva-Tech/vayva-polyrepo/123Design/Images & Videos,ALL/Vacuum_Cleaner-2.jpg,ALL,,Vacuum_Cleaner-2.jpg,Vacuum_Cleaner-2,.jpg,,IMAGE,12755,0.0122,400,284,100:71,LANDSCAPE,,,,,,2015-11-04T01:42:41+00:00,2015-11-04T01:42:41+00:00,2015-11-04 01:42:41 +0000,,,,9dda49aba6af66e2d962a527015c5b148ef4bda5da98ee336745434752a6a7e9,DUP-00117,ALL,,,ROOT_FOLDER,UNCLASSIFIED,P2,NOT_REVIEWED,VERY_LOW,NO,,,UNKNOWN,resolution_class=VERY_LOW
AST-000118,/Users/fredrick/Documents/Vayva-Tech/vayva-polyrepo/123Design/Images & Videos,ALL/Walkie_Talkie-1.jpg,ALL,,Walkie_Talkie-1.jpg,Walkie_Talkie-1,.jpg,,IMAGE,39743,0.0379,660,310,66:31,LANDSCAPE,,,,,,2015-11-04T01:42:41+00:00,2015-11-04T01:42:41+00:00,2015-11-04 01:42:41 +0000,,,,f347e201ca4fec46130bf93610de0a2f5f78e35e5ce65e194cb796618ac0a6b9,DUP-00118,ALL,,,ROOT_FOLDER,UNCLASSIFIED,P2,NOT_REVIEWED,VERY_LOW,NO,,,UNKNOWN,resolution_class=VERY_LOW
AST-000119,/Users/fredrick/Documents/Vayva-Tech/vayva-polyrepo/123Design/Images & Videos,ALL/Walkie_Talkie-2.jpg,ALL,,Walkie_Talkie-2.jpg,Walkie_Talkie-2,.jpg,,IMAGE,39395,0.0376,400,284,100:71,LANDSCAPE,,,,,,2015-11-04T01:42:41+00:00,2015-11-04T01:42:41+00:00,2015-11-04 01:42:41 +0000,,,,6b242ca94ee3dd06a7958e1bc68f32c42280ace37bcc12f218c8a3d3672c4868,DUP-00119,ALL,,,ROOT_FOLDER,UNCLASSIFIED,P2,NOT_REVIEWED,VERY_LOW,NO,,,UNKNOWN,resolution_class=VERY_LOW
AST-000120,/Users/fredrick/Documents/Vayva-Tech/vayva-polyrepo/123Design/Images & Videos,ALL/Wireless_Tower_1.jpg,ALL,,Wireless_Tower_1.jpg,Wireless_Tower_1,.jpg,,IMAGE,27025,0.0258,660,369,220:123,LANDSCAPE,,,,,,2015-11-04T01:42:41+00:00,2015-11-04T01:42:41+00:00,2015-11-04 01:42:41 +0000,,,,b9c73e0e1ac3d95fa732b727040807f37b3740bb464a22e3686a4450260bb03a,DUP-00120,ALL,,,ROOT_FOLDER,UNCLASSIFIED,P2,NOT_REVIEWED,VERY_LOW,NO,,,UNKNOWN,resolution_class=VERY_LOW
AST-000121,/Users/fredrick/Documents/Vayva-Tech/vayva-polyrepo/123Design/Images & Videos,ALL/Wireless_Tower_2.jpg,ALL,,Wireless_Tower_2.jpg,Wireless_Tower_2,.jpg,,IMAGE,22441,0.0214,400,284,100:71,LANDSCAPE,,,,,,2015-11-04T01:42:41+00:00,2015-11-04T01:42:41+00:00,2015-11-04 01:42:41 +0000,,,,f367b6d1857bb4eeaa4d3f9439b43880e8a581336d16d91a417a971e98a58b76,DUP-00121,ALL,,,ROOT_FOLDER,UNCLASSIFIED,P2,NOT_REVIEWED,VERY_LOW,NO,,,UNKNOWN,resolution_class=VERY_LOW
AST-000122,/Users/fredrick/Documents/Vayva-Tech/vayva-polyrepo/123Design/Images & Videos,ALL/Yacht_Interior-1.jpg,ALL,,Yacht_Interior-1.jpg,Yacht_Interior-1,.jpg,,IMAGE,149480,0.1426,660,274,330:137,LANDSCAPE,,,,,,2015-11-04T01:42:41+00:00,2015-11-04T01:42:41+00:00,2010-07-08 20:03:26 +0000,,,,36477ec9a36e6c88741d4a57dbea283d4d34ceb1253078aa231eec3b564f1657,DUP-00122,ALL,,,ROOT_FOLDER,UNCLASSIFIED,P2,NOT_REVIEWED,VERY_LOW,NO,,,UNKNOWN,resolution_class=VERY_LOW
AST-000123,/Users/fredrick/Documents/Vayva-Tech/vayva-polyrepo/123Design/Images & Videos,ALL/Yacht_Interior-2.jpg,ALL,,Yacht_Interior-2.jpg,Yacht_Interior-2,.jpg,,IMAGE,89705,0.0855,400,284,100:71,LANDSCAPE,,,,,,2015-11-04T01:42:41+00:00,2015-11-04T01:42:41+00:00,2010-07-08 20:04:09 +0000,,,,cbe91eef43ae16a847ddbaa7e7477d3fe9a0427528cafd930d0f0fb0052fd86b,DUP-00123,ALL,,,ROOT_FOLDER,UNCLASSIFIED,P2,NOT_REVIEWED,VERY_LOW,NO,,,UNKNOWN,resolution_class=VERY_LOW
AST-000124,/Users/fredrick/Documents/Vayva-Tech/vayva-polyrepo/123Design/Images & Videos,ALL/Your Lucky Eye 2.jpg,ALL,,Your Lucky Eye 2.jpg,Your Lucky Eye 2,.jpg,,IMAGE,124228,0.1185,400,338,200:169,LANDSCAPE,,,,,,2015-11-04T01:42:41+00:00,2015-11-04T01:42:41+00:00,2010-07-21 15:43:27 +0000,,,,f0d52bb66ca5f22056f677716f932fb67d34b9f30a2092b5806a9c92ebe42309,DUP-00124,ALL,,,ROOT_FOLDER,UNCLASSIFIED,P2,NOT_REVIEWED,VERY_LOW,NO,,,UNKNOWN,resolution_class=VERY_LOW
AST-000125,/Users/fredrick/Documents/Vayva-Tech/vayva-polyrepo/123Design/Images & Videos,ALL/adagio1.jpg,ALL,,adagio1.jpg,adagio1,.jpg,,IMAGE,61668,0.0588,660,310,66:31,LANDSCAPE,,,,,,2015-11-04T01:42:34+00:00,2015-11-04T01:42:34+00:00,2015-11-04 01:42:34 +0000,,,,46b6951ee9cd4d6f19f3ffc01f4bcc4af3b5e492a94dbb9a4c8d74464a16e7e1,DUP-00125,ALL,,,ROOT_FOLDER,UNCLASSIFIED,P2,NOT_REVIEWED,VERY_LOW,NO,,,UNKNOWN,resolution_class=VERY_LOW
AST-000126,/Users/fredrick/Documents/Vayva-Tech/vayva-polyrepo/123Design/Images & Videos,ALL/adagio2.jpg,ALL,,adagio2.jpg,adagio2,.jpg,,IMAGE,18627,0.0178,400,375,16:15,LANDSCAPE,,,,,,2015-11-04T01:42:34+00:00,2015-11-04T01:42:34+00:00,2015-11-04 01:42:34 +0000,,,,a8238dc481d48a6933ab109aea74fa50e16596eefa2672075fc02408ebe26e7e,DUP-00126,ALL,,,ROOT_FOLDER,UNCLASSIFIED,P2,NOT_REVIEWED,VERY_LOW,NO,,,UNKNOWN,resolution_class=VERY_LOW
AST-000127,/Users/fredrick/Documents/Vayva-Tech/vayva-polyrepo/123Design/Images & Videos,ALL/aesthetic_1.jpg,ALL,,aesthetic_1.jpg,aesthetic_1,.jpg,,IMAGE,77918,0.0743,660,341,60:31,LANDSCAPE,,,,,,2015-11-04T01:42:34+00:00,2015-11-04T01:42:34+00:00,2015-11-04 01:42:34 +0000,,,,ae9eb0f26443a7eff863e00e137be8f76d5737c6472deec23798a590bc9801f5,DUP-00127,ALL,,,ROOT_FOLDER,UNCLASSIFIED,P2,NOT_REVIEWED,VERY_LOW,NO,,,UNKNOWN,resolution_class=VERY_LOW
AST-000128,/Users/fredrick/Documents/Vayva-Tech/vayva-polyrepo/123Design/Images & Videos,ALL/aesthetic_2.jpg,ALL,,aesthetic_2.jpg,aesthetic_2,.jpg,,IMAGE,81256,0.0775,400,284,100:71,LANDSCAPE,,,,,,2015-11-04T01:42:34+00:00,2015-11-04T01:42:34+00:00,2015-11-04 01:42:34 +0000,,,,8bb40885cc442ec0df35c6c3b8f2a7300628db31e878e24658430276dd3f9713,DUP-00128,ALL,,,ROOT_FOLDER,UNCLASSIFIED,P2,NOT_REVIEWED,VERY_LOW,NO,,,UNKNOWN,resolution_class=VERY_LOW
AST-000129,/Users/fredrick/Documents/Vayva-Tech/vayva-polyrepo/123Design/Images & Videos,ALL/binocular_01.jpg,ALL,,binocular_01.jpg,binocular_01,.jpg,,IMAGE,25114,0.024,660,310,66:31,LANDSCAPE,,,,,,2015-11-04T01:42:34+00:00,2015-11-04T01:42:34+00:00,2015-11-04 01:42:34 +0000,,,,8604d3c889180306b4a6e28222b3cb75aaf89c7aa059e3a204bfeaea5cbd5896,DUP-00129,ALL,,,ROOT_FOLDER,UNCLASSIFIED,P2,NOT_REVIEWED,VERY_LOW,NO,,,UNKNOWN,resolution_class=VERY_LOW
AST-000130,/Users/fredrick/Documents/Vayva-Tech/vayva-polyrepo/123Design/Images & Videos,ALL/binocular_02.jpg,ALL,,binocular_02.jpg,binocular_02,.jpg,,IMAGE,14124,0.0135,400,284,100:71,LANDSCAPE,,,,,,2015-11-04T01:42:34+00:00,2015-11-04T01:42:34+00:00,2015-11-04 01:42:34 +0000,,,,e4338610b4a1ee0d8f668329eef7a4e6a70d5a3dbe990c2f78394ce5b540319c,DUP-00130,ALL,,,ROOT_FOLDER,UNCLASSIFIED,P2,NOT_REVIEWED,VERY_LOW,NO,,,UNKNOWN,resolution_class=VERY_LOW
AST-000131,/Users/fredrick/Documents/Vayva-Tech/vayva-polyrepo/123Design/Images & Videos,ALL/bomb_squad_remote-1.jpg,ALL,,bomb_squad_remote-1.jpg,bomb_squad_remote-1,.jpg,,IMAGE,15153,0.0145,660,274,330:137,LANDSCAPE,,,,,,2015-11-04T01:42:34+00:00,2015-11-04T01:42:34+00:00,2015-11-04 01:42:34 +0000,,,,8cb994303614c54a196d7bd4d67a6fe5d0a28524cd5104780df3447ea79ed8a6,DUP-00131,ALL,,,ROOT_FOLDER,UNCLASSIFIED,P2,NOT_REVIEWED,VERY_LOW,NO,,,UNKNOWN,resolution_class=VERY_LOW
AST-000132,/Users/fredrick/Documents/Vayva-Tech/vayva-polyrepo/123Design/Images & Videos,ALL/bomb_squad_remote-2.jpg,ALL,,bomb_squad_remote-2.jpg,bomb_squad_remote-2,.jpg,,IMAGE,28324,0.027,400,284,100:71,LANDSCAPE,,,,,,2015-11-04T01:42:34+00:00,2015-11-04T01:42:34+00:00,2015-11-04 01:42:34 +0000,,,,25423311b6141ab0cb088265364b3dd16bf8f7f5c78b89eb966b7f03db85e30f,DUP-00132,ALL,,,ROOT_FOLDER,UNCLASSIFIED,P2,NOT_REVIEWED,VERY_LOW,NO,,,UNKNOWN,resolution_class=VERY_LOW
AST-000133,/Users/fredrick/Documents/Vayva-Tech/vayva-polyrepo/123Design/Images & Videos,ALL/bpm_1.jpg,ALL,,bpm_1.jpg,bpm_1,.jpg,,IMAGE,23555,0.0225,660,341,60:31,LANDSCAPE,,,,,,2015-11-04T01:42:34+00:00,2015-11-04T01:42:34+00:00,2015-11-04 01:42:34 +0000,,,,ee53bd260589caf1634278915c2fd83dda1308aceb0d61d7eaa3fb53d649869e,DUP-00133,ALL,,,ROOT_FOLDER,UNCLASSIFIED,P2,NOT_REVIEWED,VERY_LOW,NO,,,UNKNOWN,resolution_class=VERY_LOW
AST-000134,/Users/fredrick/Documents/Vayva-Tech/vayva-polyrepo/123Design/Images & Videos,ALL/bpm_2.jpg,ALL,,bpm_2.jpg,bpm_2,.jpg,,IMAGE,17363,0.0166,400,284,100:71,LANDSCAPE,,,,,,2015-11-04T01:42:34+00:00,2015-11-04T01:42:34+00:00,2015-11-04 01:42:34 +0000,,,,6c074ca2d7021e218b5495347871afc98c9d70e581e38cf902ba39a3d8bbe2fa,DUP-00134,ALL,,,ROOT_FOLDER,UNCLASSIFIED,P2,NOT_REVIEWED,VERY_LOW,NO,,,UNKNOWN,resolution_class=VERY_LOW
AST-000135,/Users/fredrick/Documents/Vayva-Tech/vayva-polyrepo/123Design/Images & Videos,ALL/brass-balls6.jpg,ALL,,brass-balls6.jpg,brass-balls6,.jpg,,IMAGE,27213,0.026,370,368,185:184,LANDSCAPE,,,,,,2015-11-04T01:42:34+00:00,2015-11-04T01:42:34+00:00,2015-11-04 01:42:34 +0000,,,,75954f29c97a7b7fdff570d7dfd4930ffe8d6b5ea0b0557327baa95c4de5ba31,DUP-00135,ALL,,,ROOT_FOLDER,UNCLASSIFIED,P2,NOT_REVIEWED,VERY_LOW,NO,,,UNKNOWN,resolution_class=VERY_LOW
AST-000136,/Users/fredrick/Documents/Vayva-Tech/vayva-polyrepo/123Design/Images & Videos,ALL/bs.jpg,ALL,,bs.jpg,bs,.jpg,,IMAGE,8171,0.0078,660,274,330:137,LANDSCAPE,,,,,,2015-11-04T01:42:34+00:00,2015-11-04T01:42:34+00:00,2015-11-04 01:42:34 +0000,,,,d8f8736a5a4ce46789f82b632428dfcafb24b20d5648553491077954583b417d,DUP-00136,ALL,,,ROOT_FOLDER,UNCLASSIFIED,P2,NOT_REVIEWED,VERY_LOW,NO,,,UNKNOWN,resolution_class=VERY_LOW
AST-000137,/Users/fredrick/Documents/Vayva-Tech/vayva-polyrepo/123Design/Images & Videos,ALL/bs_2.jpg,ALL,,bs_2.jpg,bs_2,.jpg,,IMAGE,67978,0.0648,400,284,100:71,LANDSCAPE,,,,,,2015-11-04T01:42:34+00:00,2015-11-04T01:42:34+00:00,2010-07-08 18:20:51 +0000,,,,6feae0c532ccbf8a6f70aa2c9c62c76e09a2b16364a777538e53c58602c500e1,DUP-00137,ALL,,,ROOT_FOLDER,UNCLASSIFIED,P2,NOT_REVIEWED,VERY_LOW,NO,,,UNKNOWN,resolution_class=VERY_LOW
AST-000138,/Users/fredrick/Documents/Vayva-Tech/vayva-polyrepo/123Design/Images & Videos,ALL/cd_player_1.jpg,ALL,,cd_player_1.jpg,cd_player_1,.jpg,,IMAGE,23939,0.0228,660,369,220:123,LANDSCAPE,,,,,,2015-11-04T01:42:35+00:00,2015-11-04T01:42:35+00:00,2015-11-04 01:42:35 +0000,,,,e3d17ed2d40ef47cdba09071c04d4b0734303bc74e02135277adc1483728ad64,DUP-00138,ALL,,,ROOT_FOLDER,UNCLASSIFIED,P2,NOT_REVIEWED,VERY_LOW,NO,,,UNKNOWN,resolution_class=VERY_LOW
AST-000139,/Users/fredrick/Documents/Vayva-Tech/vayva-polyrepo/123Design/Images & Videos,ALL/cd_player_2.jpg,ALL,,cd_player_2.jpg,cd_player_2,.jpg,,IMAGE,13837,0.0132,400,284,100:71,LANDSCAPE,,,,,,2015-11-04T01:42:35+00:00,2015-11-04T01:42:35+00:00,2015-11-04 01:42:35 +0000,,,,383ba20e5af27e90b2ca6d92455f3fa68adca62660650a31ad5bf8862048b6a4,DUP-00139,ALL,,,ROOT_FOLDER,UNCLASSIFIED,P2,NOT_REVIEWED,VERY_LOW,NO,,,UNKNOWN,resolution_class=VERY_LOW
AST-000140,/Users/fredrick/Documents/Vayva-Tech/vayva-polyrepo/123Design/Images & Videos,ALL/coffee.jpg,ALL,,coffee.jpg,coffee,.jpg,,IMAGE,69414,0.0662,660,576,55:48,LANDSCAPE,,,,,,2015-11-04T01:42:35+00:00,2015-11-04T01:42:35+00:00,2015-11-04 01:42:35 +0000,,,,ec069c905263dcad15e724bd808a2f97b9e53f4f38493a61a3a3768600e51057,DUP-00140,ALL,,,ROOT_FOLDER,UNCLASSIFIED,P2,NOT_REVIEWED,VERY_LOW,NO,,,UNKNOWN,resolution_class=VERY_LOW
AST-000141,/Users/fredrick/Documents/Vayva-Tech/vayva-polyrepo/123Design/Images & Videos,ALL/coffee2.jpg,ALL,,coffee2.jpg,coffee2,.jpg,,IMAGE,42758,0.0408,660,576,55:48,LANDSCAPE,,,,,,2015-11-04T01:42:35+00:00,2015-11-04T01:42:35+00:00,2015-11-04 01:42:35 +0000,,,,73fcf1812c22260347e40425d695a104d2cbfa4cec88844a060d78f2886dfa77,DUP-00141,ALL,,,ROOT_FOLDER,UNCLASSIFIED,P2,NOT_REVIEWED,VERY_LOW,NO,,,UNKNOWN,resolution_class=VERY_LOW
AST-000142,/Users/fredrick/Documents/Vayva-Tech/vayva-polyrepo/123Design/Images & Videos,ALL/da_Benito_2.jpg,ALL,,da_Benito_2.jpg,da_Benito_2,.jpg,,IMAGE,88108,0.084,400,284,100:71,LANDSCAPE,,,,,,2015-11-04T01:42:35+00:00,2015-11-04T01:42:35+00:00,2010-07-08 21:37:00 +0000,,,,7cd482ec3aa22d016506f6f9f16f23faffa322c04c815e535303f11c055efd7b,DUP-00142,ALL,,,ROOT_FOLDER,UNCLASSIFIED,P2,NOT_REVIEWED,VERY_LOW,NO,,,UNKNOWN,resolution_class=VERY_LOW
AST-000143,/Users/fredrick/Documents/Vayva-Tech/vayva-polyrepo/123Design/Images & Videos,ALL/da_benito-1.jpg,ALL,,da_benito-1.jpg,da_benito-1,.jpg,,IMAGE,128035,0.1221,660,274,330:137,LANDSCAPE,,,,,,2015-11-04T01:42:35+00:00,2015-11-04T01:42:35+00:00,2010-07-08 21:35:58 +0000,,,,e315f19a149f1bdf00e8dcab4c12bedc89aae832870475798a71ff5e5ae56103,DUP-00143,ALL,,,ROOT_FOLDER,UNCLASSIFIED,P2,NOT_REVIEWED,VERY_LOW,NO,,,UNKNOWN,resolution_class=VERY_LOW
AST-000144,/Users/fredrick/Documents/Vayva-Tech/vayva-polyrepo/123Design/Images & Videos,ALL/dehumidifier.jpg,ALL,,dehumidifier.jpg,dehumidifier,.jpg,,IMAGE,21635,0.0206,660,310,66:31,LANDSCAPE,,,,,,2015-11-04T01:42:35+00:00,2015-11-04T01:42:35+00:00,2015-11-04 01:42:35 +0000,,,,e76aec46ff61c303a7bd74c6779b6520ce1e744bd0a2a6834bbf52e9c010cc2c,DUP-00144,ALL,,,ROOT_FOLDER,UNCLASSIFIED,P2,NOT_REVIEWED,VERY_LOW,NO,,,UNKNOWN,resolution_class=VERY_LOW
AST-000145,/Users/fredrick/Documents/Vayva-Tech/vayva-polyrepo/123Design/Images & Videos,ALL/dehumidifier2.jpg,ALL,,dehumidifier2.jpg,dehumidifier2,.jpg,,IMAGE,24690,0.0235,400,284,100:71,LANDSCAPE,,,,,,2015-11-04T01:42:35+00:00,2015-11-04T01:42:35+00:00,2015-11-04 01:42:35 +0000,,,,6318bc495187655d5bf3c30ab726417f3df55559317ccef155be02fc2253fad6,DUP-00145,ALL,,,ROOT_FOLDER,UNCLASSIFIED,P2,NOT_REVIEWED,VERY_LOW,NO,,,UNKNOWN,resolution_class=VERY_LOW
AST-000146,/Users/fredrick/Documents/Vayva-Tech/vayva-polyrepo/123Design/Images & Videos,ALL/dental-1.jpg,ALL,,dental-1.jpg,dental-1,.jpg,,IMAGE,18178,0.0173,660,341,60:31,LANDSCAPE,,,,,,2015-11-04T01:42:35+00:00,2015-11-04T01:42:35+00:00,2015-11-04 01:42:35 +0000,,,,dcdd5e9b9e6ec8a037e6a9e5031ae23f64aff028298a619e56a638b08dc25594,DUP-00146,ALL,,,ROOT_FOLDER,UNCLASSIFIED,P2,NOT_REVIEWED,VERY_LOW,NO,,,UNKNOWN,resolution_class=VERY_LOW
AST-000147,/Users/fredrick/Documents/Vayva-Tech/vayva-polyrepo/123Design/Images & Videos,ALL/dental-2.jpg,ALL,,dental-2.jpg,dental-2,.jpg,,IMAGE,13941,0.0133,400,284,100:71,LANDSCAPE,,,,,,2015-11-04T01:42:35+00:00,2015-11-04T01:42:35+00:00,2015-11-04 01:42:35 +0000,,,,d7ca0fd131a8378a9ce4a0400298e59801e13dd3ca1b07530d41d2240d0ed621,DUP-00147,ALL,,,ROOT_FOLDER,UNCLASSIFIED,P2,NOT_REVIEWED,VERY_LOW,NO,,,UNKNOWN,resolution_class=VERY_LOW
AST-000148,/Users/fredrick/Documents/Vayva-Tech/vayva-polyrepo/123Design/Images & Videos,ALL/dubai_boat_show1.jpg,ALL,,dubai_boat_show1.jpg,dubai_boat_show1,.jpg,,IMAGE,50383,0.048,660,401,660:401,LANDSCAPE,,,,,,2015-11-04T01:42:35+00:00,2015-11-04T01:42:35+00:00,2015-11-04 01:42:35 +0000,,,,167ad182be454c173ad9e06a2d7f09666e90187b1f6176ef8cef0c1f5ba2b68f,DUP-00148,ALL,,,ROOT_FOLDER,UNCLASSIFIED,P2,NOT_REVIEWED,VERY_LOW,NO,,,UNKNOWN,resolution_class=VERY_LOW
AST-000149,/Users/fredrick/Documents/Vayva-Tech/vayva-polyrepo/123Design/Images & Videos,ALL/dubai_boat_show2.jpg,ALL,,dubai_boat_show2.jpg,dubai_boat_show2,.jpg,,IMAGE,48739,0.0465,660,401,660:401,LANDSCAPE,,,,,,2015-11-04T01:42:35+00:00,2015-11-04T01:42:35+00:00,2015-11-04 01:42:35 +0000,,,,7e386e459463600e520dadf486f9448abfec0e58f61a5719b0613e09006996cc,DUP-00149,ALL,,,ROOT_FOLDER,UNCLASSIFIED,P2,NOT_REVIEWED,VERY_LOW,NO,,,UNKNOWN,resolution_class=VERY_LOW
AST-000150,/Users/fredrick/Documents/Vayva-Tech/vayva-polyrepo/123Design/Images & Videos,ALL/dubai_boat_show3.jpg,ALL,,dubai_boat_show3.jpg,dubai_boat_show3,.jpg,,IMAGE,47781,0.0456,660,401,660:401,LANDSCAPE,,,,,,2015-11-04T01:42:35+00:00,2015-11-04T01:42:35+00:00,2015-11-04 01:42:35 +0000,,,,ad65dd3f4f698c1f7e7ef1aad3c9bcb85a98683f56195f778a411a0bf8d5d558,DUP-00150,ALL,,,ROOT_FOLDER,UNCLASSIFIED,P2,NOT_REVIEWED,VERY_LOW,NO,,,UNKNOWN,resolution_class=VERY_LOW
AST-000151,/Users/fredrick/Documents/Vayva-Tech/vayva-polyrepo/123Design/Images & Videos,ALL/dynamometer-1.jpg,ALL,,dynamometer-1.jpg,dynamometer-1,.jpg,,IMAGE,17153,0.0164,660,341,60:31,LANDSCAPE,,,,,,2015-11-04T01:42:35+00:00,2015-11-04T01:42:35+00:00,2015-11-04 01:42:35 +0000,,,,c0b994fe903754f14c91b4191cada474918d5d899318b185152daccba53454da,DUP-00151,ALL,,,ROOT_FOLDER,UNCLASSIFIED,P2,NOT_REVIEWED,VERY_LOW,NO,,,UNKNOWN,resolution_class=VERY_LOW
AST-000152,/Users/fredrick/Documents/Vayva-Tech/vayva-polyrepo/123Design/Images & Videos,ALL/dynamometer-2.jpg,ALL,,dynamometer-2.jpg,dynamometer-2,.jpg,,IMAGE,15255,0.0145,400,284,100:71,LANDSCAPE,,,,,,2015-11-04T01:42:35+00:00,2015-11-04T01:42:35+00:00,2015-11-04 01:42:35 +0000,,,,cf3a3c59a18774e51b1066d4afa034a26b229ae408994b1b56105fabd5ee252d,DUP-00152,ALL,,,ROOT_FOLDER,UNCLASSIFIED,P2,NOT_REVIEWED,VERY_LOW,NO,,,UNKNOWN,resolution_class=VERY_LOW
AST-000153,/Users/fredrick/Documents/Vayva-Tech/vayva-polyrepo/123Design/Images & Videos,ALL/emergency_beacon-1.jpg,ALL,,emergency_beacon-1.jpg,emergency_beacon-1,.jpg,,IMAGE,48251,0.046,660,341,60:31,LANDSCAPE,,,,,,2015-11-04T01:42:35+00:00,2015-11-04T01:42:35+00:00,2015-11-04 01:42:35 +0000,,,,52e2b992dabc54c21cf7ffc87c4e3ca01cb92e170deefa2394a5847d828184d1,DUP-00153,ALL,,,ROOT_FOLDER,UNCLASSIFIED,P2,NOT_REVIEWED,VERY_LOW,NO,,,UNKNOWN,resolution_class=VERY_LOW
AST-000154,/Users/fredrick/Documents/Vayva-Tech/vayva-polyrepo/123Design/Images & Videos,ALL/emergency_beacon-2.jpg,ALL,,emergency_beacon-2.jpg,emergency_beacon-2,.jpg,,IMAGE,17577,0.0168,400,284,100:71,LANDSCAPE,,,,,,2015-11-04T01:42:35+00:00,2015-11-04T01:42:35+00:00,2015-11-04 01:42:35 +0000,,,,896b052c3fdfc63d0e4ba9439606c9e1400a6008d022fdc8ed634be670a888cd,DUP-00154,ALL,,,ROOT_FOLDER,UNCLASSIFIED,P2,NOT_REVIEWED,VERY_LOW,NO,,,UNKNOWN,resolution_class=VERY_LOW
AST-000155,/Users/fredrick/Documents/Vayva-Tech/vayva-polyrepo/123Design/Images & Videos,ALL/flight_box-2.jpg,ALL,,flight_box-2.jpg,flight_box-2,.jpg,,IMAGE,28685,0.0274,400,284,100:71,LANDSCAPE,,,,,,2015-11-04T01:42:36+00:00,2015-11-04T01:42:36+00:00,2015-11-04 01:42:36 +0000,,,,adaad50a5ae9139916e1c780bd7b86dbab8f15c944f17c6275c584878c1d3f07,DUP-00155,ALL,,,ROOT_FOLDER,UNCLASSIFIED,P2,NOT_REVIEWED,VERY_LOW,NO,,,UNKNOWN,resolution_class=VERY_LOW
AST-000156,/Users/fredrick/Documents/Vayva-Tech/vayva-polyrepo/123Design/Images & Videos,ALL/flight_box.jpg,ALL,,flight_box.jpg,flight_box,.jpg,,IMAGE,22549,0.0215,660,274,330:137,LANDSCAPE,,,,,,2015-11-04T01:42:36+00:00,2015-11-04T01:42:36+00:00,2015-11-04 01:42:36 +0000,,,,91cc2bdf2a3c0486505fde9c151196bbc106661489539604eb8273166f4ff4c2,DUP-00156,ALL,,,ROOT_FOLDER,UNCLASSIFIED,P2,NOT_REVIEWED,VERY_LOW,NO,,,UNKNOWN,resolution_class=VERY_LOW
AST-000157,/Users/fredrick/Documents/Vayva-Tech/vayva-polyrepo/123Design/Images & Videos,ALL/flight_planner-1.jpg,ALL,,flight_planner-1.jpg,flight_planner-1,.jpg,,IMAGE,95174,0.0908,660,274,330:137,LANDSCAPE,,,,,,2015-11-04T01:42:36+00:00,2015-11-04T01:42:36+00:00,2010-07-08 19:28:32 +0000,,,,6d9ba91f3ac397f2b0ced8e2db79182f2167f764fe98457c6e2c9093f18e61e3,DUP-00157,ALL,,,ROOT_FOLDER,UNCLASSIFIED,P2,NOT_REVIEWED,VERY_LOW,NO,,,UNKNOWN,resolution_class=VERY_LOW
AST-000158,/Users/fredrick/Documents/Vayva-Tech/vayva-polyrepo/123Design/Images & Videos,ALL/flight_planner-2.jpg,ALL,,flight_planner-2.jpg,flight_planner-2,.jpg,,IMAGE,107053,0.1021,400,284,100:71,LANDSCAPE,,,,,,2015-11-04T01:42:36+00:00,2015-11-04T01:42:36+00:00,2010-07-08 19:29:04 +0000,,,,a9a87c2849a88c88f71fde8e6c62c85939a0a0694cc1faa3199a0aaf4573f5b2,DUP-00158,ALL,,,ROOT_FOLDER,UNCLASSIFIED,P2,NOT_REVIEWED,VERY_LOW,NO,,,UNKNOWN,resolution_class=VERY_LOW
AST-000159,/Users/fredrick/Documents/Vayva-Tech/vayva-polyrepo/123Design/Images & Videos,ALL/fps_1.jpg,ALL,,fps_1.jpg,fps_1,.jpg,,IMAGE,7515,0.0072,660,274,330:137,LANDSCAPE,,,,,,2015-11-04T01:42:36+00:00,2015-11-04T01:42:36+00:00,2015-11-04 01:42:36 +0000,,,,9b3111d5c1ca6d6fef1e7af6009b0f5317eeacf756ae33393fbf690814c81353,DUP-00159,ALL,,,ROOT_FOLDER,UNCLASSIFIED,P2,NOT_REVIEWED,VERY_LOW,NO,,,UNKNOWN,resolution_class=VERY_LOW
AST-000160,/Users/fredrick/Documents/Vayva-Tech/vayva-polyrepo/123Design/Images & Videos,ALL/fps_2.jpg,ALL,,fps_2.jpg,fps_2,.jpg,,IMAGE,74944,0.0715,400,284,100:71,LANDSCAPE,,,,,,2015-11-04T01:42:36+00:00,2015-11-04T01:42:36+00:00,2010-07-08 19:25:07 +0000,,,,08812cc8682f375120128eac8c322cf987c030c8cc727ef8a0b1bd74da67850f,DUP-00160,ALL,,,ROOT_FOLDER,UNCLASSIFIED,P2,NOT_REVIEWED,VERY_LOW,NO,,,UNKNOWN,resolution_class=VERY_LOW
AST-000161,/Users/fredrick/Documents/Vayva-Tech/vayva-polyrepo/123Design/Images & Videos,ALL/goggles1.jpg,ALL,,goggles1.jpg,goggles1,.jpg,,IMAGE,25695,0.0245,660,428,165:107,LANDSCAPE,,,,,,2015-11-04T01:42:36+00:00,2015-11-04T01:42:36+00:00,2015-11-04 01:42:36 +0000,,,,a66779d765ac20e3bb99ace89adda6819417d20eae386457f57ce47109eb16c6,DUP-00161,ALL,,,ROOT_FOLDER,UNCLASSIFIED,P2,NOT_REVIEWED,VERY_LOW,NO,,,UNKNOWN,resolution_class=VERY_LOW
AST-000162,/Users/fredrick/Documents/Vayva-Tech/vayva-polyrepo/123Design/Images & Videos,ALL/goggles2.jpg,ALL,,goggles2.jpg,goggles2,.jpg,,IMAGE,23573,0.0225,660,439,660:439,LANDSCAPE,,,,,,2015-11-04T01:42:36+00:00,2015-11-04T01:42:36+00:00,2015-11-04 01:42:36 +0000,,,,06e95472a7e8e07ac173033c65834adbe3b6fb3b25445162b1c5be28a70e4031,DUP-00162,ALL,,,ROOT_FOLDER,UNCLASSIFIED,P2,NOT_REVIEWED,VERY_LOW,NO,,,UNKNOWN,resolution_class=VERY_LOW
AST-000163,/Users/fredrick/Documents/Vayva-Tech/vayva-polyrepo/123Design/Images & Videos,ALL/goggles3.jpg,ALL,,goggles3.jpg,goggles3,.jpg,,IMAGE,83169,0.0793,660,495,4:3,LANDSCAPE,,,,,,2015-11-04T01:42:36+00:00,2015-11-04T01:42:36+00:00,2015-11-04 01:42:36 +0000,,,,38532d8e2f662a889c35aa5ccdfe2f0b47aeb0cb478fdea23889b6c15dfddf4d,DUP-00163,ALL,,,ROOT_FOLDER,UNCLASSIFIED,P2,NOT_REVIEWED,VERY_LOW,NO,,,UNKNOWN,resolution_class=VERY_LOW
AST-000164,/Users/fredrick/Documents/Vayva-Tech/vayva-polyrepo/123Design/Images & Videos,ALL/golf_caddy-1.jpg,ALL,,golf_caddy-1.jpg,golf_caddy-1,.jpg,,IMAGE,24164,0.023,660,341,60:31,LANDSCAPE,,,,,,2015-11-04T01:42:36+00:00,2015-11-04T01:42:36+00:00,2015-11-04 01:42:36 +0000,,,,98de278414fc34c94c3f4f1d23eaca6a6a56ed3039a5d5dfd8d1a09598ec4af0,DUP-00164,ALL,,,ROOT_FOLDER,UNCLASSIFIED,P2,NOT_REVIEWED,VERY_LOW,NO,,,UNKNOWN,resolution_class=VERY_LOW
AST-000165,/Users/fredrick/Documents/Vayva-Tech/vayva-polyrepo/123Design/Images & Videos,ALL/golf_caddy-2.jpg,ALL,,golf_caddy-2.jpg,golf_caddy-2,.jpg,,IMAGE,33812,0.0322,400,284,100:71,LANDSCAPE,,,,,,2015-11-04T01:42:36+00:00,2015-11-04T01:42:36+00:00,2015-11-04 01:42:36 +0000,,,,acb023ab04d68f371d5b06a41f569391957bc13fc91730c08c74c7cf98d86b61,DUP-00165,ALL,,,ROOT_FOLDER,UNCLASSIFIED,P2,NOT_REVIEWED,VERY_LOW,NO,,,UNKNOWN,resolution_class=VERY_LOW
AST-000166,/Users/fredrick/Documents/Vayva-Tech/vayva-polyrepo/123Design/Images & Videos,ALL/greencan.jpg,ALL,,greencan.jpg,greencan,.jpg,,IMAGE,32527,0.031,660,432,55:36,LANDSCAPE,,,,,,2015-11-04T01:42:36+00:00,2015-11-04T01:42:36+00:00,2015-11-04 01:42:36 +0000,,,,d80da0cc65f4325e04771b339160b6b66431d3a9f9fdfb22303f117d4f6daf4d,DUP-00166,ALL,,,ROOT_FOLDER,UNCLASSIFIED,P2,NOT_REVIEWED,VERY_LOW,NO,,,UNKNOWN,resolution_class=VERY_LOW
AST-000167,/Users/fredrick/Documents/Vayva-Tech/vayva-polyrepo/123Design/Images & Videos,ALL/greencan2.jpg,ALL,,greencan2.jpg,greencan2,.jpg,,IMAGE,42232,0.0403,660,432,55:36,LANDSCAPE,,,,,,2015-11-04T01:42:36+00:00,2015-11-04T01:42:36+00:00,2015-11-04 01:42:36 +0000,,,,93e5e40fc008cc1448991131f39302245c675c266f2bfcad896e34741f357a31,DUP-00167,ALL,,,ROOT_FOLDER,UNCLASSIFIED,P2,NOT_REVIEWED,VERY_LOW,NO,,,UNKNOWN,resolution_class=VERY_LOW
AST-000168,/Users/fredrick/Documents/Vayva-Tech/vayva-polyrepo/123Design/Images & Videos,ALL/hand_dryer_1.jpg,ALL,,hand_dryer_1.jpg,hand_dryer_1,.jpg,,IMAGE,160861,0.1534,660,274,330:137,LANDSCAPE,,,,,,2015-11-04T01:42:36+00:00,2015-11-04T01:42:36+00:00,2010-07-08 19:47:15 +0000,,,,5ebba028da49c0d6bee419062c5e6d155a552a72a8eb388c14e987b4cd331e32,DUP-00168,ALL,,,ROOT_FOLDER,UNCLASSIFIED,P2,NOT_REVIEWED,VERY_LOW,NO,,,UNKNOWN,resolution_class=VERY_LOW
AST-000169,/Users/fredrick/Documents/Vayva-Tech/vayva-polyrepo/123Design/Images & Videos,ALL/hand_dryer_2.jpg,ALL,,hand_dryer_2.jpg,hand_dryer_2,.jpg,,IMAGE,52165,0.0497,400,284,100:71,LANDSCAPE,,,,,,2015-11-04T01:42:36+00:00,2015-11-04T01:42:36+00:00,2010-07-08 19:47:39 +0000,,,,4cd183c886527b09eedf3f4804a6a36f68b4b2beb9b149feed1a84272e6871ab,DUP-00169,ALL,,,ROOT_FOLDER,UNCLASSIFIED,P2,NOT_REVIEWED,VERY_LOW,NO,,,UNKNOWN,resolution_class=VERY_LOW
AST-000170,/Users/fredrick/Documents/Vayva-Tech/vayva-polyrepo/123Design/Images & Videos,ALL/hard_drive_tower_1.jpg,ALL,,hard_drive_tower_1.jpg,hard_drive_tower_1,.jpg,,IMAGE,19632,0.0187,660,369,220:123,LANDSCAPE,,,,,,2015-11-04T01:42:36+00:00,2015-11-04T01:42:36+00:00,2015-11-04 01:42:36 +0000,,,,8c1e8efa14ad25ae49d361f3f84d56321e16169b59bbe68b17b835fd5838ae66,DUP-00170,ALL,,,ROOT_FOLDER,UNCLASSIFIED,P2,NOT_REVIEWED,VERY_LOW,NO,,,UNKNOWN,resolution_class=VERY_LOW
AST-000171,/Users/fredrick/Documents/Vayva-Tech/vayva-polyrepo/123Design/Images & Videos,ALL/hard_drive_tower_2.jpg,ALL,,hard_drive_tower_2.jpg,hard_drive_tower_2,.jpg,,IMAGE,43803,0.0418,400,284,100:71,LANDSCAPE,,,,,,2015-11-04T01:42:36+00:00,2015-11-04T01:42:36+00:00,2010-07-12 20:19:23 +0000,,,,dfab14ad09477a54e52f4cad7b8d688041f75023ad86a2500c051e2bb5fe922a,DUP-00171,ALL,,,ROOT_FOLDER,UNCLASSIFIED,P2,NOT_REVIEWED,VERY_LOW,NO,,,UNKNOWN,resolution_class=VERY_LOW
AST-000172,/Users/fredrick/Documents/Vayva-Tech/vayva-polyrepo/123Design/Images & Videos,ALL/hydraulic1.jpg,ALL,,hydraulic1.jpg,hydraulic1,.jpg,,IMAGE,31117,0.0297,480,640,3:4,PORTRAIT,,,,,,2015-11-04T01:42:36+00:00,2015-11-04T01:42:36+00:00,2015-11-04 01:42:36 +0000,,,,08c78184bd9e61c8028e836ade672b163a33a894a4a93fa643e776fbaa91921d,DUP-00172,ALL,,,ROOT_FOLDER,UNCLASSIFIED,P2,NOT_REVIEWED,VERY_LOW,NO,,,UNKNOWN,resolution_class=VERY_LOW
AST-000173,/Users/fredrick/Documents/Vayva-Tech/vayva-polyrepo/123Design/Images & Videos,ALL/hydraulic2.jpg,ALL,,hydraulic2.jpg,hydraulic2,.jpg,,IMAGE,35508,0.0339,480,640,3:4,PORTRAIT,,,,,,2015-11-04T01:42:36+00:00,2015-11-04T01:42:36+00:00,2015-11-04 01:42:36 +0000,,,,ef6be522a944ca80f52bfd0d2bea857a58682326704dc2c46d422d2e9acc631c,DUP-00173,ALL,,,ROOT_FOLDER,UNCLASSIFIED,P2,NOT_REVIEWED,VERY_LOW,NO,,,UNKNOWN,resolution_class=VERY_LOW
AST-000174,/Users/fredrick/Documents/Vayva-Tech/vayva-polyrepo/123Design/Images & Videos,ALL/iaMedium-1 copy.jpg,ALL,,iaMedium-1 copy.jpg,iaMedium-1 copy,.jpg,,IMAGE,141283,0.1347,660,495,4:3,LANDSCAPE,,,,,,2025-07-25T14:21:33+00:00,2025-07-25T14:21:33+00:00,2025-07-25 09:21:31 +0000,,,,9827d47e55469bc8d2f0960d8cd30a8b51cfebfa98a79adce71f2737e999ac29,,ALL,,,ROOT_FOLDER,UNCLASSIFIED,P2,NOT_REVIEWED,VERY_LOW,NO,,,UNKNOWN,resolution_class=VERY_LOW
AST-000175,/Users/fredrick/Documents/Vayva-Tech/vayva-polyrepo/123Design/Images & Videos,ALL/iaMedium-1.jpg,ALL,,iaMedium-1.jpg,iaMedium-1,.jpg,,IMAGE,47631,0.0454,660,495,4:3,LANDSCAPE,,,,,,2015-11-04T01:42:36+00:00,2015-11-04T01:42:36+00:00,2015-11-04 01:42:36 +0000,,,,5dbe573fe774beee29565fa41777a88cbc41b6d3855313d533296da59f5ee933,DUP-00174,ALL,,,ROOT_FOLDER,UNCLASSIFIED,P2,NOT_REVIEWED,VERY_LOW,NO,,,UNKNOWN,resolution_class=VERY_LOW
AST-000176,/Users/fredrick/Documents/Vayva-Tech/vayva-polyrepo/123Design/Images & Videos,ALL/iaMedium-2.jpg,ALL,,iaMedium-2.jpg,iaMedium-2,.jpg,,IMAGE,149660,0.1427,400,284,100:71,LANDSCAPE,,,,,,2015-11-04T01:42:36+00:00,2015-11-04T01:42:36+00:00,2010-07-08 19:41:16 +0000,,,,07bb177fb0647ccd5ef20e844cbe397e1f618ba04ec2994d0fb141eeb7400a35,DUP-00175,ALL,,,ROOT_FOLDER,UNCLASSIFIED,P2,NOT_REVIEWED,VERY_LOW,NO,,,UNKNOWN,resolution_class=VERY_LOW
AST-000177,/Users/fredrick/Documents/Vayva-Tech/vayva-polyrepo/123Design/Images & Videos,ALL/iaMedium-3.jpg,ALL,,iaMedium-3.jpg,iaMedium-3,.jpg,,IMAGE,20305,0.0194,400,300,4:3,LANDSCAPE,,,,,,2015-11-04T01:42:36+00:00,2015-11-04T01:42:36+00:00,2015-11-04 01:42:36 +0000,,,,bee2d7403007b55664ffafcfaa2e1611c409841c8679138cab8cd039796e4a2d,DUP-00176,ALL,,,ROOT_FOLDER,UNCLASSIFIED,P2,NOT_REVIEWED,VERY_LOW,NO,,,UNKNOWN,resolution_class=VERY_LOW
AST-000178,/Users/fredrick/Documents/Vayva-Tech/vayva-polyrepo/123Design/Images & Videos,ALL/infrared1.jpg,ALL,,infrared1.jpg,infrared1,.jpg,,IMAGE,51032,0.0487,660,432,55:36,LANDSCAPE,,,,,,2015-11-04T01:42:36+00:00,2015-11-04T01:42:36+00:00,2015-11-04 01:42:36 +0000,,,,befde98d1e970d8a07ba7d19b5a9787805cf218fb21370169a61be3020e8e136,DUP-00177,ALL,,,ROOT_FOLDER,UNCLASSIFIED,P2,NOT_REVIEWED,VERY_LOW,NO,,,UNKNOWN,resolution_class=VERY_LOW
AST-000179,/Users/fredrick/Documents/Vayva-Tech/vayva-polyrepo/123Design/Images & Videos,ALL/infrared2.jpg,ALL,,infrared2.jpg,infrared2,.jpg,,IMAGE,66123,0.0631,660,432,55:36,LANDSCAPE,,,,,,2015-11-04T01:42:36+00:00,2015-11-04T01:42:36+00:00,2015-11-04 01:42:36 +0000,,,,3e904c9686cc86dca784decb2d87e05ff130ec8d97f19ba8301b0a6de1b837b5,DUP-00178,ALL,,,ROOT_FOLDER,UNCLASSIFIED,P2,NOT_REVIEWED,VERY_LOW,NO,,,UNKNOWN,resolution_class=VERY_LOW
AST-000180,/Users/fredrick/Documents/Vayva-Tech/vayva-polyrepo/123Design/Images & Videos,ALL/ipm-008_LR.jpg,ALL,,ipm-008_LR.jpg,ipm-008_LR,.jpg,,IMAGE,65867,0.0628,660,511,660:511,LANDSCAPE,,,,,,2015-11-04T01:42:36+00:00,2015-11-04T01:42:36+00:00,2015-11-04 01:42:36 +0000,,,,3a5adbc21746abce6293dc3bcf5b45fcd4feeb973ec08ad3844f721309919789,DUP-00179,ALL,,,ROOT_FOLDER,UNCLASSIFIED,P2,NOT_REVIEWED,VERY_LOW,NO,,,UNKNOWN,resolution_class=VERY_LOW
AST-000181,/Users/fredrick/Documents/Vayva-Tech/vayva-polyrepo/123Design/Images & Videos,ALL/ipm_prototype1.jpg,ALL,,ipm_prototype1.jpg,ipm_prototype1,.jpg,,IMAGE,63233,0.0603,660,439,660:439,LANDSCAPE,,,,,,2015-11-04T01:42:36+00:00,2015-11-04T01:42:36+00:00,2015-11-04 01:42:36 +0000,,,,9c15538374c1ffc6460223972f9eabcf80f97985f9d539af7485ae8adc75a134,DUP-00180,ALL,,,ROOT_FOLDER,UNCLASSIFIED,P2,NOT_REVIEWED,VERY_LOW,NO,,,UNKNOWN,resolution_class=VERY_LOW
AST-000182,/Users/fredrick/Documents/Vayva-Tech/vayva-polyrepo/123Design/Images & Videos,ALL/ipm_prototype2.jpg,ALL,,ipm_prototype2.jpg,ipm_prototype2,.jpg,,IMAGE,57995,0.0553,660,439,660:439,LANDSCAPE,,,,,,2015-11-04T01:42:36+00:00,2015-11-04T01:42:36+00:00,2015-11-04 01:42:36 +0000,,,,9fff11bc76099f39cae7c69f63189be7eaa18a8757cf115267ed718a530cc2a7,DUP-00181,ALL,,,ROOT_FOLDER,UNCLASSIFIED,P2,NOT_REVIEWED,VERY_LOW,NO,,,UNKNOWN,resolution_class=VERY_LOW
AST-000183,/Users/fredrick/Documents/Vayva-Tech/vayva-polyrepo/123Design/Images & Videos,ALL/ipm_prototype3.jpg,ALL,,ipm_prototype3.jpg,ipm_prototype3,.jpg,,IMAGE,85196,0.0812,660,439,660:439,LANDSCAPE,,,,,,2015-11-04T01:42:36+00:00,2015-11-04T01:42:36+00:00,2015-11-04 01:42:36 +0000,,,,6908bb10b3a341e7a4c74c567e890e10bf472542eed8f837ef0e5f9f08facdc0,DUP-00182,ALL,,,ROOT_FOLDER,UNCLASSIFIED,P2,NOT_REVIEWED,VERY_LOW,NO,,,UNKNOWN,resolution_class=VERY_LOW
AST-000184,/Users/fredrick/Documents/Vayva-Tech/vayva-polyrepo/123Design/Images & Videos,ALL/jewelry.jpg,ALL,,jewelry.jpg,jewelry,.jpg,,IMAGE,166704,0.159,660,274,330:137,LANDSCAPE,,,,,,2015-11-04T01:42:36+00:00,2015-11-04T01:42:36+00:00,2010-07-08 21:53:04 +0000,,,,545b91e9e6f8180d1839f17fe3729c74e8a1a1a465105938e139b2b964a80b78,DUP-00183,ALL,,,ROOT_FOLDER,UNCLASSIFIED,P2,NOT_REVIEWED,VERY_LOW,NO,,,UNKNOWN,resolution_class=VERY_LOW
AST-000185,/Users/fredrick/Documents/Vayva-Tech/vayva-polyrepo/123Design/Images & Videos,ALL/jewelry_2.jpg,ALL,,jewelry_2.jpg,jewelry_2,.jpg,,IMAGE,79557,0.0759,400,284,100:71,LANDSCAPE,,,,,,2015-11-04T01:42:36+00:00,2015-11-04T01:42:36+00:00,2010-07-08 21:53:52 +0000,,,,888930ce6067a6283ec1dc4e29473e6c950f2268f28c7f3b9b2e177616fe7d17,DUP-00184,ALL,,,ROOT_FOLDER,UNCLASSIFIED,P2,NOT_REVIEWED,VERY_LOW,NO,,,UNKNOWN,resolution_class=VERY_LOW
AST-000186,/Users/fredrick/Documents/Vayva-Tech/vayva-polyrepo/123Design/Images & Videos,ALL/knee_board-1.jpg,ALL,,knee_board-1.jpg,knee_board-1,.jpg,,IMAGE,46515,0.0444,660,341,60:31,LANDSCAPE,,,,,,2015-11-04T01:42:37+00:00,2015-11-04T01:42:37+00:00,2015-11-04 01:42:37 +0000,,,,a4c323fcc81bf8ae02fbd1aa666575dc3d318c6462cbc95d1042972d8686c690,DUP-00185,ALL,,,ROOT_FOLDER,UNCLASSIFIED,P2,NOT_REVIEWED,VERY_LOW,NO,,,UNKNOWN,resolution_class=VERY_LOW
AST-000187,/Users/fredrick/Documents/Vayva-Tech/vayva-polyrepo/123Design/Images & Videos,ALL/knee_board-2.jpg,ALL,,knee_board-2.jpg,knee_board-2,.jpg,,IMAGE,41526,0.0396,400,284,100:71,LANDSCAPE,,,,,,2015-11-04T01:42:37+00:00,2015-11-04T01:42:37+00:00,2015-11-04 01:42:37 +0000,,,,d999a37de7b6f91cb9f603b011e15bc86c2b899307b6029672d86622063ddf32,DUP-00186,ALL,,,ROOT_FOLDER,UNCLASSIFIED,P2,NOT_REVIEWED,VERY_LOW,NO,,,UNKNOWN,resolution_class=VERY_LOW
AST-000188,/Users/fredrick/Documents/Vayva-Tech/vayva-polyrepo/123Design/Images & Videos,ALL/knife.jpg,ALL,,knife.jpg,knife,.jpg,,IMAGE,29159,0.0278,660,401,660:401,LANDSCAPE,,,,,,2015-11-04T01:42:37+00:00,2015-11-04T01:42:37+00:00,2015-11-04 01:42:37 +0000,,,,00379d2c07a68e2f1aab282100ef2afef761d7429c65499c90e6c3c97a423159,DUP-00187,ALL,,,ROOT_FOLDER,UNCLASSIFIED,P2,NOT_REVIEWED,VERY_LOW,NO,,,UNKNOWN,resolution_class=VERY_LOW
AST-000189,/Users/fredrick/Documents/Vayva-Tech/vayva-polyrepo/123Design/Images & Videos,ALL/knife33.jpg,ALL,,knife33.jpg,knife33,.jpg,,IMAGE,21125,0.0201,660,455,132:91,LANDSCAPE,,,,,,2015-11-04T01:42:37+00:00,2015-11-04T01:42:37+00:00,2015-11-04 01:42:37 +0000,,,,f9cab07ba368e930c3af34637eeca2fd03d0892cad11785ee8511ba4b51a2a5f,DUP-00188,ALL,,,ROOT_FOLDER,UNCLASSIFIED,P2,NOT_REVIEWED,VERY_LOW,NO,,,UNKNOWN,resolution_class=VERY_LOW
AST-000190,/Users/fredrick/Documents/Vayva-Tech/vayva-polyrepo/123Design/Images & Videos,ALL/labeler-1.jpg,ALL,,labeler-1.jpg,labeler-1,.jpg,,IMAGE,9288,0.0089,660,274,330:137,LANDSCAPE,,,,,,2015-11-04T01:42:37+00:00,2015-11-04T01:42:37+00:00,2015-11-04 01:42:37 +0000,,,,12e7dc7ed6283f7dcfa896a4aa032282dea9ba6fcf231a2edbe5cac19f8f5579,DUP-00189,ALL,,,ROOT_FOLDER,UNCLASSIFIED,P2,NOT_REVIEWED,VERY_LOW,NO,,,UNKNOWN,resolution_class=VERY_LOW
AST-000191,/Users/fredrick/Documents/Vayva-Tech/vayva-polyrepo/123Design/Images & Videos,ALL/labeler-2.jpg,ALL,,labeler-2.jpg,labeler-2,.jpg,,IMAGE,68766,0.0656,400,284,100:71,LANDSCAPE,,,,,,2015-11-04T01:42:37+00:00,2015-11-04T01:42:37+00:00,2015-11-04 01:42:37 +0000,,,,f10fc5c961e45603e67b95d0b1c43a281cd94d9d01f3d7c9cd07c57daec0de71,DUP-00190,ALL,,,ROOT_FOLDER,UNCLASSIFIED,P2,NOT_REVIEWED,VERY_LOW,NO,,,UNKNOWN,resolution_class=VERY_LOW
AST-000192,/Users/fredrick/Documents/Vayva-Tech/vayva-polyrepo/123Design/Images & Videos,ALL/ladderrack.jpg,ALL,,ladderrack.jpg,ladderrack,.jpg,,IMAGE,73441,0.07,660,523,660:523,LANDSCAPE,,,,,,2015-11-04T01:42:37+00:00,2015-11-04T01:42:37+00:00,2015-11-04 01:42:37 +0000,,,,83e6858bd7227ba04d88f35bf89f705006b4c0ef9b046a1147e14bc291a4f339,DUP-00191,ALL,,,ROOT_FOLDER,UNCLASSIFIED,P2,NOT_REVIEWED,VERY_LOW,NO,,,UNKNOWN,resolution_class=VERY_LOW
AST-000193,/Users/fredrick/Documents/Vayva-Tech/vayva-polyrepo/123Design/Images & Videos,ALL/ladderrack2.jpg,ALL,,ladderrack2.jpg,ladderrack2,.jpg,,IMAGE,69380,0.0662,660,495,4:3,LANDSCAPE,,,,,,2015-11-04T01:42:37+00:00,2015-11-04T01:42:37+00:00,2015-11-04 01:42:37 +0000,,,,2e8176066330da1016ccd351139f293831f2bba80a8598e60a60a47b51c41369,DUP-00192,ALL,,,ROOT_FOLDER,UNCLASSIFIED,P2,NOT_REVIEWED,VERY_LOW,NO,,,UNKNOWN,resolution_class=VERY_LOW
AST-000194,/Users/fredrick/Documents/Vayva-Tech/vayva-polyrepo/123Design/Images & Videos,ALL/medical_1.jpg,ALL,,medical_1.jpg,medical_1,.jpg,,IMAGE,144380,0.1377,660,353,660:353,LANDSCAPE,,,,,,2015-11-04T01:42:37+00:00,2015-11-04T01:42:37+00:00,2010-07-08 16:04:32 +0000,,,,28ce231a27c6c10b905c3d9cefa724ae39a2604810f3c55a497d18ecca0c9e55,DUP-00193,ALL,,,ROOT_FOLDER,UNCLASSIFIED,P2,NOT_REVIEWED,VERY_LOW,NO,,,UNKNOWN,resolution_class=VERY_LOW
AST-000195,/Users/fredrick/Documents/Vayva-Tech/vayva-polyrepo/123Design/Images & Videos,ALL/medical_2.jpg,ALL,,medical_2.jpg,medical_2,.jpg,,IMAGE,76512,0.073,400,284,100:71,LANDSCAPE,,,,,,2015-11-04T01:42:37+00:00,2015-11-04T01:42:37+00:00,2010-07-08 16:05:35 +0000,,,,86878ea2a617b7722b98770746b31bf30b6e8fbadcc863c78fa7a80899bb9c4b,DUP-00194,ALL,,,ROOT_FOLDER,UNCLASSIFIED,P2,NOT_REVIEWED,VERY_LOW,NO,,,UNKNOWN,resolution_class=VERY_LOW
AST-000196,/Users/fredrick/Documents/Vayva-Tech/vayva-polyrepo/123Design/Images & Videos,ALL/medical_Advertising_1.jpg,ALL,,medical_Advertising_1.jpg,medical_Advertising_1,.jpg,,IMAGE,82572,0.0787,660,218,330:109,LANDSCAPE,,,,,,2015-11-04T01:42:37+00:00,2015-11-04T01:42:37+00:00,2010-07-08 22:03:16 +0000,,,,762b6c5395a2cd7239a9eebb2fd85767296cfaaa9c461c160e6c7fd5f93cf386,DUP-00195,ALL,,,ROOT_FOLDER,UNCLASSIFIED,P2,NOT_REVIEWED,VERY_LOW,NO,,,UNKNOWN,resolution_class=VERY_LOW
AST-000197,/Users/fredrick/Documents/Vayva-Tech/vayva-polyrepo/123Design/Images & Videos,ALL/medical_Advertising_2.jpg,ALL,,medical_Advertising_2.jpg,medical_Advertising_2,.jpg,,IMAGE,34879,0.0333,400,284,100:71,LANDSCAPE,,,,,,2015-11-04T01:42:37+00:00,2015-11-04T01:42:37+00:00,2010-07-08 22:04:02 +0000,,,,5698084e59dad3e4f82f8475ec89cc411a79b2da2b66b091fd62b2589c2b9bd7,DUP-00196,ALL,,,ROOT_FOLDER,UNCLASSIFIED,P2,NOT_REVIEWED,VERY_LOW,NO,,,UNKNOWN,resolution_class=VERY_LOW
AST-000198,/Users/fredrick/Documents/Vayva-Tech/vayva-polyrepo/123Design/Images & Videos,ALL/medical_scale-1.jpg,ALL,,medical_scale-1.jpg,medical_scale-1,.jpg,,IMAGE,22093,0.0211,660,341,60:31,LANDSCAPE,,,,,,2015-11-04T01:42:37+00:00,2015-11-04T01:42:37+00:00,2015-11-04 01:42:37 +0000,,,,e54bb5af170207a0c7377c5819e810a5635488eaeb7dfbc2d478d67d2aa20430,DUP-00197,ALL,,,ROOT_FOLDER,UNCLASSIFIED,P2,NOT_REVIEWED,VERY_LOW,NO,,,UNKNOWN,resolution_class=VERY_LOW
AST-000199,/Users/fredrick/Documents/Vayva-Tech/vayva-polyrepo/123Design/Images & Videos,ALL/medical_scale-2.jpg,ALL,,medical_scale-2.jpg,medical_scale-2,.jpg,,IMAGE,11530,0.011,400,284,100:71,LANDSCAPE,,,,,,2015-11-04T01:42:37+00:00,2015-11-04T01:42:37+00:00,2015-11-04 01:42:37 +0000,,,,f8a74a9145fa7c0bc4eb3ebae7154fdb80cf1efb66fe9d9444f907b018e408e8,DUP-00198,ALL,,,ROOT_FOLDER,UNCLASSIFIED,P2,NOT_REVIEWED,VERY_LOW,NO,,,UNKNOWN,resolution_class=VERY_LOW
AST-000200,/Users/fredrick/Documents/Vayva-Tech/vayva-polyrepo/123Design/Images & Videos,ALL/military_phone-1.jpg,ALL,,military_phone-1.jpg,military_phone-1,.jpg,,IMAGE,16415,0.0157,660,274,330:137,LANDSCAPE,,,,,,2015-11-04T01:42:37+00:00,2015-11-04T01:42:37+00:00,2015-11-04 01:42:37 +0000,,,,e747120f49d6a42cd94471689d50dbf6942c1f0ea576d48e3fa9d0315d472fb0,DUP-00199,ALL,,,ROOT_FOLDER,UNCLASSIFIED,P2,NOT_REVIEWED,VERY_LOW,NO,,,UNKNOWN,resolution_class=VERY_LOW
AST-000201,/Users/fredrick/Documents/Vayva-Tech/vayva-polyrepo/123Design/Images & Videos,ALL/military_phone-2.jpg,ALL,,military_phone-2.jpg,military_phone-2,.jpg,,IMAGE,44538,0.0425,400,284,100:71,LANDSCAPE,,,,,,2015-11-04T01:42:37+00:00,2015-11-04T01:42:37+00:00,2015-11-04 01:42:37 +0000,,,,74f763d8753aecc95bfcd81bcb1be822cd01e572320e89e9d540bd7efe067df9,DUP-00200,ALL,,,ROOT_FOLDER,UNCLASSIFIED,P2,NOT_REVIEWED,VERY_LOW,NO,,,UNKNOWN,resolution_class=VERY_LOW
AST-000202,/Users/fredrick/Documents/Vayva-Tech/vayva-polyrepo/123Design/Images & Videos,ALL/misquamicut.jpg,ALL,,misquamicut.jpg,misquamicut,.jpg,,IMAGE,47454,0.0453,636,515,636:515,LANDSCAPE,,,,,,2015-11-04T01:42:37+00:00,2015-11-04T01:42:37+00:00,2015-11-04 01:42:37 +0000,,,,48e5458584d5972beb19ac74d9c51137c328e7128514ac9b65ceaf1bd87ebac0,DUP-00201,ALL,,,ROOT_FOLDER,UNCLASSIFIED,P2,NOT_REVIEWED,VERY_LOW,NO,,,UNKNOWN,resolution_class=VERY_LOW
AST-000203,/Users/fredrick/Documents/Vayva-Tech/vayva-polyrepo/123Design/Images & Videos,ALL/misquamicut1.jpg,ALL,,misquamicut1.jpg,misquamicut1,.jpg,,IMAGE,63464,0.0605,636,515,636:515,LANDSCAPE,,,,,,2015-11-04T01:42:37+00:00,2015-11-04T01:42:37+00:00,2015-11-04 01:42:37 +0000,,,,e19b4aba1888c95ee0ef896cf0fe686fbbbab376eedbfd9b9719d28867dbf30f,DUP-00202,ALL,,,ROOT_FOLDER,UNCLASSIFIED,P2,NOT_REVIEWED,VERY_LOW,NO,,,UNKNOWN,resolution_class=VERY_LOW
AST-000204,/Users/fredrick/Documents/Vayva-Tech/vayva-polyrepo/123Design/Images & Videos,ALL/misquamicut2.jpg,ALL,,misquamicut2.jpg,misquamicut2,.jpg,,IMAGE,47881,0.0457,636,515,636:515,LANDSCAPE,,,,,,2015-11-04T01:42:38+00:00,2015-11-04T01:42:38+00:00,2015-11-04 01:42:38 +0000,,,,3d206c804e430b35ad44bce7e95b855afb63a15c9a8c6fa781cd73cf3c4c9800,DUP-00203,ALL,,,ROOT_FOLDER,UNCLASSIFIED,P2,NOT_REVIEWED,VERY_LOW,NO,,,UNKNOWN,resolution_class=VERY_LOW
AST-000205,/Users/fredrick/Documents/Vayva-Tech/vayva-polyrepo/123Design/Images & Videos,ALL/misquamicut3.jpg,ALL,,misquamicut3.jpg,misquamicut3,.jpg,,IMAGE,70331,0.0671,636,515,636:515,LANDSCAPE,,,,,,2015-11-04T01:42:38+00:00,2015-11-04T01:42:38+00:00,2015-11-04 01:42:38 +0000,,,,9fdba08f7939c00a7b220b157928e9e36e1e1ddbf2bba16d1bb93b1b82788cc6,DUP-00204,ALL,,,ROOT_FOLDER,UNCLASSIFIED,P2,NOT_REVIEWED,VERY_LOW,NO,,,UNKNOWN,resolution_class=VERY_LOW
AST-000206,/Users/fredrick/Documents/Vayva-Tech/vayva-polyrepo/123Design/Images & Videos,ALL/pap2.jpg,ALL,,pap2.jpg,pap2,.jpg,,IMAGE,40440,0.0386,660,439,660:439,LANDSCAPE,,,,,,2015-11-04T01:42:38+00:00,2015-11-04T01:42:38+00:00,2015-11-04 01:42:38 +0000,,,,22098f560ca0733d1370b169b95872c1170b084141496feead820eb2c548b02d,DUP-00205,ALL,,,ROOT_FOLDER,UNCLASSIFIED,P2,NOT_REVIEWED,VERY_LOW,NO,,,UNKNOWN,resolution_class=VERY_LOW
AST-000207,/Users/fredrick/Documents/Vayva-Tech/vayva-polyrepo/123Design/Images & Videos,ALL/pap3.jpg,ALL,,pap3.jpg,pap3,.jpg,,IMAGE,43788,0.0418,660,439,660:439,LANDSCAPE,,,,,,2015-11-04T01:42:38+00:00,2015-11-04T01:42:38+00:00,2015-11-04 01:42:38 +0000,,,,3d70143163c3569bdbb43fd172a9ecc1a8bf2be7a45fd7e146f6c881441c77dd,DUP-00206,ALL,,,ROOT_FOLDER,UNCLASSIFIED,P2,NOT_REVIEWED,VERY_LOW,NO,,,UNKNOWN,resolution_class=VERY_LOW
AST-000208,/Users/fredrick/Documents/Vayva-Tech/vayva-polyrepo/123Design/Images & Videos,ALL/pap4.jpg,ALL,,pap4.jpg,pap4,.jpg,,IMAGE,32796,0.0313,660,439,660:439,LANDSCAPE,,,,,,2015-11-04T01:42:38+00:00,2015-11-04T01:42:38+00:00,2015-11-04 01:42:38 +0000,,,,c5afa1e5caef7423d2a476777d1696984a08dd978be7007f3cc5f863e275f2a4,DUP-00207,ALL,,,ROOT_FOLDER,UNCLASSIFIED,P2,NOT_REVIEWED,VERY_LOW,NO,,,UNKNOWN,resolution_class=VERY_LOW
AST-000209,/Users/fredrick/Documents/Vayva-Tech/vayva-polyrepo/123Design/Images & Videos,ALL/pap5.jpg,ALL,,pap5.jpg,pap5,.jpg,,IMAGE,33994,0.0324,660,439,660:439,LANDSCAPE,,,,,,2015-11-04T01:42:38+00:00,2015-11-04T01:42:38+00:00,2015-11-04 01:42:38 +0000,,,,c0ca61f09208a331f5347288378fcb042b7377e1e11d5d74e9fb07f717849fb9,DUP-00208,ALL,,,ROOT_FOLDER,UNCLASSIFIED,P2,NOT_REVIEWED,VERY_LOW,NO,,,UNKNOWN,resolution_class=VERY_LOW
AST-000210,/Users/fredrick/Documents/Vayva-Tech/vayva-polyrepo/123Design/Images & Videos,ALL/pap6.jpg,ALL,,pap6.jpg,pap6,.jpg,,IMAGE,37006,0.0353,660,439,660:439,LANDSCAPE,,,,,,2015-11-04T01:42:38+00:00,2015-11-04T01:42:38+00:00,2015-11-04 01:42:38 +0000,,,,e1cd50257d640cf8559e05ca48897c1a5965642bb80e4770581752a3c9fbc688,DUP-00209,ALL,,,ROOT_FOLDER,UNCLASSIFIED,P2,NOT_REVIEWED,VERY_LOW,NO,,,UNKNOWN,resolution_class=VERY_LOW
AST-000211,/Users/fredrick/Documents/Vayva-Tech/vayva-polyrepo/123Design/Images & Videos,ALL/payphone.jpg,ALL,,payphone.jpg,payphone,.jpg,,IMAGE,81269,0.0775,660,310,66:31,LANDSCAPE,,,,,,2015-11-04T01:42:38+00:00,2015-11-04T01:42:38+00:00,2010-07-08 17:02:11 +0000,,,,44de03969a83e5fc90a93ea4828da9c5e647bb1f677e117bf76aa68032796653,DUP-00210,ALL,,,ROOT_FOLDER,UNCLASSIFIED,P2,NOT_REVIEWED,VERY_LOW,NO,,,UNKNOWN,resolution_class=VERY_LOW
AST-000212,/Users/fredrick/Documents/Vayva-Tech/vayva-polyrepo/123Design/Images & Videos,ALL/pedometer-1.jpg,ALL,,pedometer-1.jpg,pedometer-1,.jpg,,IMAGE,25194,0.024,660,341,60:31,LANDSCAPE,,,,,,2015-11-04T01:42:38+00:00,2015-11-04T01:42:38+00:00,2015-11-04 01:42:38 +0000,,,,becb7d812d19a19e27886cb3f74b7d28c5619f56934edd358b4f7c22a78d2b59,DUP-00211,ALL,,,ROOT_FOLDER,UNCLASSIFIED,P2,NOT_REVIEWED,VERY_LOW,NO,,,UNKNOWN,resolution_class=VERY_LOW
AST-000213,/Users/fredrick/Documents/Vayva-Tech/vayva-polyrepo/123Design/Images & Videos,ALL/pedometer-2.jpg,ALL,,pedometer-2.jpg,pedometer-2,.jpg,,IMAGE,32599,0.0311,400,284,100:71,LANDSCAPE,,,,,,2015-11-04T01:42:38+00:00,2015-11-04T01:42:38+00:00,2015-11-04 01:42:38 +0000,,,,e33040c436943b94857d13ec2e5ba0ca08001af30d8c0eb0feffc9ccc570422c,DUP-00212,ALL,,,ROOT_FOLDER,UNCLASSIFIED,P2,NOT_REVIEWED,VERY_LOW,NO,,,UNKNOWN,resolution_class=VERY_LOW
AST-000214,/Users/fredrick/Documents/Vayva-Tech/vayva-polyrepo/123Design/Images & Videos,ALL/portable_shredder_1.jpg,ALL,,portable_shredder_1.jpg,portable_shredder_1,.jpg,,IMAGE,76461,0.0729,660,369,220:123,LANDSCAPE,,,,,,2015-11-04T01:42:38+00:00,2015-11-04T01:42:38+00:00,2010-07-12 20:24:11 +0000,,,,a0b388bea1998f30df8b239f54687cb690196f9a1b31c36a79b54840b02f1c1c,DUP-00213,ALL,,,ROOT_FOLDER,UNCLASSIFIED,P2,NOT_REVIEWED,VERY_LOW,NO,,,UNKNOWN,resolution_class=VERY_LOW
AST-000215,/Users/fredrick/Documents/Vayva-Tech/vayva-polyrepo/123Design/Images & Videos,ALL/portable_shredder_2.jpg,ALL,,portable_shredder_2.jpg,portable_shredder_2,.jpg,,IMAGE,48591,0.0463,400,284,100:71,LANDSCAPE,,,,,,2015-11-04T01:42:38+00:00,2015-11-04T01:42:38+00:00,2010-07-12 20:24:47 +0000,,,,e2f8c85105dcd985eb89a4aa91349f099af217e01a043898f3e95a4ca34cdcc5,DUP-00214,ALL,,,ROOT_FOLDER,UNCLASSIFIED,P2,NOT_REVIEWED,VERY_LOW,NO,,,UNKNOWN,resolution_class=VERY_LOW
AST-000216,/Users/fredrick/Documents/Vayva-Tech/vayva-polyrepo/123Design/Images & Videos,ALL/profile.jpg,ALL,,profile.jpg,profile,.jpg,,IMAGE,52214,0.0498,660,274,330:137,LANDSCAPE,,,,,,2015-11-04T01:42:38+00:00,2015-11-04T01:42:38+00:00,2010-07-08 20:17:14 +0000,,,,c307239ae2a2029da8c50cd84b6515291074cd4a8fdf2e836e927919a54ad289,DUP-00215,ALL,,,ROOT_FOLDER,UNCLASSIFIED,P2,NOT_REVIEWED,VERY_LOW,NO,,,UNKNOWN,resolution_class=VERY_LOW
AST-000217,/Users/fredrick/Documents/Vayva-Tech/vayva-polyrepo/123Design/Images & Videos,ALL/profile_2.jpg,ALL,,profile_2.jpg,profile_2,.jpg,,IMAGE,53445,0.051,400,284,100:71,LANDSCAPE,,,,,,2015-11-04T01:42:38+00:00,2015-11-04T01:42:38+00:00,2010-07-08 20:17:56 +0000,,,,5fb36a0bec40c6a1869e6de3ad4f5fa227097f8174cf30522ec6a5483b5891c2,DUP-00216,ALL,,,ROOT_FOLDER,UNCLASSIFIED,P2,NOT_REVIEWED,VERY_LOW,NO,,,UNKNOWN,resolution_class=VERY_LOW
AST-000218,/Users/fredrick/Documents/Vayva-Tech/vayva-polyrepo/123Design/Images & Videos,ALL/prototype_camera_hd.jpg,ALL,,prototype_camera_hd.jpg,prototype_camera_hd,.jpg,,IMAGE,35919,0.0343,660,507,220:169,LANDSCAPE,,,,,,2015-11-04T01:42:38+00:00,2015-11-04T01:42:38+00:00,2015-11-04 01:42:38 +0000,,,,5ed521a78177fef320cc81d4897bceae4a660ede67563716937de4db7317ff18,DUP-00217,ALL,,,ROOT_FOLDER,UNCLASSIFIED,P2,NOT_REVIEWED,VERY_LOW,NO,,,UNKNOWN,resolution_class=VERY_LOW
AST-000219,/Users/fredrick/Documents/Vayva-Tech/vayva-polyrepo/123Design/Images & Videos,ALL/prototype_carbon_fiber.jpg,ALL,,prototype_carbon_fiber.jpg,prototype_carbon_fiber,.jpg,,IMAGE,38041,0.0363,660,403,660:403,LANDSCAPE,,,,,,2015-11-04T01:42:38+00:00,2015-11-04T01:42:38+00:00,2015-11-04 01:42:38 +0000,,,,468e715e1b83f7c2c0d2ceab3825789ad424e843bd274721fec88cde73611b88,DUP-00218,ALL,,,ROOT_FOLDER,UNCLASSIFIED,P2,NOT_REVIEWED,VERY_LOW,NO,,,UNKNOWN,resolution_class=VERY_LOW
AST-000220,/Users/fredrick/Documents/Vayva-Tech/vayva-polyrepo/123Design/Images & Videos,ALL/prototype_carbon_fiber2.jpg,ALL,,prototype_carbon_fiber2.jpg,prototype_carbon_fiber2,.jpg,,IMAGE,51351,0.049,660,439,660:439,LANDSCAPE,,,,,,2015-11-04T01:42:38+00:00,2015-11-04T01:42:38+00:00,2015-11-04 01:42:38 +0000,,,,5a780e0225662f45b668a3e9e88d4ae85ed914fc14b5f613dee1af773ae34166,DUP-00219,ALL,,,ROOT_FOLDER,UNCLASSIFIED,P2,NOT_REVIEWED,VERY_LOW,NO,,,UNKNOWN,resolution_class=VERY_LOW
AST-000221,/Users/fredrick/Documents/Vayva-Tech/vayva-polyrepo/123Design/Images & Videos,ALL/prototype_clip_fdm.jpg,ALL,,prototype_clip_fdm.jpg,prototype_clip_fdm,.jpg,,IMAGE,27403,0.0261,660,463,660:463,LANDSCAPE,,,,,,2015-11-04T01:42:38+00:00,2015-11-04T01:42:38+00:00,2015-11-04 01:42:38 +0000,,,,dbd0d5ae6c8904fd217ad406453229bdc8dc27f9a1ca4d2b645686456d70c17e,DUP-00220,ALL,,,ROOT_FOLDER,UNCLASSIFIED,P2,NOT_REVIEWED,VERY_LOW,NO,,,UNKNOWN,resolution_class=VERY_LOW
AST-000222,/Users/fredrick/Documents/Vayva-Tech/vayva-polyrepo/123Design/Images & Videos,ALL/prototype_fdm.jpg,ALL,,prototype_fdm.jpg,prototype_fdm,.jpg,,IMAGE,27204,0.0259,660,456,55:38,LANDSCAPE,,,,,,2015-11-04T01:42:38+00:00,2015-11-04T01:42:38+00:00,2015-11-04 01:42:38 +0000,,,,95cc8bd61063f059d33cd8459d724aafa82f39322d66521ada09ba95fa36a6d8,DUP-00221,ALL,,,ROOT_FOLDER,UNCLASSIFIED,P2,NOT_REVIEWED,VERY_LOW,NO,,,UNKNOWN,resolution_class=VERY_LOW
AST-000223,/Users/fredrick/Documents/Vayva-Tech/vayva-polyrepo/123Design/Images & Videos,ALL/prototype_guitar_support.jpg,ALL,,prototype_guitar_support.jpg,prototype_guitar_support,.jpg,,IMAGE,29374,0.028,660,439,660:439,LANDSCAPE,,,,,,2015-11-04T01:42:38+00:00,2015-11-04T01:42:38+00:00,2015-11-04 01:42:38 +0000,,,,1bfb598aaad1b91adf452c75817380552a18739ae6ac2e8eac1dd1e884c99269,DUP-00222,ALL,,,ROOT_FOLDER,UNCLASSIFIED,P2,NOT_REVIEWED,VERY_LOW,NO,,,UNKNOWN,resolution_class=VERY_LOW
AST-000224,/Users/fredrick/Documents/Vayva-Tech/vayva-polyrepo/123Design/Images & Videos,ALL/prototype_guitar_support2.jpg,ALL,,prototype_guitar_support2.jpg,prototype_guitar_support2,.jpg,,IMAGE,33552,0.032,660,476,165:119,LANDSCAPE,,,,,,2015-11-04T01:42:38+00:00,2015-11-04T01:42:38+00:00,2015-11-04 01:42:38 +0000,,,,c292bb7d3a576828bae74f632ff95b73ce1cd92f72fad8f62c19d719cab8d9d4,DUP-00223,ALL,,,ROOT_FOLDER,UNCLASSIFIED,P2,NOT_REVIEWED,VERY_LOW,NO,,,UNKNOWN,resolution_class=VERY_LOW
AST-000225,/Users/fredrick/Documents/Vayva-Tech/vayva-polyrepo/123Design/Images & Videos,ALL/prototype_remote1.jpg,ALL,,prototype_remote1.jpg,prototype_remote1,.jpg,,IMAGE,26893,0.0256,660,439,660:439,LANDSCAPE,,,,,,2015-11-04T01:42:39+00:00,2015-11-04T01:42:39+00:00,2015-11-04 01:42:39 +0000,,,,201f56ec6897dc4f1c305cc328b69f58ebfa48e552a2ce5fc8d22b6c0f2a8e24,DUP-00224,ALL,,,ROOT_FOLDER,UNCLASSIFIED,P2,NOT_REVIEWED,VERY_LOW,NO,,,UNKNOWN,resolution_class=VERY_LOW
AST-000226,/Users/fredrick/Documents/Vayva-Tech/vayva-polyrepo/123Design/Images & Videos,ALL/prototype_remote2.jpg,ALL,,prototype_remote2.jpg,prototype_remote2,.jpg,,IMAGE,32725,0.0312,660,439,660:439,LANDSCAPE,,,,,,2015-11-04T01:42:39+00:00,2015-11-04T01:42:39+00:00,2015-11-04 01:42:39 +0000,,,,d0f79379f6ebb35a2a4cc4a6f3b26ea4220b5afd5d4ee5ec3eed9a6f7d757ce7,DUP-00225,ALL,,,ROOT_FOLDER,UNCLASSIFIED,P2,NOT_REVIEWED,VERY_LOW,NO,,,UNKNOWN,resolution_class=VERY_LOW
AST-000227,/Users/fredrick/Documents/Vayva-Tech/vayva-polyrepo/123Design/Images & Videos,ALL/prototype_remote3.jpg,ALL,,prototype_remote3.jpg,prototype_remote3,.jpg,,IMAGE,21136,0.0202,660,439,660:439,LANDSCAPE,,,,,,2015-11-04T01:42:39+00:00,2015-11-04T01:42:39+00:00,2015-11-04 01:42:39 +0000,,,,4a118629f1af84383a317b2a7239974ad562c1fb0ce9411595a81cdf2e209fda,DUP-00226,ALL,,,ROOT_FOLDER,UNCLASSIFIED,P2,NOT_REVIEWED,VERY_LOW,NO,,,UNKNOWN,resolution_class=VERY_LOW
AST-000228,/Users/fredrick/Documents/Vayva-Tech/vayva-polyrepo/123Design/Images & Videos,ALL/putter_1.jpg,ALL,,putter_1.jpg,putter_1,.jpg,,IMAGE,72720,0.0694,660,310,66:31,LANDSCAPE,,,,,,2015-11-04T01:42:39+00:00,2015-11-04T01:42:39+00:00,2010-07-08 17:08:39 +0000,,,,2912e3738923e711b33a100b585f324beaafb5bcd5b37f474764c696c8a5e766,DUP-00227,ALL,,,ROOT_FOLDER,UNCLASSIFIED,P2,NOT_REVIEWED,VERY_LOW,NO,,,UNKNOWN,resolution_class=VERY_LOW
AST-000229,/Users/fredrick/Documents/Vayva-Tech/vayva-polyrepo/123Design/Images & Videos,ALL/putter_2.jpg,ALL,,putter_2.jpg,putter_2,.jpg,,IMAGE,68828,0.0656,400,284,100:71,LANDSCAPE,,,,,,2015-11-04T01:42:39+00:00,2015-11-04T01:42:39+00:00,2010-07-08 17:09:17 +0000,,,,19dc60d42cc74dce500bcb570cd14ab20db10769d139fa4fe7e354206cc213f1,DUP-00228,ALL,,,ROOT_FOLDER,UNCLASSIFIED,P2,NOT_REVIEWED,VERY_LOW,NO,,,UNKNOWN,resolution_class=VERY_LOW
AST-000230,/Users/fredrick/Documents/Vayva-Tech/vayva-polyrepo/123Design/Images & Videos,ALL/remote.jpg,ALL,,remote.jpg,remote,.jpg,,IMAGE,47655,0.0454,660,437,660:437,LANDSCAPE,,,,,,2015-11-04T01:42:39+00:00,2015-11-04T01:42:39+00:00,2015-11-04 01:42:39 +0000,,,,eccc2308f8e0b779d58b8805f3d442c128e95e38745763cda262a3aff39c6946,DUP-00229,ALL,,,ROOT_FOLDER,UNCLASSIFIED,P2,NOT_REVIEWED,VERY_LOW,NO,,,UNKNOWN,resolution_class=VERY_LOW
AST-000231,/Users/fredrick/Documents/Vayva-Tech/vayva-polyrepo/123Design/Images & Videos,ALL/rollie1.jpg,ALL,,rollie1.jpg,rollie1,.jpg,,IMAGE,66182,0.0631,660,440,3:2,LANDSCAPE,,,,,,2015-11-04T01:42:39+00:00,2015-11-04T01:42:39+00:00,2015-11-04 01:42:39 +0000,,,,a16e8a2a5ba43af476126b4a8d87e9135ed8c7bb8ccfd1a6066e0f7e4f510143,DUP-00230,ALL,,,ROOT_FOLDER,UNCLASSIFIED,P2,NOT_REVIEWED,VERY_LOW,NO,,,UNKNOWN,resolution_class=VERY_LOW
AST-000232,/Users/fredrick/Documents/Vayva-Tech/vayva-polyrepo/123Design/Images & Videos,ALL/rollie2.jpg,ALL,,rollie2.jpg,rollie2,.jpg,,IMAGE,70663,0.0674,660,440,3:2,LANDSCAPE,,,,,,2015-11-04T01:42:39+00:00,2015-11-04T01:42:39+00:00,2015-11-04 01:42:39 +0000,,,,ae8903e32c02cf633d6c0539a40148b096c646deeb50a67de8ae965c00d95179,DUP-00231,ALL,,,ROOT_FOLDER,UNCLASSIFIED,P2,NOT_REVIEWED,VERY_LOW,NO,,,UNKNOWN,resolution_class=VERY_LOW
AST-000233,/Users/fredrick/Documents/Vayva-Tech/vayva-polyrepo/123Design/Images & Videos,ALL/salt1.jpg,ALL,,salt1.jpg,salt1,.jpg,,IMAGE,45652,0.0435,660,440,3:2,LANDSCAPE,,,,,,2015-11-04T01:42:39+00:00,2015-11-04T01:42:39+00:00,2015-11-04 01:42:39 +0000,,,,8074987258c89c00000b1b42a2d70d9dafc8b7ec4cafb030c80ba018128b62e3,DUP-00232,ALL,,,ROOT_FOLDER,UNCLASSIFIED,P2,NOT_REVIEWED,VERY_LOW,NO,,,UNKNOWN,resolution_class=VERY_LOW
AST-000234,/Users/fredrick/Documents/Vayva-Tech/vayva-polyrepo/123Design/Images & Videos,ALL/scale1.jpg,ALL,,scale1.jpg,scale1,.jpg,,IMAGE,53725,0.0512,660,456,55:38,LANDSCAPE,,,,,,2015-11-04T01:42:39+00:00,2015-11-04T01:42:39+00:00,2015-11-04 01:42:39 +0000,,,,d8b61330d14f75aa034ceb1a71ad3d01755fd97c69b4b817a330de732adde8ed,DUP-00233,ALL,,,ROOT_FOLDER,UNCLASSIFIED,P2,NOT_REVIEWED,VERY_LOW,NO,,,UNKNOWN,resolution_class=VERY_LOW
AST-000235,/Users/fredrick/Documents/Vayva-Tech/vayva-polyrepo/123Design/Images & Videos,ALL/scale2.jpg,ALL,,scale2.jpg,scale2,.jpg,,IMAGE,19585,0.0187,660,361,660:361,LANDSCAPE,,,,,,2015-11-04T01:42:39+00:00,2015-11-04T01:42:39+00:00,2015-11-04 01:42:39 +0000,,,,46d9c53fb5c7e3c30e0868afeaff3a95acc652f854223210963f7e17f9072d8e,DUP-00234,ALL,,,ROOT_FOLDER,UNCLASSIFIED,P2,NOT_REVIEWED,VERY_LOW,NO,,,UNKNOWN,resolution_class=VERY_LOW
AST-000236,/Users/fredrick/Documents/Vayva-Tech/vayva-polyrepo/123Design/Images & Videos,ALL/security_wand-1.jpg,ALL,,security_wand-1.jpg,security_wand-1,.jpg,,IMAGE,115547,0.1102,660,341,60:31,LANDSCAPE,,,,,,2015-11-04T01:42:39+00:00,2015-11-04T01:42:39+00:00,2015-11-04 01:42:39 +0000,,,,dca1dfe9b88db32c778c30a851c3d2d799fcaf5b9f261002974d7ef3cb95a26e,DUP-00235,ALL,,,ROOT_FOLDER,UNCLASSIFIED,P2,NOT_REVIEWED,VERY_LOW,NO,,,UNKNOWN,resolution_class=VERY_LOW
AST-000237,/Users/fredrick/Documents/Vayva-Tech/vayva-polyrepo/123Design/Images & Videos,ALL/security_wand-2.jpg,ALL,,security_wand-2.jpg,security_wand-2,.jpg,,IMAGE,35908,0.0342,400,284,100:71,LANDSCAPE,,,,,,2015-11-04T01:42:39+00:00,2015-11-04T01:42:39+00:00,2015-11-04 01:42:39 +0000,,,,bb18b888e928b50f0d043683168c06ba43d9fdd7a20925d19bb815f6a6b459b6,DUP-00236,ALL,,,ROOT_FOLDER,UNCLASSIFIED,P2,NOT_REVIEWED,VERY_LOW,NO,,,UNKNOWN,resolution_class=VERY_LOW
AST-000238,/Users/fredrick/Documents/Vayva-Tech/vayva-polyrepo/123Design/Images & Videos,ALL/sports_bottle.jpg,ALL,,sports_bottle.jpg,sports_bottle,.jpg,,IMAGE,15450,0.0147,660,310,66:31,LANDSCAPE,,,,,,2015-11-04T01:42:39+00:00,2015-11-04T01:42:39+00:00,2015-11-04 01:42:39 +0000,,,,915cd92dcb86963470728da28e64da90b0d308d3ee2e329dc8f7fbca4a80646c,DUP-00237,ALL,,,ROOT_FOLDER,UNCLASSIFIED,P2,NOT_REVIEWED,VERY_LOW,NO,,,UNKNOWN,resolution_class=VERY_LOW
AST-000239,/Users/fredrick/Documents/Vayva-Tech/vayva-polyrepo/123Design/Images & Videos,ALL/sports_bottle_2.jpg,ALL,,sports_bottle_2.jpg,sports_bottle_2,.jpg,,IMAGE,13834,0.0132,400,284,100:71,LANDSCAPE,,,,,,2015-11-04T01:42:39+00:00,2015-11-04T01:42:39+00:00,2015-11-04 01:42:39 +0000,,,,16fc229ea1f1500ec6aefa20eac4c9177aa5ebfa111a1367cbc049de140ba122,DUP-00238,ALL,,,ROOT_FOLDER,UNCLASSIFIED,P2,NOT_REVIEWED,VERY_LOW,NO,,,UNKNOWN,resolution_class=VERY_LOW
AST-000240,/Users/fredrick/Documents/Vayva-Tech/vayva-polyrepo/123Design/Images & Videos,ALL/stretcher-1.jpg,ALL,,stretcher-1.jpg,stretcher-1,.jpg,,IMAGE,60627,0.0578,660,341,60:31,LANDSCAPE,,,,,,2015-11-04T01:42:40+00:00,2015-11-04T01:42:40+00:00,2015-11-04 01:42:40 +0000,,,,f54fb3553b84a174d26bebf01056cc4530a25c412ad19f10c46f2c880580ab6a,DUP-00239,ALL,,,ROOT_FOLDER,UNCLASSIFIED,P2,NOT_REVIEWED,VERY_LOW,NO,,,UNKNOWN,resolution_class=VERY_LOW
AST-000241,/Users/fredrick/Documents/Vayva-Tech/vayva-polyrepo/123Design/Images & Videos,ALL/stretcher-2.jpg,ALL,,stretcher-2.jpg,stretcher-2,.jpg,,IMAGE,17469,0.0167,400,284,100:71,LANDSCAPE,,,,,,2015-11-04T01:42:40+00:00,2015-11-04T01:42:40+00:00,2015-11-04 01:42:40 +0000,,,,4c518e5143340d02f2de8257242ba35b94aca46dd23ee2c5900109f63ff8f42b,DUP-00240,ALL,,,ROOT_FOLDER,UNCLASSIFIED,P2,NOT_REVIEWED,VERY_LOW,NO,,,UNKNOWN,resolution_class=VERY_LOW
AST-000242,/Users/fredrick/Documents/Vayva-Tech/vayva-polyrepo/123Design/Images & Videos,ALL/submersible_tablet_1.jpg,ALL,,submersible_tablet_1.jpg,submersible_tablet_1,.jpg,,IMAGE,80713,0.077,660,369,220:123,LANDSCAPE,,,,,,2015-11-04T01:42:40+00:00,2015-11-04T01:42:40+00:00,2010-07-12 20:15:25 +0000,,,,f49746eda5cfa5fc06bfea36b6fe0a971befc374c8ec5ebb77d4d9606ebabe2a,DUP-00241,ALL,,,ROOT_FOLDER,UNCLASSIFIED,P2,NOT_REVIEWED,VERY_LOW,NO,,,UNKNOWN,resolution_class=VERY_LOW
AST-000243,/Users/fredrick/Documents/Vayva-Tech/vayva-polyrepo/123Design/Images & Videos,ALL/submersible_tablet_2.jpg,ALL,,submersible_tablet_2.jpg,submersible_tablet_2,.jpg,,IMAGE,46186,0.044,400,284,100:71,LANDSCAPE,,,,,,2015-11-04T01:42:40+00:00,2015-11-04T01:42:40+00:00,2010-07-12 20:16:19 +0000,,,,1774f2ddbec18e01f552c149433a0b21f68ee940fe5dd275b9ff6893065123c6,DUP-00242,ALL,,,ROOT_FOLDER,UNCLASSIFIED,P2,NOT_REVIEWED,VERY_LOW,NO,,,UNKNOWN,resolution_class=VERY_LOW
AST-000244,/Users/fredrick/Documents/Vayva-Tech/vayva-polyrepo/123Design/Images & Videos,ALL/suitcase-1.jpg,ALL,,suitcase-1.jpg,suitcase-1,.jpg,,IMAGE,29315,0.028,660,369,220:123,LANDSCAPE,,,,,,2015-11-04T01:42:40+00:00,2015-11-04T01:42:40+00:00,2015-11-04 01:42:40 +0000,,,,f6baf1210b52d5d748bc01ea98de2806e83153ea7b837529a69107c02438dd02,DUP-00243,ALL,,,ROOT_FOLDER,UNCLASSIFIED,P2,NOT_REVIEWED,VERY_LOW,NO,,,UNKNOWN,resolution_class=VERY_LOW
AST-000245,/Users/fredrick/Documents/Vayva-Tech/vayva-polyrepo/123Design/Images & Videos,ALL/suitcase-2.jpg,ALL,,suitcase-2.jpg,suitcase-2,.jpg,,IMAGE,26774,0.0255,400,284,100:71,LANDSCAPE,,,,,,2015-11-04T01:42:40+00:00,2015-11-04T01:42:40+00:00,2015-11-04 01:42:40 +0000,,,,e7afb84fd68b4717bcc26b92e5c68375f6f8559157706134ee2a6923c4a38c46,DUP-00244,ALL,,,ROOT_FOLDER,UNCLASSIFIED,P2,NOT_REVIEWED,VERY_LOW,NO,,,UNKNOWN,resolution_class=VERY_LOW
AST-000246,/Users/fredrick/Documents/Vayva-Tech/vayva-polyrepo/123Design/Images & Videos,ALL/synergix-1.jpg,ALL,,synergix-1.jpg,synergix-1,.jpg,,IMAGE,67935,0.0648,660,274,330:137,LANDSCAPE,,,,,,2015-11-04T01:42:40+00:00,2015-11-04T01:42:40+00:00,2010-07-08 19:36:02 +0000,,,,0333d4ab91f25380dc0fd6b3a42c9a339e079a6cf9e00f28f59c00ffb19bf0dd,DUP-00245,ALL,,,ROOT_FOLDER,UNCLASSIFIED,P2,NOT_REVIEWED,VERY_LOW,NO,,,UNKNOWN,resolution_class=VERY_LOW
AST-000247,/Users/fredrick/Documents/Vayva-Tech/vayva-polyrepo/123Design/Images & Videos,ALL/synergix-2.jpg,ALL,,synergix-2.jpg,synergix-2,.jpg,,IMAGE,52397,0.05,400,284,100:71,LANDSCAPE,,,,,,2015-11-04T01:42:40+00:00,2015-11-04T01:42:40+00:00,2010-07-08 19:36:32 +0000,,,,23113db6726ec8bb95e3bfb61fe999cfffe06ff4bcdc7bfc757fcfacf1df9abd,DUP-00246,ALL,,,ROOT_FOLDER,UNCLASSIFIED,P2,NOT_REVIEWED,VERY_LOW,NO,,,UNKNOWN,resolution_class=VERY_LOW
AST-000248,/Users/fredrick/Documents/Vayva-Tech/vayva-polyrepo/123Design/Images & Videos,ALL/tablet_1.jpg,ALL,,tablet_1.jpg,tablet_1,.jpg,,IMAGE,115075,0.1097,660,369,220:123,LANDSCAPE,,,,,,2015-11-04T01:42:40+00:00,2015-11-04T01:42:40+00:00,2010-07-08 15:58:26 +0000,,,,7596e229577bc223a3c6959da78d8f758d0d4230cfad8ecf6f9372f406249034,DUP-00247,ALL,,,ROOT_FOLDER,UNCLASSIFIED,P2,NOT_REVIEWED,VERY_LOW,NO,,,UNKNOWN,resolution_class=VERY_LOW
AST-000249,/Users/fredrick/Documents/Vayva-Tech/vayva-polyrepo/123Design/Images & Videos,ALL/tablet_2.jpg,ALL,,tablet_2.jpg,tablet_2,.jpg,,IMAGE,91124,0.0869,400,284,100:71,LANDSCAPE,,,,,,2015-11-04T01:42:40+00:00,2015-11-04T01:42:40+00:00,2010-07-08 16:00:33 +0000,,,,d8a1567e8abae011310a81d811c47b7d6e23e24016af2d66fe9e6d41409523cb,DUP-00248,ALL,,,ROOT_FOLDER,UNCLASSIFIED,P2,NOT_REVIEWED,VERY_LOW,NO,,,UNKNOWN,resolution_class=VERY_LOW
AST-000250,/Users/fredrick/Documents/Vayva-Tech/vayva-polyrepo/123Design/Images & Videos,ALL/tam-main-elevs-front.jpg,ALL,,tam-main-elevs-front.jpg,tam-main-elevs-front,.jpg,,IMAGE,164585,0.157,1280,853,1280:853,LANDSCAPE,,,,,,2015-11-04T01:42:40+00:00,2015-11-04T01:42:40+00:00,2015-11-04 01:42:40 +0000,,,,dc4460143975188fb0fcbb846e733792e83990d26ce95575ef9ff68a3ea31477,DUP-00249,ALL,,,ROOT_FOLDER,UNCLASSIFIED,P2,NOT_REVIEWED,LOW,NO,,,UNKNOWN,resolution_class=LOW
AST-000251,/Users/fredrick/Documents/Vayva-Tech/vayva-polyrepo/123Design/Images & Videos,ALL/tam-main-elevs-side.jpg,ALL,,tam-main-elevs-side.jpg,tam-main-elevs-side,.jpg,,IMAGE,104391,0.0996,1280,853,1280:853,LANDSCAPE,,,,,,2015-11-04T01:42:40+00:00,2015-11-04T01:42:40+00:00,2015-11-04 01:42:40 +0000,,,,ba2fada30c67f4ee0f10e5aa1ebc3faebaf37e6c13dec0dab1e838e6c46a4244,DUP-00250,ALL,,,ROOT_FOLDER,UNCLASSIFIED,P2,NOT_REVIEWED,LOW,NO,,,UNKNOWN,resolution_class=LOW
AST-000252,/Users/fredrick/Documents/Vayva-Tech/vayva-polyrepo/123Design/Images & Videos,ALL/teether.jpg,ALL,,teether.jpg,teether,.jpg,,IMAGE,48943,0.0467,660,401,660:401,LANDSCAPE,,,,,,2015-11-04T01:42:40+00:00,2015-11-04T01:42:40+00:00,2015-11-04 01:42:40 +0000,,,,2d307ff649d4ccc1adc032e1043422d5d2c2545b7545de350bb1d129f92fd750,DUP-00251,ALL,,,ROOT_FOLDER,UNCLASSIFIED,P2,NOT_REVIEWED,VERY_LOW,NO,,,UNKNOWN,resolution_class=VERY_LOW
AST-000253,/Users/fredrick/Documents/Vayva-Tech/vayva-polyrepo/123Design/Images & Videos,ALL/tennis_ball_machine-1.jpg,ALL,,tennis_ball_machine-1.jpg,tennis_ball_machine-1,.jpg,,IMAGE,20982,0.02,660,341,60:31,LANDSCAPE,,,,,,2015-11-04T01:42:40+00:00,2015-11-04T01:42:40+00:00,2015-11-04 01:42:40 +0000,,,,ca596e36bf4eb7327e809186696cd504d1fd8cd4bb3642e22973bcc37b2bf6a6,DUP-00252,ALL,,,ROOT_FOLDER,UNCLASSIFIED,P2,NOT_REVIEWED,VERY_LOW,NO,,,UNKNOWN,resolution_class=VERY_LOW
AST-000254,/Users/fredrick/Documents/Vayva-Tech/vayva-polyrepo/123Design/Images & Videos,ALL/tennis_ball_machine-2.jpg,ALL,,tennis_ball_machine-2.jpg,tennis_ball_machine-2,.jpg,,IMAGE,16202,0.0155,400,284,100:71,LANDSCAPE,,,,,,2015-11-04T01:42:40+00:00,2015-11-04T01:42:40+00:00,2015-11-04 01:42:40 +0000,,,,ac2d1f5f4ae8b7bc458a295e991fe025e7070e1f1fccea6f9b2298be348a54c6,DUP-00253,ALL,,,ROOT_FOLDER,UNCLASSIFIED,P2,NOT_REVIEWED,VERY_LOW,NO,,,UNKNOWN,resolution_class=VERY_LOW
AST-000255,/Users/fredrick/Documents/Vayva-Tech/vayva-polyrepo/123Design/Images & Videos,ALL/therapy_bike.jpg,ALL,,therapy_bike.jpg,therapy_bike,.jpg,,IMAGE,76699,0.0731,660,439,660:439,LANDSCAPE,,,,,,2015-11-04T01:42:40+00:00,2015-11-04T01:42:40+00:00,2015-11-04 01:42:40 +0000,,,,d206e3eb036a74d6b3ff4ba7624eb985bdc19034658280bff302c2d930c61f52,DUP-00254,ALL,,,ROOT_FOLDER,UNCLASSIFIED,P2,NOT_REVIEWED,VERY_LOW,NO,,,UNKNOWN,resolution_class=VERY_LOW
AST-000256,/Users/fredrick/Documents/Vayva-Tech/vayva-polyrepo/123Design/Images & Videos,ALL/therapy_bike2.jpg,ALL,,therapy_bike2.jpg,therapy_bike2,.jpg,,IMAGE,68869,0.0657,660,439,660:439,LANDSCAPE,,,,,,2015-11-04T01:42:40+00:00,2015-11-04T01:42:40+00:00,2015-11-04 01:42:40 +0000,,,,eda058e906a6676a6d1901cb327c53a2b72727d1b92fbd01bc240361a968030c,DUP-00255,ALL,,,ROOT_FOLDER,UNCLASSIFIED,P2,NOT_REVIEWED,VERY_LOW,NO,,,UNKNOWN,resolution_class=VERY_LOW
AST-000257,/Users/fredrick/Documents/Vayva-Tech/vayva-polyrepo/123Design/Images & Videos,ALL/therapy_system-1.jpg,ALL,,therapy_system-1.jpg,therapy_system-1,.jpg,,IMAGE,13906,0.0133,660,341,60:31,LANDSCAPE,,,,,,2015-11-04T01:42:41+00:00,2015-11-04T01:42:41+00:00,2015-11-04 01:42:41 +0000,,,,a77e0fc81f1a4811041bf883560a5302ce764fd721f610a70d23f9dadae9da6f,DUP-00256,ALL,,,ROOT_FOLDER,UNCLASSIFIED,P2,NOT_REVIEWED,VERY_LOW,NO,,,UNKNOWN,resolution_class=VERY_LOW
AST-000258,/Users/fredrick/Documents/Vayva-Tech/vayva-polyrepo/123Design/Images & Videos,ALL/therapy_system-2.jpg,ALL,,therapy_system-2.jpg,therapy_system-2,.jpg,,IMAGE,10130,0.0097,400,284,100:71,LANDSCAPE,,,,,,2015-11-04T01:42:41+00:00,2015-11-04T01:42:41+00:00,2015-11-04 01:42:41 +0000,,,,c60b864436f2194450967cd20cc57447c935f4e9ab78458798acb06c89cffb9f,DUP-00257,ALL,,,ROOT_FOLDER,UNCLASSIFIED,P2,NOT_REVIEWED,VERY_LOW,NO,,,UNKNOWN,resolution_class=VERY_LOW
AST-000259,/Users/fredrick/Documents/Vayva-Tech/vayva-polyrepo/123Design/Images & Videos,ALL/tmk.jpg,ALL,,tmk.jpg,tmk,.jpg,,IMAGE,124597,0.1188,660,274,330:137,LANDSCAPE,,,,,,2015-11-04T01:42:41+00:00,2015-11-04T01:42:41+00:00,2010-07-08 21:19:22 +0000,,,,cf4032ef16fddb3425fe5d557cecd7a1fe406db6830cb59831696d425595c695,DUP-00258,ALL,,,ROOT_FOLDER,UNCLASSIFIED,P2,NOT_REVIEWED,VERY_LOW,NO,,,UNKNOWN,resolution_class=VERY_LOW
AST-000260,/Users/fredrick/Documents/Vayva-Tech/vayva-polyrepo/123Design/Images & Videos,ALL/transportation_2.jpg,ALL,,transportation_2.jpg,transportation_2,.jpg,,IMAGE,107758,0.1028,400,284,100:71,LANDSCAPE,,,,,,2015-11-04T01:42:41+00:00,2015-11-04T01:42:41+00:00,2010-07-08 19:50:46 +0000,,,,3a4972c1fe87d77320cf18e9cee33e9c8d25ecbdb23264088ac8082bd323490f,DUP-00259,ALL,,,ROOT_FOLDER,UNCLASSIFIED,P2,NOT_REVIEWED,VERY_LOW,NO,,,UNKNOWN,resolution_class=VERY_LOW
AST-000261,/Users/fredrick/Documents/Vayva-Tech/vayva-polyrepo/123Design/Images & Videos,ALL/universal_remote_control.jpg,ALL,,universal_remote_control.jpg,universal_remote_control,.jpg,,IMAGE,126766,0.1209,660,369,220:123,LANDSCAPE,,,,,,2015-11-04T01:42:41+00:00,2015-11-04T01:42:41+00:00,2010-06-23 22:46:55 +0000,,,,04aaab344930f9da11e89f114050875ee818099f49beb1b3e1cf359e496c9eb1,DUP-00260,ALL,,,ROOT_FOLDER,UNCLASSIFIED,P2,NOT_REVIEWED,VERY_LOW,NO,,,UNKNOWN,resolution_class=VERY_LOW
AST-000262,/Users/fredrick/Documents/Vayva-Tech/vayva-polyrepo/123Design/Images & Videos,ALL/video_player_1.jpg,ALL,,video_player_1.jpg,video_player_1,.jpg,,IMAGE,21776,0.0208,660,369,220:123,LANDSCAPE,,,,,,2015-11-04T01:42:41+00:00,2015-11-04T01:42:41+00:00,2015-11-04 01:42:41 +0000,,,,5c23a730c47c2a224d7fd8ec070e08579205efeca04f7c813f9dd641ed44c0d3,DUP-00261,ALL,,,ROOT_FOLDER,UNCLASSIFIED,P2,NOT_REVIEWED,VERY_LOW,NO,,,UNKNOWN,resolution_class=VERY_LOW
AST-000263,/Users/fredrick/Documents/Vayva-Tech/vayva-polyrepo/123Design/Images & Videos,ALL/video_player_2.jpg,ALL,,video_player_2.jpg,video_player_2,.jpg,,IMAGE,15303,0.0146,400,284,100:71,LANDSCAPE,,,,,,2015-11-04T01:42:41+00:00,2015-11-04T01:42:41+00:00,2015-11-04 01:42:41 +0000,,,,71a9f47d46b6238afbac1aa01a3ed3b81da1f8d54c5edee3d51f6585201fa5dd,DUP-00262,ALL,,,ROOT_FOLDER,UNCLASSIFIED,P2,NOT_REVIEWED,VERY_LOW,NO,,,UNKNOWN,resolution_class=VERY_LOW
AST-000264,/Users/fredrick/Documents/Vayva-Tech/vayva-polyrepo/123Design/Images & Videos,ALL/waterproof_case-1.jpg,ALL,,waterproof_case-1.jpg,waterproof_case-1,.jpg,,IMAGE,33765,0.0322,660,341,60:31,LANDSCAPE,,,,,,2015-11-04T01:42:41+00:00,2015-11-04T01:42:41+00:00,2015-11-04 01:42:41 +0000,,,,584f92f9091fcb5f4db6ba404d0a7a288681c4c74327c45728990b20137b24e9,DUP-00263,ALL,,,ROOT_FOLDER,UNCLASSIFIED,P2,NOT_REVIEWED,VERY_LOW,NO,,,UNKNOWN,resolution_class=VERY_LOW
AST-000265,/Users/fredrick/Documents/Vayva-Tech/vayva-polyrepo/123Design/Images & Videos,ALL/windsor30.jpg,ALL,,windsor30.jpg,windsor30,.jpg,,IMAGE,69295,0.0661,660,401,660:401,LANDSCAPE,,,,,,2015-11-04T01:42:41+00:00,2015-11-04T01:42:41+00:00,2015-11-04 01:42:41 +0000,,,,9fb79a622cafef5b18631474ba820bb65d178e36fab0a1e2a1975489ac86f523,DUP-00264,ALL,,,ROOT_FOLDER,UNCLASSIFIED,P2,NOT_REVIEWED,VERY_LOW,NO,,,UNKNOWN,resolution_class=VERY_LOW
AST-000266,/Users/fredrick/Documents/Vayva-Tech/vayva-polyrepo/123Design/Images & Videos,ALL/windsor30_1.jpg,ALL,,windsor30_1.jpg,windsor30_1,.jpg,,IMAGE,22209,0.0212,660,401,660:401,LANDSCAPE,,,,,,2015-11-04T01:42:41+00:00,2015-11-04T01:42:41+00:00,2015-11-04 01:42:41 +0000,,,,6c38306a523999b2d60b01da002b1227bdeebbd39004205cd6dfb8b66eafffda,DUP-00265,ALL,,,ROOT_FOLDER,UNCLASSIFIED,P2,NOT_REVIEWED,VERY_LOW,NO,,,UNKNOWN,resolution_class=VERY_LOW
AST-000267,/Users/fredrick/Documents/Vayva-Tech/vayva-polyrepo/123Design/Images & Videos,ALL/your_lucky_eye.jpg,ALL,,your_lucky_eye.jpg,your_lucky_eye,.jpg,,IMAGE,99020,0.0944,660,274,330:137,LANDSCAPE,,,,,,2015-11-04T01:42:41+00:00,2015-11-04T01:42:41+00:00,2010-07-08 21:14:54 +0000,,,,571b4436ea8cbca9c3de17374643650ebb42d29505de4c41a908ac97bfda3e02,DUP-00266,ALL,,,ROOT_FOLDER,UNCLASSIFIED,P2,NOT_REVIEWED,VERY_LOW,NO,,,UNKNOWN,resolution_class=VERY_LOW
AST-000268,/Users/fredrick/Documents/Vayva-Tech/vayva-polyrepo/123Design/Images & Videos,APPLIANCES/Air Conditioning Fan/FAN1.jpg,Air Conditioning Fan,APPLIANCES,FAN1.jpg,FAN1,.jpg,,IMAGE,44337,0.0423,660,518,330:259,LANDSCAPE,,,,,,2015-11-04T01:42:41+00:00,2015-11-04T01:42:41+00:00,2015-11-04 01:42:41 +0000,,,,9fb502a451097bebc29639a354d62a237b6bb993f0098ff040aea5e83f297736,DUP-00030,APPLIANCES,Air Conditioning Fan,Air Conditioning Fan,FOLDER_NAME,UNCLASSIFIED,P1,NOT_REVIEWED,VERY_LOW,NO,,,UNKNOWN,resolution_class=VERY_LOW
AST-000269,/Users/fredrick/Documents/Vayva-Tech/vayva-polyrepo/123Design/Images & Videos,APPLIANCES/Air Conditioning Fan/FAN2.jpg,Air Conditioning Fan,APPLIANCES,FAN2.jpg,FAN2,.jpg,,IMAGE,62180,0.0593,660,518,330:259,LANDSCAPE,,,,,,2015-11-04T01:42:41+00:00,2015-11-04T01:42:41+00:00,2015-11-04 01:42:41 +0000,,,,7613e7b41b05fd809cb10184ab65d5d0c5328d0614c9173c000c13484659c879,DUP-00031,APPLIANCES,Air Conditioning Fan,Air Conditioning Fan,FOLDER_NAME,UNCLASSIFIED,P1,NOT_REVIEWED,VERY_LOW,NO,,,UNKNOWN,resolution_class=VERY_LOW
AST-000270,/Users/fredrick/Documents/Vayva-Tech/vayva-polyrepo/123Design/Images & Videos,APPLIANCES/Air Conditioning Fan/FAN3.jpg,Air Conditioning Fan,APPLIANCES,FAN3.jpg,FAN3,.jpg,,IMAGE,28672,0.0273,660,518,330:259,LANDSCAPE,,,,,,2015-11-04T01:42:41+00:00,2015-11-04T01:42:41+00:00,2015-11-04 01:42:41 +0000,,,,21c9041323e8d79318d4acff52a52ba3a79722735c8371efdf2ebeeaed52a538,DUP-00032,APPLIANCES,Air Conditioning Fan,Air Conditioning Fan,FOLDER_NAME,UNCLASSIFIED,P1,NOT_REVIEWED,VERY_LOW,NO,,,UNKNOWN,resolution_class=VERY_LOW
AST-000271,/Users/fredrick/Documents/Vayva-Tech/vayva-polyrepo/123Design/Images & Videos,APPLIANCES/Coffee Maker/coffee.jpg,Coffee Maker,APPLIANCES,coffee.jpg,coffee,.jpg,,IMAGE,69414,0.0662,660,576,55:48,LANDSCAPE,,,,,,2015-11-04T01:42:41+00:00,2015-11-04T01:42:41+00:00,2015-11-04 01:42:41 +0000,,,,ec069c905263dcad15e724bd808a2f97b9e53f4f38493a61a3a3768600e51057,DUP-00140,APPLIANCES,Coffee Maker,Coffee Maker,FOLDER_NAME,UNCLASSIFIED,P1,NOT_REVIEWED,VERY_LOW,NO,,,UNKNOWN,resolution_class=VERY_LOW
AST-000272,/Users/fredrick/Documents/Vayva-Tech/vayva-polyrepo/123Design/Images & Videos,APPLIANCES/Coffee Maker/coffee2.jpg,Coffee Maker,APPLIANCES,coffee2.jpg,coffee2,.jpg,,IMAGE,42758,0.0408,660,576,55:48,LANDSCAPE,,,,,,2015-11-04T01:42:41+00:00,2015-11-04T01:42:41+00:00,2015-11-04 01:42:41 +0000,,,,73fcf1812c22260347e40425d695a104d2cbfa4cec88844a060d78f2886dfa77,DUP-00141,APPLIANCES,Coffee Maker,Coffee Maker,FOLDER_NAME,UNCLASSIFIED,P1,NOT_REVIEWED,VERY_LOW,NO,,,UNKNOWN,resolution_class=VERY_LOW
AST-000273,/Users/fredrick/Documents/Vayva-Tech/vayva-polyrepo/123Design/Images & Videos,APPLIANCES/Refrigerator 1/Refrigerator_1.jpg,Refrigerator 1,APPLIANCES,Refrigerator_1.jpg,Refrigerator_1,.jpg,,IMAGE,48992,0.0467,660,310,66:31,LANDSCAPE,,,,,,2015-11-04T01:42:41+00:00,2015-11-04T01:42:41+00:00,2010-07-08 18:01:59 +0000,,,,bdb51be6031793c646cf6ecbb1f1f67291b67e7260b29e2bf9f6147ca647841c,DUP-00079,APPLIANCES,Refrigerator 1,Refrigerator 1,FOLDER_NAME,UNCLASSIFIED,P1,NOT_REVIEWED,VERY_LOW,NO,,,UNKNOWN,resolution_class=VERY_LOW
AST-000274,/Users/fredrick/Documents/Vayva-Tech/vayva-polyrepo/123Design/Images & Videos,APPLIANCES/Refrigerator 1/Refrigerator_1_b.jpg,Refrigerator 1,APPLIANCES,Refrigerator_1_b.jpg,Refrigerator_1_b,.jpg,,IMAGE,42602,0.0406,400,284,100:71,LANDSCAPE,,,,,,2015-11-04T01:42:41+00:00,2015-11-04T01:42:41+00:00,2010-07-08 18:02:27 +0000,,,,eaa16c9a5f37b2b62735ac26c30b02c0ecd1471b212661aa70d96dc98ff4683e,DUP-00080,APPLIANCES,Refrigerator 1,Refrigerator 1,FOLDER_NAME,UNCLASSIFIED,P1,NOT_REVIEWED,VERY_LOW,NO,,,UNKNOWN,resolution_class=VERY_LOW
AST-000275,/Users/fredrick/Documents/Vayva-Tech/vayva-polyrepo/123Design/Images & Videos,APPLIANCES/Refrigerator 2/Refrigerator_2-1.jpg,Refrigerator 2,APPLIANCES,Refrigerator_2-1.jpg,Refrigerator_2-1,.jpg,,IMAGE,41727,0.0398,660,310,66:31,LANDSCAPE,,,,,,2015-11-04T01:42:41+00:00,2015-11-04T01:42:41+00:00,2010-07-08 17:41:03 +0000,,,,b61c379d701a8509f9f75fbab58727fbc7cb8df24c0901ec44b79810f67f8bbe,DUP-00081,APPLIANCES,Refrigerator 2,Refrigerator 2,FOLDER_NAME,UNCLASSIFIED,P1,NOT_REVIEWED,VERY_LOW,NO,,,UNKNOWN,resolution_class=VERY_LOW
AST-000276,/Users/fredrick/Documents/Vayva-Tech/vayva-polyrepo/123Design/Images & Videos,APPLIANCES/Refrigerator 2/Refrigerator_2-1_2.jpg,Refrigerator 2,APPLIANCES,Refrigerator_2-1_2.jpg,Refrigerator_2-1_2,.jpg,,IMAGE,41371,0.0395,400,284,100:71,LANDSCAPE,,,,,,2015-11-04T01:42:41+00:00,2015-11-04T01:42:41+00:00,2010-07-08 17:42:05 +0000,,,,77b6d4370238414236f5541e1cd6fb2644bc30fa8c224eb4fa4d2758e74ea93a,DUP-00082,APPLIANCES,Refrigerator 2,Refrigerator 2,FOLDER_NAME,UNCLASSIFIED,P1,NOT_REVIEWED,VERY_LOW,NO,,,UNKNOWN,resolution_class=VERY_LOW
AST-000277,/Users/fredrick/Documents/Vayva-Tech/vayva-polyrepo/123Design/Images & Videos,APPLIANCES/Vacuum Cleaner/Vacuum_Cleaner-1.jpg,Vacuum Cleaner,APPLIANCES,Vacuum_Cleaner-1.jpg,Vacuum_Cleaner-1,.jpg,,IMAGE,95426,0.091,660,310,66:31,LANDSCAPE,,,,,,2015-11-04T01:42:41+00:00,2015-11-04T01:42:41+00:00,2010-07-08 18:00:24 +0000,,,,34a65c67da292cce2df2f0a031c470336f93fc1fe4b3983708a999bd9bf75734,DUP-00116,APPLIANCES,Vacuum Cleaner,Vacuum Cleaner,FOLDER_NAME,UNCLASSIFIED,P1,NOT_REVIEWED,VERY_LOW,NO,,,UNKNOWN,resolution_class=VERY_LOW
AST-000278,/Users/fredrick/Documents/Vayva-Tech/vayva-polyrepo/123Design/Images & Videos,APPLIANCES/Vacuum Cleaner/Vacuum_Cleaner-2.jpg,Vacuum Cleaner,APPLIANCES,Vacuum_Cleaner-2.jpg,Vacuum_Cleaner-2,.jpg,,IMAGE,12755,0.0122,400,284,100:71,LANDSCAPE,,,,,,2015-11-04T01:42:41+00:00,2015-11-04T01:42:41+00:00,2015-11-04 01:42:41 +0000,,,,9dda49aba6af66e2d962a527015c5b148ef4bda5da98ee336745434752a6a7e9,DUP-00117,APPLIANCES,Vacuum Cleaner,Vacuum Cleaner,FOLDER_NAME,UNCLASSIFIED,P1,NOT_REVIEWED,VERY_LOW,NO,,,UNKNOWN,resolution_class=VERY_LOW
AST-000279,/Users/fredrick/Documents/Vayva-Tech/vayva-polyrepo/123Design/Images & Videos,ARCHITECTURE/520 Madison Avenue NY/DSC02427.JPG,520 Madison Avenue NY,ARCHITECTURE,DSC02427.JPG,DSC02427,.jpg,,IMAGE,144835,0.1381,640,480,4:3,LANDSCAPE,,,,,,2015-11-04T01:42:41+00:00,2015-11-04T01:42:41+00:00,2006-02-20 18:32:04 +0000,SONY,DSC-P100,,9dc56a96783def73f5ddca9c84f230f1fe68b5da56b7a72fe89f3da9da82654d,DUP-00021,ARCHITECTURE,520 Madison Avenue NY,520 Madison Avenue NY,FOLDER_NAME,UNCLASSIFIED,P1,NOT_REVIEWED,VERY_LOW,NO,,,UNKNOWN,resolution_class=VERY_LOW
AST-000280,/Users/fredrick/Documents/Vayva-Tech/vayva-polyrepo/123Design/Images & Videos,ARCHITECTURE/Charlotte Office Interior/Charlotte  photos 11-20-09 084 (2).jpg,Charlotte Office Interior,ARCHITECTURE,Charlotte  photos 11-20-09 084 (2).jpg,Charlotte  photos 11-20-09 084 (2),.jpg,,IMAGE,66502,0.0634,800,600,4:3,LANDSCAPE,,,,,,2015-11-04T01:42:41+00:00,2015-11-04T01:42:41+00:00,2015-11-04 01:42:41 +0000,,,,0f8b5deb9d4f4a097f22029bbfbfbfdf95953b4c3b18f786ef188a4dad9f6a6b,DUP-00013,ARCHITECTURE,Charlotte Office Interior,Charlotte Office Interior,FOLDER_NAME,UNCLASSIFIED,P1,NOT_REVIEWED,VERY_LOW,NO,,,UNKNOWN,resolution_class=VERY_LOW
AST-000281,/Users/fredrick/Documents/Vayva-Tech/vayva-polyrepo/123Design/Images & Videos,ARCHITECTURE/Charlotte Office Interior/Charlotte  photos 11-20-09 087 (2).jpg,Charlotte Office Interior,ARCHITECTURE,Charlotte  photos 11-20-09 087 (2).jpg,Charlotte  photos 11-20-09 087 (2),.jpg,,IMAGE,61145,0.0583,800,600,4:3,LANDSCAPE,,,,,,2015-11-04T01:42:41+00:00,2015-11-04T01:42:41+00:00,2015-11-04 01:42:41 +0000,,,,a0daff7d2a6588596785185e7e8e7c3283e2cac1978e4f69a5fd85da627b9956,DUP-00014,ARCHITECTURE,Charlotte Office Interior,Charlotte Office Interior,FOLDER_NAME,UNCLASSIFIED,P1,NOT_REVIEWED,VERY_LOW,NO,,,UNKNOWN,resolution_class=VERY_LOW
AST-000282,/Users/fredrick/Documents/Vayva-Tech/vayva-polyrepo/123Design/Images & Videos,ARCHITECTURE/Charlotte Office Interior/Charlotte  photos 11-20-09 092 (2).jpg,Charlotte Office Interior,ARCHITECTURE,Charlotte  photos 11-20-09 092 (2).jpg,Charlotte  photos 11-20-09 092 (2),.jpg,,IMAGE,47226,0.045,800,600,4:3,LANDSCAPE,,,,,,2015-11-04T01:42:41+00:00,2015-11-04T01:42:41+00:00,2015-11-04 01:42:41 +0000,,,,46e5cd4dc973ef9d608409b0059de87f397e54a4d5daa6323b799cb2b7586a99,DUP-00015,ARCHITECTURE,Charlotte Office Interior,Charlotte Office Interior,FOLDER_NAME,UNCLASSIFIED,P1,NOT_REVIEWED,VERY_LOW,NO,,,UNKNOWN,resolution_class=VERY_LOW
AST-000283,/Users/fredrick/Documents/Vayva-Tech/vayva-polyrepo/123Design/Images & Videos,ARCHITECTURE/Convent of the Sacred Heart/Sacred Heart-1.jpg,Convent of the Sacred Heart,ARCHITECTURE,Sacred Heart-1.jpg,Sacred Heart-1,.jpg,,IMAGE,58256,0.0556,636,515,636:515,LANDSCAPE,,,,,,2015-11-04T01:42:41+00:00,2015-11-04T01:42:41+00:00,2015-11-04 01:42:41 +0000,,,,a8a417bc1202f9dcb9d60dda8eb6ca4ccabadb7d8d5912972601d053dadbd2f7,,ARCHITECTURE,Convent of the Sacred Heart,Convent of the Sacred Heart,FOLDER_NAME,UNCLASSIFIED,P1,NOT_REVIEWED,VERY_LOW,NO,,,UNKNOWN,resolution_class=VERY_LOW
AST-000284,/Users/fredrick/Documents/Vayva-Tech/vayva-polyrepo/123Design/Images & Videos,ARCHITECTURE/Convent of the Sacred Heart/SacredHeart.jpg,Convent of the Sacred Heart,ARCHITECTURE,SacredHeart.jpg,SacredHeart,.jpg,,IMAGE,83825,0.0799,636,515,636:515,LANDSCAPE,,,,,,2015-11-04T01:42:41+00:00,2015-11-04T01:42:41+00:00,2015-11-04 01:42:41 +0000,,,,2b7f55cb0aff6acb6f0404dccb53ff9d71a766baa2b43c10b240ad191018e271,DUP-00091,ARCHITECTURE,Convent of the Sacred Heart,Convent of the Sacred Heart,FOLDER_NAME,UNCLASSIFIED,P1,NOT_REVIEWED,VERY_LOW,NO,,,UNKNOWN,resolution_class=VERY_LOW
AST-000285,/Users/fredrick/Documents/Vayva-Tech/vayva-polyrepo/123Design/Images & Videos,ARCHITECTURE/Convent of the Sacred Heart/SacredHeart3.jpg,Convent of the Sacred Heart,ARCHITECTURE,SacredHeart3.jpg,SacredHeart3,.jpg,,IMAGE,53529,0.051,636,515,636:515,LANDSCAPE,,,,,,2015-11-04T01:42:41+00:00,2015-11-04T01:42:41+00:00,2015-11-04 01:42:41 +0000,,,,05b3ed6bc00697f25d68583fe3e967b26391cdd0745dce606ccbda6656fe50b9,DUP-00092,ARCHITECTURE,Convent of the Sacred Heart,Convent of the Sacred Heart,FOLDER_NAME,UNCLASSIFIED,P1,NOT_REVIEWED,VERY_LOW,NO,,,UNKNOWN,resolution_class=VERY_LOW
AST-000286,/Users/fredrick/Documents/Vayva-Tech/vayva-polyrepo/123Design/Images & Videos,ARCHITECTURE/Hayderabad Phase II Project/Haydar1.jpg,Hayderabad Phase II Project,ARCHITECTURE,Haydar1.jpg,Haydar1,.jpg,,IMAGE,55118,0.0526,640,427,640:427,LANDSCAPE,,,,,,2015-11-04T01:42:41+00:00,2015-11-04T01:42:41+00:00,2015-11-04 01:42:41 +0000,,,,67710c0ba4f9c50c247449f222b040f8c797b37bafcc5a48159b80efcffffc30,DUP-00041,ARCHITECTURE,Hayderabad Phase II Project,Hayderabad Phase II Project,FOLDER_NAME,UNCLASSIFIED,P1,NOT_REVIEWED,VERY_LOW,NO,,,UNKNOWN,resolution_class=VERY_LOW
AST-000287,/Users/fredrick/Documents/Vayva-Tech/vayva-polyrepo/123Design/Images & Videos,ARCHITECTURE/Hayderabad Phase II Project/Haydar2.jpg,Hayderabad Phase II Project,ARCHITECTURE,Haydar2.jpg,Haydar2,.jpg,,IMAGE,54796,0.0523,640,427,640:427,LANDSCAPE,,,,,,2015-11-04T01:42:41+00:00,2015-11-04T01:42:41+00:00,2015-11-04 01:42:41 +0000,,,,ebd802c7942ce7a2e935881cfe947ccbe84b41d2e2aa73a92d40b8e64564ebf1,DUP-00042,ARCHITECTURE,Hayderabad Phase II Project,Hayderabad Phase II Project,FOLDER_NAME,UNCLASSIFIED,P1,NOT_REVIEWED,VERY_LOW,NO,,,UNKNOWN,resolution_class=VERY_LOW
AST-000288,/Users/fredrick/Documents/Vayva-Tech/vayva-polyrepo/123Design/Images & Videos,ARCHITECTURE/Hayderabad Phase II Project/Haydar3.jpg,Hayderabad Phase II Project,ARCHITECTURE,Haydar3.jpg,Haydar3,.jpg,,IMAGE,64481,0.0615,640,427,640:427,LANDSCAPE,,,,,,2015-11-04T01:42:41+00:00,2015-11-04T01:42:41+00:00,2015-11-04 01:42:41 +0000,,,,3d5f082c4151f809096390edf3162556ba3a612ca28aada812cbeae41d295267,DUP-00043,ARCHITECTURE,Hayderabad Phase II Project,Hayderabad Phase II Project,FOLDER_NAME,UNCLASSIFIED,P1,NOT_REVIEWED,VERY_LOW,NO,,,UNKNOWN,resolution_class=VERY_LOW
AST-000289,/Users/fredrick/Documents/Vayva-Tech/vayva-polyrepo/123Design/Images & Videos,ARCHITECTURE/Misquamicut Beach Club/misquamicut.jpg,Misquamicut Beach Club,ARCHITECTURE,misquamicut.jpg,misquamicut,.jpg,,IMAGE,47454,0.0453,636,515,636:515,LANDSCAPE,,,,,,2015-11-04T01:42:41+00:00,2015-11-04T01:42:41+00:00,2015-11-04 01:42:41 +0000,,,,48e5458584d5972beb19ac74d9c51137c328e7128514ac9b65ceaf1bd87ebac0,DUP-00201,ARCHITECTURE,Misquamicut Beach Club,Misquamicut Beach Club,FOLDER_NAME,UNCLASSIFIED,P1,NOT_REVIEWED,VERY_LOW,NO,,,UNKNOWN,resolution_class=VERY_LOW
AST-000290,/Users/fredrick/Documents/Vayva-Tech/vayva-polyrepo/123Design/Images & Videos,ARCHITECTURE/Misquamicut Beach Club/misquamicut1.jpg,Misquamicut Beach Club,ARCHITECTURE,misquamicut1.jpg,misquamicut1,.jpg,,IMAGE,63464,0.0605,636,515,636:515,LANDSCAPE,,,,,,2015-11-04T01:42:41+00:00,2015-11-04T01:42:41+00:00,2015-11-04 01:42:41 +0000,,,,e19b4aba1888c95ee0ef896cf0fe686fbbbab376eedbfd9b9719d28867dbf30f,DUP-00202,ARCHITECTURE,Misquamicut Beach Club,Misquamicut Beach Club,FOLDER_NAME,UNCLASSIFIED,P1,NOT_REVIEWED,VERY_LOW,NO,,,UNKNOWN,resolution_class=VERY_LOW
AST-000291,/Users/fredrick/Documents/Vayva-Tech/vayva-polyrepo/123Design/Images & Videos,ARCHITECTURE/Misquamicut Beach Club/misquamicut2.jpg,Misquamicut Beach Club,ARCHITECTURE,misquamicut2.jpg,misquamicut2,.jpg,,IMAGE,47881,0.0457,636,515,636:515,LANDSCAPE,,,,,,2015-11-04T01:42:41+00:00,2015-11-04T01:42:41+00:00,2015-11-04 01:42:41 +0000,,,,3d206c804e430b35ad44bce7e95b855afb63a15c9a8c6fa781cd73cf3c4c9800,DUP-00203,ARCHITECTURE,Misquamicut Beach Club,Misquamicut Beach Club,FOLDER_NAME,UNCLASSIFIED,P1,NOT_REVIEWED,VERY_LOW,NO,,,UNKNOWN,resolution_class=VERY_LOW
AST-000292,/Users/fredrick/Documents/Vayva-Tech/vayva-polyrepo/123Design/Images & Videos,ARCHITECTURE/Misquamicut Beach Club/misquamicut3.jpg,Misquamicut Beach Club,ARCHITECTURE,misquamicut3.jpg,misquamicut3,.jpg,,IMAGE,70331,0.0671,636,515,636:515,LANDSCAPE,,,,,,2015-11-04T01:42:41+00:00,2015-11-04T01:42:41+00:00,2015-11-04 01:42:41 +0000,,,,9fdba08f7939c00a7b220b157928e9e36e1e1ddbf2bba16d1bb93b1b82788cc6,DUP-00204,ARCHITECTURE,Misquamicut Beach Club,Misquamicut Beach Club,FOLDER_NAME,UNCLASSIFIED,P1,NOT_REVIEWED,VERY_LOW,NO,,,UNKNOWN,resolution_class=VERY_LOW
AST-000293,/Users/fredrick/Documents/Vayva-Tech/vayva-polyrepo/123Design/Images & Videos,ARCHITECTURE/Tamarack Country Club/TamarackCC1.jpg,Tamarack Country Club,ARCHITECTURE,TamarackCC1.jpg,TamarackCC1,.jpg,,IMAGE,43284,0.0413,636,515,636:515,LANDSCAPE,,,,,,2015-11-04T01:42:42+00:00,2015-11-04T01:42:42+00:00,2015-11-04 01:42:42 +0000,,,,8b5619e60cb0b8859984a46d83a1d1640d578dd2028b3c9378b4c7069969aba1,DUP-00105,ARCHITECTURE,Tamarack Country Club,Tamarack Country Club,FOLDER_NAME,UNCLASSIFIED,P1,NOT_REVIEWED,VERY_LOW,NO,,,UNKNOWN,resolution_class=VERY_LOW
AST-000294,/Users/fredrick/Documents/Vayva-Tech/vayva-polyrepo/123Design/Images & Videos,ARCHITECTURE/Tamarack Country Club/TamarackCC2.jpg,Tamarack Country Club,ARCHITECTURE,TamarackCC2.jpg,TamarackCC2,.jpg,,IMAGE,51451,0.0491,636,515,636:515,LANDSCAPE,,,,,,2015-11-04T01:42:42+00:00,2015-11-04T01:42:42+00:00,2015-11-04 01:42:42 +0000,,,,4b92e39ff0934ab7d4ffb2fcd41b175b648cb857a16472eaa59f2deadb61fc29,,ARCHITECTURE,Tamarack Country Club,Tamarack Country Club,FOLDER_NAME,UNCLASSIFIED,P1,NOT_REVIEWED,VERY_LOW,NO,,,UNKNOWN,resolution_class=VERY_LOW
AST-000295,/Users/fredrick/Documents/Vayva-Tech/vayva-polyrepo/123Design/Images & Videos,ARCHITECTURE/Tamarack Country Club/TamarackCC3.jpg,Tamarack Country Club,ARCHITECTURE,TamarackCC3.jpg,TamarackCC3,.jpg,,IMAGE,50312,0.048,636,515,636:515,LANDSCAPE,,,,,,2015-11-04T01:42:42+00:00,2015-11-04T01:42:42+00:00,2015-11-04 01:42:42 +0000,,,,d09492d80f2c22b9a71bb834ab00ae1b2bd96febaa35766b2b90204804fa5e4e,DUP-00106,ARCHITECTURE,Tamarack Country Club,Tamarack Country Club,FOLDER_NAME,UNCLASSIFIED,P1,NOT_REVIEWED,VERY_LOW,NO,,,UNKNOWN,resolution_class=VERY_LOW
AST-000296,/Users/fredrick/Documents/Vayva-Tech/vayva-polyrepo/123Design/Images & Videos,ARCHITECTURE/Tamarack Country Club/TamarackCC4.jpg,Tamarack Country Club,ARCHITECTURE,TamarackCC4.jpg,TamarackCC4,.jpg,,IMAGE,68959,0.0658,636,515,636:515,LANDSCAPE,,,,,,2015-11-04T01:42:42+00:00,2015-11-04T01:42:42+00:00,2015-11-04 01:42:42 +0000,,,,655ce75593d7647ffb0f22f19d9e61f45f31ccac0c6ba729acb3a235643f0429,DUP-00107,ARCHITECTURE,Tamarack Country Club,Tamarack Country Club,FOLDER_NAME,UNCLASSIFIED,P1,NOT_REVIEWED,VERY_LOW,NO,,,UNKNOWN,resolution_class=VERY_LOW
AST-000297,/Users/fredrick/Documents/Vayva-Tech/vayva-polyrepo/123Design/Images & Videos,ARCHITECTURE/Tamarack Country Club/TamarackCC5.jpg,Tamarack Country Club,ARCHITECTURE,TamarackCC5.jpg,TamarackCC5,.jpg,,IMAGE,56742,0.0541,636,515,636:515,LANDSCAPE,,,,,,2015-11-04T01:42:42+00:00,2015-11-04T01:42:42+00:00,2015-11-04 01:42:42 +0000,,,,e51288860ddd5e6ffed94996a9638b13c43590ff322b4dba311bbe997db7f3c2,DUP-00108,ARCHITECTURE,Tamarack Country Club,Tamarack Country Club,FOLDER_NAME,UNCLASSIFIED,P1,NOT_REVIEWED,VERY_LOW,NO,,,UNKNOWN,resolution_class=VERY_LOW
AST-000298,/Users/fredrick/Documents/Vayva-Tech/vayva-polyrepo/123Design/Images & Videos,ARCHITECTURE/Tamarack Country Club/TamarackCountry.jpg,Tamarack Country Club,ARCHITECTURE,TamarackCountry.jpg,TamarackCountry,.jpg,,IMAGE,40277,0.0384,636,515,636:515,LANDSCAPE,,,,,,2015-11-04T01:42:42+00:00,2015-11-04T01:42:42+00:00,2015-11-04 01:42:42 +0000,,,,70c6aa9a3ea8e44404491f8441fb39f2f8c8da27b70a3b19b7e961633ed93611,DUP-00109,ARCHITECTURE,Tamarack Country Club,Tamarack Country Club,FOLDER_NAME,UNCLASSIFIED,P1,NOT_REVIEWED,VERY_LOW,NO,,,UNKNOWN,resolution_class=VERY_LOW
AST-000299,/Users/fredrick/Documents/Vayva-Tech/vayva-polyrepo/123Design/Images & Videos,ARCHITECTURE/Tamarack Country Club/tam-main-elevs-front.jpg,Tamarack Country Club,ARCHITECTURE,tam-main-elevs-front.jpg,tam-main-elevs-front,.jpg,,IMAGE,164585,0.157,1280,853,1280:853,LANDSCAPE,,,,,,2015-11-04T01:42:42+00:00,2015-11-04T01:42:42+00:00,2015-11-04 01:42:42 +0000,,,,dc4460143975188fb0fcbb846e733792e83990d26ce95575ef9ff68a3ea31477,DUP-00249,ARCHITECTURE,Tamarack Country Club,Tamarack Country Club,FOLDER_NAME,UNCLASSIFIED,P1,NOT_REVIEWED,LOW,NO,,,UNKNOWN,resolution_class=LOW
AST-000300,/Users/fredrick/Documents/Vayva-Tech/vayva-polyrepo/123Design/Images & Videos,ARCHITECTURE/Tamarack Country Club/tam-main-elevs-side.jpg,Tamarack Country Club,ARCHITECTURE,tam-main-elevs-side.jpg,tam-main-elevs-side,.jpg,,IMAGE,104391,0.0996,1280,853,1280:853,LANDSCAPE,,,,,,2015-11-04T01:42:42+00:00,2015-11-04T01:42:42+00:00,2015-11-04 01:42:42 +0000,,,,ba2fada30c67f4ee0f10e5aa1ebc3faebaf37e6c13dec0dab1e838e6c46a4244,DUP-00250,ARCHITECTURE,Tamarack Country Club,Tamarack Country Club,FOLDER_NAME,UNCLASSIFIED,P1,NOT_REVIEWED,LOW,NO,,,UNKNOWN,resolution_class=LOW
AST-000301,/Users/fredrick/Documents/Vayva-Tech/vayva-polyrepo/123Design/Images & Videos,ARCHITECTURE/Tamarack Pool House/TamarackPool.jpg,Tamarack Pool House,ARCHITECTURE,TamarackPool.jpg,TamarackPool,.jpg,,IMAGE,76054,0.0725,636,515,636:515,LANDSCAPE,,,,,,2015-11-04T01:42:42+00:00,2015-11-04T01:42:42+00:00,2015-11-04 01:42:42 +0000,,,,81acc65cc3d267238dd139a538f807bc663bf489694006eba5978f2e9e4b6309,DUP-00110,ARCHITECTURE,Tamarack Pool House,Tamarack Pool House,FOLDER_NAME,UNCLASSIFIED,P1,NOT_REVIEWED,VERY_LOW,NO,,,UNKNOWN,resolution_class=VERY_LOW
AST-000302,/Users/fredrick/Documents/Vayva-Tech/vayva-polyrepo/123Design/Images & Videos,ARCHITECTURE/Tamarack Pool House/TamarackPool1.jpg,Tamarack Pool House,ARCHITECTURE,TamarackPool1.jpg,TamarackPool1,.jpg,,IMAGE,70655,0.0674,636,515,636:515,LANDSCAPE,,,,,,2015-11-04T01:42:42+00:00,2015-11-04T01:42:42+00:00,2015-11-04 01:42:42 +0000,,,,05bc2aa3f01c7fbc2691aaebab1875a46691613941c4ec7cff57a35fc616dfe6,DUP-00111,ARCHITECTURE,Tamarack Pool House,Tamarack Pool House,FOLDER_NAME,UNCLASSIFIED,P1,NOT_REVIEWED,VERY_LOW,NO,,,UNKNOWN,resolution_class=VERY_LOW
AST-000303,/Users/fredrick/Documents/Vayva-Tech/vayva-polyrepo/123Design/Images & Videos,COMMERCIAL/Barcode Scanner/bs.jpg,Barcode Scanner,COMMERCIAL,bs.jpg,bs,.jpg,,IMAGE,8171,0.0078,660,274,330:137,LANDSCAPE,,,,,,2015-11-04T01:42:42+00:00,2015-11-04T01:42:42+00:00,2015-11-04 01:42:42 +0000,,,,d8f8736a5a4ce46789f82b632428dfcafb24b20d5648553491077954583b417d,DUP-00136,COMMERCIAL,Barcode Scanner,Barcode Scanner,FOLDER_NAME,UNCLASSIFIED,P1,NOT_REVIEWED,VERY_LOW,NO,,,UNKNOWN,resolution_class=VERY_LOW
AST-000304,/Users/fredrick/Documents/Vayva-Tech/vayva-polyrepo/123Design/Images & Videos,COMMERCIAL/Barcode Scanner/bs_2.jpg,Barcode Scanner,COMMERCIAL,bs_2.jpg,bs_2,.jpg,,IMAGE,67978,0.0648,400,284,100:71,LANDSCAPE,,,,,,2015-11-04T01:42:42+00:00,2015-11-04T01:42:42+00:00,2010-07-08 18:20:51 +0000,,,,6feae0c532ccbf8a6f70aa2c9c62c76e09a2b16364a777538e53c58602c500e1,DUP-00137,COMMERCIAL,Barcode Scanner,Barcode Scanner,FOLDER_NAME,UNCLASSIFIED,P1,NOT_REVIEWED,VERY_LOW,NO,,,UNKNOWN,resolution_class=VERY_LOW
AST-000305,/Users/fredrick/Documents/Vayva-Tech/vayva-polyrepo/123Design/Images & Videos,COMMERCIAL/Dictaphone/Dictaphone-1.jpg,Dictaphone,COMMERCIAL,Dictaphone-1.jpg,Dictaphone-1,.jpg,,IMAGE,80411,0.0767,660,274,330:137,LANDSCAPE,,,,,,2015-11-04T01:42:42+00:00,2015-11-04T01:42:42+00:00,2010-07-08 19:43:30 +0000,,,,bf8f31842a0a28693ee05d86252583c1e944a91f4e1225b9a308e1d5de114a97,DUP-00026,COMMERCIAL,Dictaphone,Dictaphone,FOLDER_NAME,UNCLASSIFIED,P1,NOT_REVIEWED,VERY_LOW,NO,,,UNKNOWN,resolution_class=VERY_LOW
AST-000306,/Users/fredrick/Documents/Vayva-Tech/vayva-polyrepo/123Design/Images & Videos,COMMERCIAL/Dictaphone/Dictaphone-2.jpg,Dictaphone,COMMERCIAL,Dictaphone-2.jpg,Dictaphone-2,.jpg,,IMAGE,71448,0.0681,400,284,100:71,LANDSCAPE,,,,,,2015-11-04T01:42:42+00:00,2015-11-04T01:42:42+00:00,2010-07-08 19:43:52 +0000,,,,90aafc85b7fdd84faa4d81dcbe61e7f90073b1356894c654b5bca14a8c08b430,DUP-00027,COMMERCIAL,Dictaphone,Dictaphone,FOLDER_NAME,UNCLASSIFIED,P1,NOT_REVIEWED,VERY_LOW,NO,,,UNKNOWN,resolution_class=VERY_LOW
AST-000307,/Users/fredrick/Documents/Vayva-Tech/vayva-polyrepo/123Design/Images & Videos,COMMERCIAL/Finger-Print Scanner/fps_1.jpg,Finger-Print Scanner,COMMERCIAL,fps_1.jpg,fps_1,.jpg,,IMAGE,7515,0.0072,660,274,330:137,LANDSCAPE,,,,,,2015-11-04T01:42:42+00:00,2015-11-04T01:42:42+00:00,2015-11-04 01:42:42 +0000,,,,9b3111d5c1ca6d6fef1e7af6009b0f5317eeacf756ae33393fbf690814c81353,DUP-00159,COMMERCIAL,Finger-Print Scanner,Finger-Print Scanner,FOLDER_NAME,UNCLASSIFIED,P1,NOT_REVIEWED,VERY_LOW,NO,,,UNKNOWN,resolution_class=VERY_LOW
AST-000308,/Users/fredrick/Documents/Vayva-Tech/vayva-polyrepo/123Design/Images & Videos,COMMERCIAL/Finger-Print Scanner/fps_2.jpg,Finger-Print Scanner,COMMERCIAL,fps_2.jpg,fps_2,.jpg,,IMAGE,74944,0.0715,400,284,100:71,LANDSCAPE,,,,,,2015-11-04T01:42:42+00:00,2015-11-04T01:42:42+00:00,2010-07-08 19:25:07 +0000,,,,08812cc8682f375120128eac8c322cf987c030c8cc727ef8a0b1bd74da67850f,DUP-00160,COMMERCIAL,Finger-Print Scanner,Finger-Print Scanner,FOLDER_NAME,UNCLASSIFIED,P1,NOT_REVIEWED,VERY_LOW,NO,,,UNKNOWN,resolution_class=VERY_LOW
AST-000309,/Users/fredrick/Documents/Vayva-Tech/vayva-polyrepo/123Design/Images & Videos,COMMERCIAL/Flight Planner/flight_planner-1.jpg,Flight Planner,COMMERCIAL,flight_planner-1.jpg,flight_planner-1,.jpg,,IMAGE,95174,0.0908,660,274,330:137,LANDSCAPE,,,,,,2015-11-04T01:42:42+00:00,2015-11-04T01:42:42+00:00,2010-07-08 19:28:32 +0000,,,,6d9ba91f3ac397f2b0ced8e2db79182f2167f764fe98457c6e2c9093f18e61e3,DUP-00157,COMMERCIAL,Flight Planner,Flight Planner,FOLDER_NAME,UNCLASSIFIED,P1,NOT_REVIEWED,VERY_LOW,NO,,,UNKNOWN,resolution_class=VERY_LOW
AST-000310,/Users/fredrick/Documents/Vayva-Tech/vayva-polyrepo/123Design/Images & Videos,COMMERCIAL/Flight Planner/flight_planner-2.jpg,Flight Planner,COMMERCIAL,flight_planner-2.jpg,flight_planner-2,.jpg,,IMAGE,107053,0.1021,400,284,100:71,LANDSCAPE,,,,,,2015-11-04T01:42:42+00:00,2015-11-04T01:42:42+00:00,2010-07-08 19:29:04 +0000,,,,a9a87c2849a88c88f71fde8e6c62c85939a0a0694cc1faa3199a0aaf4573f5b2,DUP-00158,COMMERCIAL,Flight Planner,Flight Planner,FOLDER_NAME,UNCLASSIFIED,P1,NOT_REVIEWED,VERY_LOW,NO,,,UNKNOWN,resolution_class=VERY_LOW
AST-000311,/Users/fredrick/Documents/Vayva-Tech/vayva-polyrepo/123Design/Images & Videos,COMMERCIAL/Hand Dryer/hand_dryer_1.jpg,Hand Dryer,COMMERCIAL,hand_dryer_1.jpg,hand_dryer_1,.jpg,,IMAGE,160861,0.1534,660,274,330:137,LANDSCAPE,,,,,,2015-11-04T01:42:42+00:00,2015-11-04T01:42:42+00:00,2010-07-08 19:47:15 +0000,,,,5ebba028da49c0d6bee419062c5e6d155a552a72a8eb388c14e987b4cd331e32,DUP-00168,COMMERCIAL,Hand Dryer,Hand Dryer,FOLDER_NAME,UNCLASSIFIED,P1,NOT_REVIEWED,VERY_LOW,NO,,,UNKNOWN,resolution_class=VERY_LOW
AST-000312,/Users/fredrick/Documents/Vayva-Tech/vayva-polyrepo/123Design/Images & Videos,COMMERCIAL/Hand Dryer/hand_dryer_2.jpg,Hand Dryer,COMMERCIAL,hand_dryer_2.jpg,hand_dryer_2,.jpg,,IMAGE,52165,0.0497,400,284,100:71,LANDSCAPE,,,,,,2015-11-04T01:42:42+00:00,2015-11-04T01:42:42+00:00,2010-07-08 19:47:39 +0000,,,,4cd183c886527b09eedf3f4804a6a36f68b4b2beb9b149feed1a84272e6871ab,DUP-00169,COMMERCIAL,Hand Dryer,Hand Dryer,FOLDER_NAME,UNCLASSIFIED,P1,NOT_REVIEWED,VERY_LOW,NO,,,UNKNOWN,resolution_class=VERY_LOW
AST-000313,/Users/fredrick/Documents/Vayva-Tech/vayva-polyrepo/123Design/Images & Videos,COMMERCIAL/Security Scanner/Commercia_img.jpg,Security Scanner,COMMERCIAL,Commercia_img.jpg,Commercia_img,.jpg,,IMAGE,13320,0.0127,660,369,220:123,LANDSCAPE,,,,,,2015-11-04T01:42:42+00:00,2015-11-04T01:42:42+00:00,2015-11-04 01:42:42 +0000,,,,9e1efacaf729b5da7b62337fdc448fa74ca7ddefc16d5f5b61f6310deee3de92,DUP-00018,COMMERCIAL,Security Scanner,Security Scanner,FOLDER_NAME,UNCLASSIFIED,P1,NOT_REVIEWED,VERY_LOW,NO,,,UNKNOWN,resolution_class=VERY_LOW
AST-000314,/Users/fredrick/Documents/Vayva-Tech/vayva-polyrepo/123Design/Images & Videos,COMMERCIAL/Security Scanner/Security_Scanner-2.jpg,Security Scanner,COMMERCIAL,Security_Scanner-2.jpg,Security_Scanner-2,.jpg,,IMAGE,8796,0.0084,400,284,100:71,LANDSCAPE,,,,,,2015-11-04T01:42:42+00:00,2015-11-04T01:42:42+00:00,2015-11-04 01:42:42 +0000,,,,bc57a53aac9f286ae82365a82ce3447cdbfe219806e548d7d16a1107bf2d7cee,DUP-00095,COMMERCIAL,Security Scanner,Security Scanner,FOLDER_NAME,UNCLASSIFIED,P1,NOT_REVIEWED,VERY_LOW,NO,,,UNKNOWN,resolution_class=VERY_LOW
AST-000315,/Users/fredrick/Documents/Vayva-Tech/vayva-polyrepo/123Design/Images & Videos,COMMERCIAL/Soup Server/Soup_Server-1.jpg,Soup Server,COMMERCIAL,Soup_Server-1.jpg,Soup_Server-1,.jpg,,IMAGE,103887,0.0991,660,274,330:137,LANDSCAPE,,,,,,2015-11-04T01:42:42+00:00,2015-11-04T01:42:42+00:00,2010-07-08 19:33:40 +0000,,,,bbe4751e327aead60b37a884aee2d786a9427c70bd85be46977f012b391fa5c7,DUP-00096,COMMERCIAL,Soup Server,Soup Server,FOLDER_NAME,UNCLASSIFIED,P1,NOT_REVIEWED,VERY_LOW,NO,,,UNKNOWN,resolution_class=VERY_LOW
AST-000316,/Users/fredrick/Documents/Vayva-Tech/vayva-polyrepo/123Design/Images & Videos,COMMERCIAL/Soup Server/Soup_Server-2.jpg,Soup Server,COMMERCIAL,Soup_Server-2.jpg,Soup_Server-2,.jpg,,IMAGE,112486,0.1073,400,284,100:71,LANDSCAPE,,,,,,2015-11-04T01:42:42+00:00,2015-11-04T01:42:42+00:00,2010-07-08 19:34:15 +0000,,,,78b967f8e43f6d0938be68edccc6accaaf183cc7631e40d0966eeafcc9998543,DUP-00097,COMMERCIAL,Soup Server,Soup Server,FOLDER_NAME,UNCLASSIFIED,P1,NOT_REVIEWED,VERY_LOW,NO,,,UNKNOWN,resolution_class=VERY_LOW
AST-000317,/Users/fredrick/Documents/Vayva-Tech/vayva-polyrepo/123Design/Images & Videos,COMMERCIAL/Staircase/Staircase-1.jpg,Staircase,COMMERCIAL,Staircase-1.jpg,Staircase-1,.jpg,,IMAGE,168155,0.1604,660,274,330:137,LANDSCAPE,,,,,,2015-11-04T01:42:42+00:00,2015-11-04T01:42:42+00:00,2010-07-08 19:38:51 +0000,,,,55b5f59eda0d8cb1dc2f9b20a041408be7b72d1f7d6eb12f2d2b0a54eb49726e,DUP-00099,COMMERCIAL,Staircase,Staircase,FOLDER_NAME,UNCLASSIFIED,P1,NOT_REVIEWED,VERY_LOW,NO,,,UNKNOWN,resolution_class=VERY_LOW
AST-000318,/Users/fredrick/Documents/Vayva-Tech/vayva-polyrepo/123Design/Images & Videos,COMMERCIAL/Staircase/Staircase-2.jpg,Staircase,COMMERCIAL,Staircase-2.jpg,Staircase-2,.jpg,,IMAGE,127726,0.1218,400,284,100:71,LANDSCAPE,,,,,,2015-11-04T01:42:42+00:00,2015-11-04T01:42:42+00:00,2010-07-08 19:38:58 +0000,,,,e34c920a0c6637f29c14c36e25078deaff12a9f7d52cd377c827bcc02661a74d,DUP-00100,COMMERCIAL,Staircase,Staircase,FOLDER_NAME,UNCLASSIFIED,P1,NOT_REVIEWED,VERY_LOW,NO,,,UNKNOWN,resolution_class=VERY_LOW
AST-000319,/Users/fredrick/Documents/Vayva-Tech/vayva-polyrepo/123Design/Images & Videos,COMMERCIAL/iaMedium/iaMedium-1.jpg,iaMedium,COMMERCIAL,iaMedium-1.jpg,iaMedium-1,.jpg,,IMAGE,47631,0.0454,660,495,4:3,LANDSCAPE,,,,,,2015-11-04T01:42:42+00:00,2015-11-04T01:42:42+00:00,2015-11-04 01:42:42 +0000,,,,5dbe573fe774beee29565fa41777a88cbc41b6d3855313d533296da59f5ee933,DUP-00174,COMMERCIAL,iaMedium,iaMedium,FOLDER_NAME,UNCLASSIFIED,P1,NOT_REVIEWED,VERY_LOW,NO,,,UNKNOWN,resolution_class=VERY_LOW
AST-000320,/Users/fredrick/Documents/Vayva-Tech/vayva-polyrepo/123Design/Images & Videos,COMMERCIAL/iaMedium/iaMedium-2.jpg,iaMedium,COMMERCIAL,iaMedium-2.jpg,iaMedium-2,.jpg,,IMAGE,149660,0.1427,400,284,100:71,LANDSCAPE,,,,,,2015-11-04T01:42:42+00:00,2015-11-04T01:42:42+00:00,2010-07-08 19:41:16 +0000,,,,07bb177fb0647ccd5ef20e844cbe397e1f618ba04ec2994d0fb141eeb7400a35,DUP-00175,COMMERCIAL,iaMedium,iaMedium,FOLDER_NAME,UNCLASSIFIED,P1,NOT_REVIEWED,VERY_LOW,NO,,,UNKNOWN,resolution_class=VERY_LOW
AST-000321,/Users/fredrick/Documents/Vayva-Tech/vayva-polyrepo/123Design/Images & Videos,COMMERCIAL/iaMedium/iaMedium-3.jpg,iaMedium,COMMERCIAL,iaMedium-3.jpg,iaMedium-3,.jpg,,IMAGE,20305,0.0194,400,300,4:3,LANDSCAPE,,,,,,2015-11-04T01:42:42+00:00,2015-11-04T01:42:42+00:00,2015-11-04 01:42:42 +0000,,,,bee2d7403007b55664ffafcfaa2e1611c409841c8679138cab8cd039796e4a2d,DUP-00176,COMMERCIAL,iaMedium,iaMedium,FOLDER_NAME,UNCLASSIFIED,P1,NOT_REVIEWED,VERY_LOW,NO,,,UNKNOWN,resolution_class=VERY_LOW
AST-000322,/Users/fredrick/Documents/Vayva-Tech/vayva-polyrepo/123Design/Images & Videos,COMMUNICATION/Business Phone/Business_phone-1.jpg,Business Phone,COMMUNICATION,Business_phone-1.jpg,Business_phone-1,.jpg,,IMAGE,72622,0.0693,660,310,66:31,LANDSCAPE,,,,,,2015-11-04T01:42:42+00:00,2015-11-04T01:42:42+00:00,2010-07-08 16:53:46 +0000,,,,91b97451b22ab15406f23971ae820a8902519fec6b6159e904d0172cf8bcdbbc,DUP-00008,COMMUNICATION,Business Phone,Business Phone,FOLDER_NAME,UNCLASSIFIED,P1,NOT_REVIEWED,VERY_LOW,NO,,,UNKNOWN,resolution_class=VERY_LOW
AST-000323,/Users/fredrick/Documents/Vayva-Tech/vayva-polyrepo/123Design/Images & Videos,COMMUNICATION/Business Phone/PHONE-1.jpg,Business Phone,COMMUNICATION,PHONE-1.jpg,PHONE-1,.jpg,,IMAGE,105405,0.1005,400,598,200:299,PORTRAIT,,,,,,2015-11-04T01:42:42+00:00,2015-11-04T01:42:42+00:00,2015-11-04 01:42:42 +0000,,,,95411b998694be665716964716c49c120cab2d2c005ce9da729314177ff70adf,DUP-00072,COMMUNICATION,Business Phone,Business Phone,FOLDER_NAME,UNCLASSIFIED,P1,NOT_REVIEWED,VERY_LOW,NO,,,UNKNOWN,resolution_class=VERY_LOW
AST-000324,/Users/fredrick/Documents/Vayva-Tech/vayva-polyrepo/123Design/Images & Videos,COMMUNICATION/GPS Navigator/GPS_Navigator-1.jpg,GPS Navigator,COMMUNICATION,GPS_Navigator-1.jpg,GPS_Navigator-1,.jpg,,IMAGE,103306,0.0985,660,310,66:31,LANDSCAPE,,,,,,2015-11-04T01:42:42+00:00,2015-11-04T01:42:42+00:00,2010-07-08 16:58:22 +0000,,,,ac2f101003535d5764863b017a1b34222b9fedd1ce1208bc6514b6ca479143e1,DUP-00035,COMMUNICATION,GPS Navigator,GPS Navigator,FOLDER_NAME,UNCLASSIFIED,P1,NOT_REVIEWED,VERY_LOW,NO,,,UNKNOWN,resolution_class=VERY_LOW
AST-000325,/Users/fredrick/Documents/Vayva-Tech/vayva-polyrepo/123Design/Images & Videos,COMMUNICATION/GPS Navigator/GPS_Navigator-2.jpg,GPS Navigator,COMMUNICATION,GPS_Navigator-2.jpg,GPS_Navigator-2,.jpg,,IMAGE,94768,0.0904,400,284,100:71,LANDSCAPE,,,,,,2015-11-04T01:42:42+00:00,2015-11-04T01:42:42+00:00,2010-07-08 16:59:03 +0000,,,,7bd86e1f21f3d75483a93487391cfa073a14aec12ad445bc84cfdb04662fe83a,DUP-00036,COMMUNICATION,GPS Navigator,GPS Navigator,FOLDER_NAME,UNCLASSIFIED,P1,NOT_REVIEWED,VERY_LOW,NO,,,UNKNOWN,resolution_class=VERY_LOW
AST-000326,/Users/fredrick/Documents/Vayva-Tech/vayva-polyrepo/123Design/Images & Videos,COMMUNICATION/PDA/PDA-1.jpg,PDA,COMMUNICATION,PDA-1.jpg,PDA-1,.jpg,,IMAGE,114479,0.1092,660,310,66:31,LANDSCAPE,,,,,,2015-11-04T01:42:42+00:00,2015-11-04T01:42:42+00:00,2010-07-08 16:46:07 +0000,,,,40aa88da47b269781cfcdf32405940d57d12093769a8370c507a6672097e3adf,DUP-00070,COMMUNICATION,PDA,PDA,FOLDER_NAME,UNCLASSIFIED,P1,NOT_REVIEWED,VERY_LOW,NO,,,UNKNOWN,resolution_class=VERY_LOW
AST-000327,/Users/fredrick/Documents/Vayva-Tech/vayva-polyrepo/123Design/Images & Videos,COMMUNICATION/PDA/PDA-2.jpg,PDA,COMMUNICATION,PDA-2.jpg,PDA-2,.jpg,,IMAGE,73904,0.0705,400,284,100:71,LANDSCAPE,,,,,,2015-11-04T01:42:42+00:00,2015-11-04T01:42:42+00:00,2010-07-08 16:47:10 +0000,,,,8bedc9bb6e261bb64bae1e7cfbc1020f3d6f51b7be8a0a917697bcde12b3b9ad,DUP-00071,COMMUNICATION,PDA,PDA,FOLDER_NAME,UNCLASSIFIED,P1,NOT_REVIEWED,VERY_LOW,NO,,,UNKNOWN,resolution_class=VERY_LOW
AST-000328,/Users/fredrick/Documents/Vayva-Tech/vayva-polyrepo/123Design/Images & Videos,COMMUNICATION/Payphone/payphone.jpg,Payphone,COMMUNICATION,payphone.jpg,payphone,.jpg,,IMAGE,81269,0.0775,660,310,66:31,LANDSCAPE,,,,,,2015-11-04T01:42:42+00:00,2015-11-04T01:42:42+00:00,2010-07-08 17:02:11 +0000,,,,44de03969a83e5fc90a93ea4828da9c5e647bb1f677e117bf76aa68032796653,DUP-00210,COMMUNICATION,Payphone,Payphone,FOLDER_NAME,UNCLASSIFIED,P1,NOT_REVIEWED,VERY_LOW,NO,,,UNKNOWN,resolution_class=VERY_LOW
AST-000329,/Users/fredrick/Documents/Vayva-Tech/vayva-polyrepo/123Design/Images & Videos,COMMUNICATION/Walkie Talkie/Walkie_Talkie-1.jpg,Walkie Talkie,COMMUNICATION,Walkie_Talkie-1.jpg,Walkie_Talkie-1,.jpg,,IMAGE,39743,0.0379,660,310,66:31,LANDSCAPE,,,,,,2015-11-04T01:42:42+00:00,2015-11-04T01:42:42+00:00,2015-11-04 01:42:42 +0000,,,,f347e201ca4fec46130bf93610de0a2f5f78e35e5ce65e194cb796618ac0a6b9,DUP-00118,COMMUNICATION,Walkie Talkie,Walkie Talkie,FOLDER_NAME,UNCLASSIFIED,P1,NOT_REVIEWED,VERY_LOW,NO,,,UNKNOWN,resolution_class=VERY_LOW
AST-000330,/Users/fredrick/Documents/Vayva-Tech/vayva-polyrepo/123Design/Images & Videos,COMMUNICATION/Walkie Talkie/Walkie_Talkie-2.jpg,Walkie Talkie,COMMUNICATION,Walkie_Talkie-2.jpg,Walkie_Talkie-2,.jpg,,IMAGE,39395,0.0376,400,284,100:71,LANDSCAPE,,,,,,2015-11-04T01:42:42+00:00,2015-11-04T01:42:42+00:00,2015-11-04 01:42:42 +0000,,,,6b242ca94ee3dd06a7958e1bc68f32c42280ace37bcc12f218c8a3d3672c4868,DUP-00119,COMMUNICATION,Walkie Talkie,Walkie Talkie,FOLDER_NAME,UNCLASSIFIED,P1,NOT_REVIEWED,VERY_LOW,NO,,,UNKNOWN,resolution_class=VERY_LOW
AST-000331,/Users/fredrick/Documents/Vayva-Tech/vayva-polyrepo/123Design/Images & Videos,COMMUNICATION/iPhone Case/Communication_main_2.jpg,iPhone Case,COMMUNICATION,Communication_main_2.jpg,Communication_main_2,.jpg,,IMAGE,47272,0.0451,400,284,100:71,LANDSCAPE,,,,,,2015-11-04T01:42:42+00:00,2015-11-04T01:42:42+00:00,2010-07-08 16:41:35 +0000,,,,6aa0440675b066b3cb6821bf08bcc68d997c809d09d07064ace65bb3d810d090,DUP-00019,COMMUNICATION,iPhone Case,iPhone Case,FOLDER_NAME,UNCLASSIFIED,P1,NOT_REVIEWED,VERY_LOW,NO,,,UNKNOWN,resolution_class=VERY_LOW
AST-000332,/Users/fredrick/Documents/Vayva-Tech/vayva-polyrepo/123Design/Images & Videos,COMMUNICATION/iPhone Case/Communication_main_img.jpg,iPhone Case,COMMUNICATION,Communication_main_img.jpg,Communication_main_img,.jpg,,IMAGE,84233,0.0803,660,369,220:123,LANDSCAPE,,,,,,2015-11-04T01:42:42+00:00,2015-11-04T01:42:42+00:00,2010-06-24 14:59:08 +0000,,,,71fac3a1d246cf8a5e3cad5662d7937e221fff37368600568af4edc49af6ade7,DUP-00020,COMMUNICATION,iPhone Case,iPhone Case,FOLDER_NAME,UNCLASSIFIED,P1,NOT_REVIEWED,VERY_LOW,NO,,,UNKNOWN,resolution_class=VERY_LOW
AST-000333,/Users/fredrick/Documents/Vayva-Tech/vayva-polyrepo/123Design/Images & Videos,CONSUMER ELECTRONICS/CD Player/cd_player_1.jpg,CD Player,CONSUMER ELECTRONICS,cd_player_1.jpg,cd_player_1,.jpg,,IMAGE,23939,0.0228,660,369,220:123,LANDSCAPE,,,,,,2015-11-04T01:42:42+00:00,2015-11-04T01:42:42+00:00,2015-11-04 01:42:42 +0000,,,,e3d17ed2d40ef47cdba09071c04d4b0734303bc74e02135277adc1483728ad64,DUP-00138,CONSUMER ELECTRONICS,CD Player,CD Player,FOLDER_NAME,UNCLASSIFIED,P1,NOT_REVIEWED,VERY_LOW,NO,,,UNKNOWN,resolution_class=VERY_LOW
AST-000334,/Users/fredrick/Documents/Vayva-Tech/vayva-polyrepo/123Design/Images & Videos,CONSUMER ELECTRONICS/CD Player/cd_player_2.jpg,CD Player,CONSUMER ELECTRONICS,cd_player_2.jpg,cd_player_2,.jpg,,IMAGE,13837,0.0132,400,284,100:71,LANDSCAPE,,,,,,2015-11-04T01:42:42+00:00,2015-11-04T01:42:42+00:00,2015-11-04 01:42:42 +0000,,,,383ba20e5af27e90b2ca6d92455f3fa68adca62660650a31ad5bf8862048b6a4,DUP-00139,CONSUMER ELECTRONICS,CD Player,CD Player,FOLDER_NAME,UNCLASSIFIED,P1,NOT_REVIEWED,VERY_LOW,NO,,,UNKNOWN,resolution_class=VERY_LOW
AST-000335,/Users/fredrick/Documents/Vayva-Tech/vayva-polyrepo/123Design/Images & Videos,CONSUMER ELECTRONICS/Cam Corder (Portable Camera)/Camcorder-1.jpg,Cam Corder (Portable Camera),CONSUMER ELECTRONICS,Camcorder-1.jpg,Camcorder-1,.jpg,,IMAGE,22887,0.0218,660,369,220:123,LANDSCAPE,,,,,,2015-11-04T01:42:42+00:00,2015-11-04T01:42:42+00:00,2015-11-04 01:42:42 +0000,,,,da5c7dfbc9484c3f9503fe414d27aa75554708e94190a7f1d105b31db472d71f,DUP-00009,CONSUMER ELECTRONICS,Cam Corder (Portable Camera),Cam Corder (Portable Camera),FOLDER_NAME,UNCLASSIFIED,P1,NOT_REVIEWED,VERY_LOW,NO,,,UNKNOWN,resolution_class=VERY_LOW
AST-000336,/Users/fredrick/Documents/Vayva-Tech/vayva-polyrepo/123Design/Images & Videos,CONSUMER ELECTRONICS/Cam Corder (Portable Camera)/Camcorder-2.jpg,Cam Corder (Portable Camera),CONSUMER ELECTRONICS,Camcorder-2.jpg,Camcorder-2,.jpg,,IMAGE,22444,0.0214,400,284,100:71,LANDSCAPE,,,,,,2015-11-04T01:42:42+00:00,2015-11-04T01:42:42+00:00,2015-11-04 01:42:42 +0000,,,,89a3318ff5fcbe76f301ec5799f68dc6abdcc423ef8e5031d517ca3fc1bef46c,DUP-00010,CONSUMER ELECTRONICS,Cam Corder (Portable Camera),Cam Corder (Portable Camera),FOLDER_NAME,UNCLASSIFIED,P1,NOT_REVIEWED,VERY_LOW,NO,,,UNKNOWN,resolution_class=VERY_LOW
AST-000337,/Users/fredrick/Documents/Vayva-Tech/vayva-polyrepo/123Design/Images & Videos,CONSUMER ELECTRONICS/DVD Player/DVD Player.jpg,DVD Player,CONSUMER ELECTRONICS,DVD Player.jpg,DVD Player,.jpg,,IMAGE,129884,0.1239,660,443,660:443,LANDSCAPE,,,,,,2015-11-04T01:42:42+00:00,2015-11-04T01:42:42+00:00,2010-07-21 15:33:18 +0000,,,,264aa0361495bcebc83046634c3e27537f638630c31814bb65e327b593570458,DUP-00022,CONSUMER ELECTRONICS,DVD Player,DVD Player,FOLDER_NAME,UNCLASSIFIED,P1,NOT_REVIEWED,VERY_LOW,NO,,,UNKNOWN,resolution_class=VERY_LOW
AST-000338,/Users/fredrick/Documents/Vayva-Tech/vayva-polyrepo/123Design/Images & Videos,CONSUMER ELECTRONICS/DVD Player/DVD Player_2.jpg,DVD Player,CONSUMER ELECTRONICS,DVD Player_2.jpg,DVD Player_2,.jpg,,IMAGE,56699,0.0541,400,314,200:157,LANDSCAPE,,,,,,2015-11-04T01:42:42+00:00,2015-11-04T01:42:42+00:00,2010-07-21 15:34:04 +0000,,,,6e50e5eaf8e9694f2ccfbe2b71eda88ef469bb35265995e9b09691a9f629c3bc,DUP-00023,CONSUMER ELECTRONICS,DVD Player,DVD Player,FOLDER_NAME,UNCLASSIFIED,P1,NOT_REVIEWED,VERY_LOW,NO,,,UNKNOWN,resolution_class=VERY_LOW
AST-000339,/Users/fredrick/Documents/Vayva-Tech/vayva-polyrepo/123Design/Images & Videos,CONSUMER ELECTRONICS/Handheld Massager/Handheld_Massager-1.jpg,Handheld Massager,CONSUMER ELECTRONICS,Handheld_Massager-1.jpg,Handheld_Massager-1,.jpg,,IMAGE,23330,0.0222,660,369,220:123,LANDSCAPE,,,,,,2015-11-04T01:42:42+00:00,2015-11-04T01:42:42+00:00,2015-11-04 01:42:42 +0000,,,,4f80f1bf310aa7d1815a8e89d950b99614ede40ae81529af7ab361ff48668062,DUP-00039,CONSUMER ELECTRONICS,Handheld Massager,Handheld Massager,FOLDER_NAME,UNCLASSIFIED,P1,NOT_REVIEWED,VERY_LOW,NO,,,UNKNOWN,resolution_class=VERY_LOW
AST-000340,/Users/fredrick/Documents/Vayva-Tech/vayva-polyrepo/123Design/Images & Videos,CONSUMER ELECTRONICS/Handheld Massager/Handheld_Massager-2.jpg,Handheld Massager,CONSUMER ELECTRONICS,Handheld_Massager-2.jpg,Handheld_Massager-2,.jpg,,IMAGE,11547,0.011,400,284,100:71,LANDSCAPE,,,,,,2015-11-04T01:42:42+00:00,2015-11-04T01:42:42+00:00,2015-11-04 01:42:42 +0000,,,,c176b831f0e137e6a17ee3ab027960006657d182bb66a027cf2b94837cc7c744,DUP-00040,CONSUMER ELECTRONICS,Handheld Massager,Handheld Massager,FOLDER_NAME,UNCLASSIFIED,P1,NOT_REVIEWED,VERY_LOW,NO,,,UNKNOWN,resolution_class=VERY_LOW
AST-000341,/Users/fredrick/Documents/Vayva-Tech/vayva-polyrepo/123Design/Images & Videos,CONSUMER ELECTRONICS/Hard Drive Tower/hard_drive_tower_1.jpg,Hard Drive Tower,CONSUMER ELECTRONICS,hard_drive_tower_1.jpg,hard_drive_tower_1,.jpg,,IMAGE,19632,0.0187,660,369,220:123,LANDSCAPE,,,,,,2015-11-04T01:42:42+00:00,2015-11-04T01:42:42+00:00,2015-11-04 01:42:42 +0000,,,,8c1e8efa14ad25ae49d361f3f84d56321e16169b59bbe68b17b835fd5838ae66,DUP-00170,CONSUMER ELECTRONICS,Hard Drive Tower,Hard Drive Tower,FOLDER_NAME,UNCLASSIFIED,P1,NOT_REVIEWED,VERY_LOW,NO,,,UNKNOWN,resolution_class=VERY_LOW
AST-000342,/Users/fredrick/Documents/Vayva-Tech/vayva-polyrepo/123Design/Images & Videos,CONSUMER ELECTRONICS/Hard Drive Tower/hard_drive_tower_2.jpg,Hard Drive Tower,CONSUMER ELECTRONICS,hard_drive_tower_2.jpg,hard_drive_tower_2,.jpg,,IMAGE,43803,0.0418,400,284,100:71,LANDSCAPE,,,,,,2015-11-04T01:42:42+00:00,2015-11-04T01:42:42+00:00,2010-07-12 20:19:23 +0000,,,,dfab14ad09477a54e52f4cad7b8d688041f75023ad86a2500c051e2bb5fe922a,DUP-00171,CONSUMER ELECTRONICS,Hard Drive Tower,Hard Drive Tower,FOLDER_NAME,UNCLASSIFIED,P1,NOT_REVIEWED,VERY_LOW,NO,,,UNKNOWN,resolution_class=VERY_LOW
AST-000343,/Users/fredrick/Documents/Vayva-Tech/vayva-polyrepo/123Design/Images & Videos,CONSUMER ELECTRONICS/Portable Shredder/portable_shredder_1.jpg,Portable Shredder,CONSUMER ELECTRONICS,portable_shredder_1.jpg,portable_shredder_1,.jpg,,IMAGE,76461,0.0729,660,369,220:123,LANDSCAPE,,,,,,2015-11-04T01:42:42+00:00,2015-11-04T01:42:42+00:00,2010-07-12 20:24:11 +0000,,,,a0b388bea1998f30df8b239f54687cb690196f9a1b31c36a79b54840b02f1c1c,DUP-00213,CONSUMER ELECTRONICS,Portable Shredder,Portable Shredder,FOLDER_NAME,UNCLASSIFIED,P1,NOT_REVIEWED,VERY_LOW,NO,,,UNKNOWN,resolution_class=VERY_LOW
AST-000344,/Users/fredrick/Documents/Vayva-Tech/vayva-polyrepo/123Design/Images & Videos,CONSUMER ELECTRONICS/Portable Shredder/portable_shredder_2.jpg,Portable Shredder,CONSUMER ELECTRONICS,portable_shredder_2.jpg,portable_shredder_2,.jpg,,IMAGE,48591,0.0463,400,284,100:71,LANDSCAPE,,,,,,2015-11-04T01:42:42+00:00,2015-11-04T01:42:42+00:00,2010-07-12 20:24:47 +0000,,,,e2f8c85105dcd985eb89a4aa91349f099af217e01a043898f3e95a4ca34cdcc5,DUP-00214,CONSUMER ELECTRONICS,Portable Shredder,Portable Shredder,FOLDER_NAME,UNCLASSIFIED,P1,NOT_REVIEWED,VERY_LOW,NO,,,UNKNOWN,resolution_class=VERY_LOW
AST-000345,/Users/fredrick/Documents/Vayva-Tech/vayva-polyrepo/123Design/Images & Videos,CONSUMER ELECTRONICS/Submersible Tablet/submersible_tablet_1.jpg,Submersible Tablet,CONSUMER ELECTRONICS,submersible_tablet_1.jpg,submersible_tablet_1,.jpg,,IMAGE,80713,0.077,660,369,220:123,LANDSCAPE,,,,,,2015-11-04T01:42:42+00:00,2015-11-04T01:42:42+00:00,2010-07-12 20:15:25 +0000,,,,f49746eda5cfa5fc06bfea36b6fe0a971befc374c8ec5ebb77d4d9606ebabe2a,DUP-00241,CONSUMER ELECTRONICS,Submersible Tablet,Submersible Tablet,FOLDER_NAME,UNCLASSIFIED,P1,NOT_REVIEWED,VERY_LOW,NO,,,UNKNOWN,resolution_class=VERY_LOW
AST-000346,/Users/fredrick/Documents/Vayva-Tech/vayva-polyrepo/123Design/Images & Videos,CONSUMER ELECTRONICS/Submersible Tablet/submersible_tablet_2.jpg,Submersible Tablet,CONSUMER ELECTRONICS,submersible_tablet_2.jpg,submersible_tablet_2,.jpg,,IMAGE,46186,0.044,400,284,100:71,LANDSCAPE,,,,,,2015-11-04T01:42:42+00:00,2015-11-04T01:42:42+00:00,2010-07-12 20:16:19 +0000,,,,1774f2ddbec18e01f552c149433a0b21f68ee940fe5dd275b9ff6893065123c6,DUP-00242,CONSUMER ELECTRONICS,Submersible Tablet,Submersible Tablet,FOLDER_NAME,UNCLASSIFIED,P1,NOT_REVIEWED,VERY_LOW,NO,,,UNKNOWN,resolution_class=VERY_LOW
AST-000347,/Users/fredrick/Documents/Vayva-Tech/vayva-polyrepo/123Design/Images & Videos,CONSUMER ELECTRONICS/Tablet/tablet_1.jpg,Tablet,CONSUMER ELECTRONICS,tablet_1.jpg,tablet_1,.jpg,,IMAGE,115075,0.1097,660,369,220:123,LANDSCAPE,,,,,,2015-11-04T01:42:42+00:00,2015-11-04T01:42:42+00:00,2010-07-08 15:58:26 +0000,,,,7596e229577bc223a3c6959da78d8f758d0d4230cfad8ecf6f9372f406249034,DUP-00247,CONSUMER ELECTRONICS,Tablet,Tablet,FOLDER_NAME,UNCLASSIFIED,P1,NOT_REVIEWED,VERY_LOW,NO,,,UNKNOWN,resolution_class=VERY_LOW
AST-000348,/Users/fredrick/Documents/Vayva-Tech/vayva-polyrepo/123Design/Images & Videos,CONSUMER ELECTRONICS/Tablet/tablet_2.jpg,Tablet,CONSUMER ELECTRONICS,tablet_2.jpg,tablet_2,.jpg,,IMAGE,91124,0.0869,400,284,100:71,LANDSCAPE,,,,,,2015-11-04T01:42:42+00:00,2015-11-04T01:42:42+00:00,2010-07-08 16:00:33 +0000,,,,d8a1567e8abae011310a81d811c47b7d6e23e24016af2d66fe9e6d41409523cb,DUP-00248,CONSUMER ELECTRONICS,Tablet,Tablet,FOLDER_NAME,UNCLASSIFIED,P1,NOT_REVIEWED,VERY_LOW,NO,,,UNKNOWN,resolution_class=VERY_LOW
AST-000349,/Users/fredrick/Documents/Vayva-Tech/vayva-polyrepo/123Design/Images & Videos,CONSUMER ELECTRONICS/Universal Remote Control/remote.jpg,Universal Remote Control,CONSUMER ELECTRONICS,remote.jpg,remote,.jpg,,IMAGE,47655,0.0454,660,437,660:437,LANDSCAPE,,,,,,2015-11-04T01:42:42+00:00,2015-11-04T01:42:42+00:00,2015-11-04 01:42:42 +0000,,,,eccc2308f8e0b779d58b8805f3d442c128e95e38745763cda262a3aff39c6946,DUP-00229,CONSUMER ELECTRONICS,Universal Remote Control,Universal Remote Control,FOLDER_NAME,UNCLASSIFIED,P1,NOT_REVIEWED,VERY_LOW,NO,,,UNKNOWN,resolution_class=VERY_LOW
AST-000350,/Users/fredrick/Documents/Vayva-Tech/vayva-polyrepo/123Design/Images & Videos,CONSUMER ELECTRONICS/Universal Remote Control/universal_remote_control.jpg,Universal Remote Control,CONSUMER ELECTRONICS,universal_remote_control.jpg,universal_remote_control,.jpg,,IMAGE,126766,0.1209,660,369,220:123,LANDSCAPE,,,,,,2015-11-04T01:42:42+00:00,2015-11-04T01:42:42+00:00,2010-06-23 22:46:55 +0000,,,,04aaab344930f9da11e89f114050875ee818099f49beb1b3e1cf359e496c9eb1,DUP-00260,CONSUMER ELECTRONICS,Universal Remote Control,Universal Remote Control,FOLDER_NAME,UNCLASSIFIED,P1,NOT_REVIEWED,VERY_LOW,NO,,,UNKNOWN,resolution_class=VERY_LOW
AST-000351,/Users/fredrick/Documents/Vayva-Tech/vayva-polyrepo/123Design/Images & Videos,CONSUMER ELECTRONICS/Video Player/video_player_1.jpg,Video Player,CONSUMER ELECTRONICS,video_player_1.jpg,video_player_1,.jpg,,IMAGE,21776,0.0208,660,369,220:123,LANDSCAPE,,,,,,2015-11-04T01:42:42+00:00,2015-11-04T01:42:42+00:00,2015-11-04 01:42:42 +0000,,,,5c23a730c47c2a224d7fd8ec070e08579205efeca04f7c813f9dd641ed44c0d3,DUP-00261,CONSUMER ELECTRONICS,Video Player,Video Player,FOLDER_NAME,UNCLASSIFIED,P1,NOT_REVIEWED,VERY_LOW,NO,,,UNKNOWN,resolution_class=VERY_LOW
AST-000352,/Users/fredrick/Documents/Vayva-Tech/vayva-polyrepo/123Design/Images & Videos,CONSUMER ELECTRONICS/Video Player/video_player_2.jpg,Video Player,CONSUMER ELECTRONICS,video_player_2.jpg,video_player_2,.jpg,,IMAGE,15303,0.0146,400,284,100:71,LANDSCAPE,,,,,,2015-11-04T01:42:42+00:00,2015-11-04T01:42:42+00:00,2015-11-04 01:42:42 +0000,,,,71a9f47d46b6238afbac1aa01a3ed3b81da1f8d54c5edee3d51f6585201fa5dd,DUP-00262,CONSUMER ELECTRONICS,Video Player,Video Player,FOLDER_NAME,UNCLASSIFIED,P1,NOT_REVIEWED,VERY_LOW,NO,,,UNKNOWN,resolution_class=VERY_LOW
AST-000353,/Users/fredrick/Documents/Vayva-Tech/vayva-polyrepo/123Design/Images & Videos,CONSUMER ELECTRONICS/Wireless Tower/Wireless_Tower_1.jpg,Wireless Tower,CONSUMER ELECTRONICS,Wireless_Tower_1.jpg,Wireless_Tower_1,.jpg,,IMAGE,27025,0.0258,660,369,220:123,LANDSCAPE,,,,,,2015-11-04T01:42:42+00:00,2015-11-04T01:42:42+00:00,2015-11-04 01:42:42 +0000,,,,b9c73e0e1ac3d95fa732b727040807f37b3740bb464a22e3686a4450260bb03a,DUP-00120,CONSUMER ELECTRONICS,Wireless Tower,Wireless Tower,FOLDER_NAME,UNCLASSIFIED,P1,NOT_REVIEWED,VERY_LOW,NO,,,UNKNOWN,resolution_class=VERY_LOW
AST-000354,/Users/fredrick/Documents/Vayva-Tech/vayva-polyrepo/123Design/Images & Videos,CONSUMER ELECTRONICS/Wireless Tower/Wireless_Tower_2.jpg,Wireless Tower,CONSUMER ELECTRONICS,Wireless_Tower_2.jpg,Wireless_Tower_2,.jpg,,IMAGE,22441,0.0214,400,284,100:71,LANDSCAPE,,,,,,2015-11-04T01:42:42+00:00,2015-11-04T01:42:42+00:00,2015-11-04 01:42:42 +0000,,,,f367b6d1857bb4eeaa4d3f9439b43880e8a581336d16d91a417a971e98a58b76,DUP-00121,CONSUMER ELECTRONICS,Wireless Tower,Wireless Tower,FOLDER_NAME,UNCLASSIFIED,P1,NOT_REVIEWED,VERY_LOW,NO,,,UNKNOWN,resolution_class=VERY_LOW
AST-000355,/Users/fredrick/Documents/Vayva-Tech/vayva-polyrepo/123Design/Images & Videos,GRAPHIC/Cleanser/Cleanser-1.jpg,Cleanser,GRAPHIC,Cleanser-1.jpg,Cleanser-1,.jpg,,IMAGE,64706,0.0617,660,274,330:137,LANDSCAPE,,,,,,2015-11-04T01:42:42+00:00,2015-11-04T01:42:42+00:00,2010-07-08 21:59:25 +0000,,,,46488437230e895410982df44877420fbc9a5d5a920aae28a9ce1c8d49f55deb,DUP-00016,GRAPHIC,Cleanser,Cleanser,FOLDER_NAME,UNCLASSIFIED,P1,NOT_REVIEWED,VERY_LOW,NO,,,UNKNOWN,resolution_class=VERY_LOW
AST-000356,/Users/fredrick/Documents/Vayva-Tech/vayva-polyrepo/123Design/Images & Videos,GRAPHIC/Cleanser/Cleanser-2.jpg,Cleanser,GRAPHIC,Cleanser-2.jpg,Cleanser-2,.jpg,,IMAGE,77971,0.0744,400,284,100:71,LANDSCAPE,,,,,,2015-11-04T01:42:42+00:00,2015-11-04T01:42:42+00:00,2010-07-08 22:00:07 +0000,,,,d6648d556e9e81d21a7a4335bfc6f4e231b32b40ff82e30ccc6d199d5abe44d0,DUP-00017,GRAPHIC,Cleanser,Cleanser,FOLDER_NAME,UNCLASSIFIED,P1,NOT_REVIEWED,VERY_LOW,NO,,,UNKNOWN,resolution_class=VERY_LOW
AST-000357,/Users/fredrick/Documents/Vayva-Tech/vayva-polyrepo/123Design/Images & Videos,GRAPHIC/Da Benito/da_Benito_2.jpg,Da Benito,GRAPHIC,da_Benito_2.jpg,da_Benito_2,.jpg,,IMAGE,88108,0.084,400,284,100:71,LANDSCAPE,,,,,,2015-11-04T01:42:42+00:00,2015-11-04T01:42:42+00:00,2010-07-08 21:37:00 +0000,,,,7cd482ec3aa22d016506f6f9f16f23faffa322c04c815e535303f11c055efd7b,DUP-00142,GRAPHIC,Da Benito,Da Benito,FOLDER_NAME,UNCLASSIFIED,P1,NOT_REVIEWED,VERY_LOW,NO,,,UNKNOWN,resolution_class=VERY_LOW
AST-000358,/Users/fredrick/Documents/Vayva-Tech/vayva-polyrepo/123Design/Images & Videos,GRAPHIC/Da Benito/da_benito-1.jpg,Da Benito,GRAPHIC,da_benito-1.jpg,da_benito-1,.jpg,,IMAGE,128035,0.1221,660,274,330:137,LANDSCAPE,,,,,,2015-11-04T01:42:42+00:00,2015-11-04T01:42:42+00:00,2010-07-08 21:35:58 +0000,,,,e315f19a149f1bdf00e8dcab4c12bedc89aae832870475798a71ff5e5ae56103,DUP-00143,GRAPHIC,Da Benito,Da Benito,FOLDER_NAME,UNCLASSIFIED,P1,NOT_REVIEWED,VERY_LOW,NO,,,UNKNOWN,resolution_class=VERY_LOW
AST-000359,/Users/fredrick/Documents/Vayva-Tech/vayva-polyrepo/123Design/Images & Videos,GRAPHIC/Heavenly/Heavenly_Cigar-1.jpg,Heavenly,GRAPHIC,Heavenly_Cigar-1.jpg,Heavenly_Cigar-1,.jpg,,IMAGE,53043,0.0506,660,274,330:137,LANDSCAPE,,,,,,2015-11-04T01:42:42+00:00,2015-11-04T01:42:42+00:00,2010-07-08 21:56:37 +0000,,,,f555b0bc179a8f15b105475b7c18c3865a16110979af976479a08716bdf696a8,DUP-00044,GRAPHIC,Heavenly,Heavenly,FOLDER_NAME,UNCLASSIFIED,P1,NOT_REVIEWED,VERY_LOW,NO,,,UNKNOWN,resolution_class=VERY_LOW
AST-000360,/Users/fredrick/Documents/Vayva-Tech/vayva-polyrepo/123Design/Images & Videos,GRAPHIC/Jewelry/jewelry.jpg,Jewelry,GRAPHIC,jewelry.jpg,jewelry,.jpg,,IMAGE,166704,0.159,660,274,330:137,LANDSCAPE,,,,,,2015-11-04T01:42:42+00:00,2015-11-04T01:42:42+00:00,2010-07-08 21:53:04 +0000,,,,545b91e9e6f8180d1839f17fe3729c74e8a1a1a465105938e139b2b964a80b78,DUP-00183,GRAPHIC,Jewelry,Jewelry,FOLDER_NAME,UNCLASSIFIED,P1,NOT_REVIEWED,VERY_LOW,NO,,,UNKNOWN,resolution_class=VERY_LOW
AST-000361,/Users/fredrick/Documents/Vayva-Tech/vayva-polyrepo/123Design/Images & Videos,GRAPHIC/Jewelry/jewelry_2.jpg,Jewelry,GRAPHIC,jewelry_2.jpg,jewelry_2,.jpg,,IMAGE,79557,0.0759,400,284,100:71,LANDSCAPE,,,,,,2015-11-04T01:42:42+00:00,2015-11-04T01:42:42+00:00,2010-07-08 21:53:52 +0000,,,,888930ce6067a6283ec1dc4e29473e6c950f2268f28c7f3b9b2e177616fe7d17,DUP-00184,GRAPHIC,Jewelry,Jewelry,FOLDER_NAME,UNCLASSIFIED,P1,NOT_REVIEWED,VERY_LOW,NO,,,UNKNOWN,resolution_class=VERY_LOW
AST-000362,/Users/fredrick/Documents/Vayva-Tech/vayva-polyrepo/123Design/Images & Videos,GRAPHIC/MCL Cafeteria/MCL_Cafeteria-1.jpg,MCL Cafeteria,GRAPHIC,MCL_Cafeteria-1.jpg,MCL_Cafeteria-1,.jpg,,IMAGE,96704,0.0922,660,274,330:137,LANDSCAPE,,,,,,2015-11-04T01:42:42+00:00,2015-11-04T01:42:42+00:00,2010-07-08 21:23:00 +0000,,,,88ec9fa0d5fff0924d5187abafc6e66521eb4ddae1943eb4a16a87b21625702f,DUP-00055,GRAPHIC,MCL Cafeteria,MCL Cafeteria,FOLDER_NAME,UNCLASSIFIED,P1,NOT_REVIEWED,VERY_LOW,NO,,,UNKNOWN,resolution_class=VERY_LOW
AST-000363,/Users/fredrick/Documents/Vayva-Tech/vayva-polyrepo/123Design/Images & Videos,GRAPHIC/MCL Cafeteria/MCL_Cafeteria-2.jpg,MCL Cafeteria,GRAPHIC,MCL_Cafeteria-2.jpg,MCL_Cafeteria-2,.jpg,,IMAGE,48829,0.0466,400,284,100:71,LANDSCAPE,,,,,,2015-11-04T01:42:42+00:00,2015-11-04T01:42:42+00:00,2010-07-08 21:24:00 +0000,,,,30bc9ad0658cb4fc7d276368bbd6d47c252c0270a06df91b34264a9935bd1273,DUP-00056,GRAPHIC,MCL Cafeteria,MCL Cafeteria,FOLDER_NAME,UNCLASSIFIED,P1,NOT_REVIEWED,VERY_LOW,NO,,,UNKNOWN,resolution_class=VERY_LOW
AST-000364,/Users/fredrick/Documents/Vayva-Tech/vayva-polyrepo/123Design/Images & Videos,GRAPHIC/Mastique/Mastique-1.jpg,Mastique,GRAPHIC,Mastique-1.jpg,Mastique-1,.jpg,,IMAGE,83925,0.08,660,274,330:137,LANDSCAPE,,,,,,2015-11-04T01:42:42+00:00,2015-11-04T01:42:42+00:00,2010-07-08 21:39:38 +0000,,,,83c4326daf405654568a06cf72d110e7856ec0d0b61063b7ec15b1114a5bf954,DUP-00061,GRAPHIC,Mastique,Mastique,FOLDER_NAME,UNCLASSIFIED,P1,NOT_REVIEWED,VERY_LOW,NO,,,UNKNOWN,resolution_class=VERY_LOW
AST-000365,/Users/fredrick/Documents/Vayva-Tech/vayva-polyrepo/123Design/Images & Videos,GRAPHIC/Medical Advertising/medical_Advertising_1.jpg,Medical Advertising,GRAPHIC,medical_Advertising_1.jpg,medical_Advertising_1,.jpg,,IMAGE,82572,0.0787,660,218,330:109,LANDSCAPE,,,,,,2015-11-04T01:42:42+00:00,2015-11-04T01:42:42+00:00,2010-07-08 22:03:16 +0000,,,,762b6c5395a2cd7239a9eebb2fd85767296cfaaa9c461c160e6c7fd5f93cf386,DUP-00195,GRAPHIC,Medical Advertising,Medical Advertising,FOLDER_NAME,UNCLASSIFIED,P1,NOT_REVIEWED,VERY_LOW,NO,,,UNKNOWN,resolution_class=VERY_LOW
AST-000366,/Users/fredrick/Documents/Vayva-Tech/vayva-polyrepo/123Design/Images & Videos,GRAPHIC/Medical Advertising/medical_Advertising_2.jpg,Medical Advertising,GRAPHIC,medical_Advertising_2.jpg,medical_Advertising_2,.jpg,,IMAGE,34879,0.0333,400,284,100:71,LANDSCAPE,,,,,,2015-11-04T01:42:42+00:00,2015-11-04T01:42:42+00:00,2010-07-08 22:04:02 +0000,,,,5698084e59dad3e4f82f8475ec89cc411a79b2da2b66b091fd62b2589c2b9bd7,DUP-00196,GRAPHIC,Medical Advertising,Medical Advertising,FOLDER_NAME,UNCLASSIFIED,P1,NOT_REVIEWED,VERY_LOW,NO,,,UNKNOWN,resolution_class=VERY_LOW
AST-000367,/Users/fredrick/Documents/Vayva-Tech/vayva-polyrepo/123Design/Images & Videos,GRAPHIC/Naples Lumber/Naples_Lumber-1.jpg,Naples Lumber,GRAPHIC,Naples_Lumber-1.jpg,Naples_Lumber-1,.jpg,,IMAGE,90742,0.0865,660,274,330:137,LANDSCAPE,,,,,,2015-11-04T01:42:42+00:00,2015-11-04T01:42:42+00:00,2010-07-08 21:44:16 +0000,,,,f1d02882be19bbe3f689bb63892fc4291b6bb08bf96db064e3c00d2b994fbf8e,DUP-00066,GRAPHIC,Naples Lumber,Naples Lumber,FOLDER_NAME,UNCLASSIFIED,P1,NOT_REVIEWED,VERY_LOW,NO,,,UNKNOWN,resolution_class=VERY_LOW
AST-000368,/Users/fredrick/Documents/Vayva-Tech/vayva-polyrepo/123Design/Images & Videos,GRAPHIC/Naples Lumber/Naples_Lumber-2.jpg,Naples Lumber,GRAPHIC,Naples_Lumber-2.jpg,Naples_Lumber-2,.jpg,,IMAGE,103657,0.0989,400,284,100:71,LANDSCAPE,,,,,,2015-11-04T01:42:42+00:00,2015-11-04T01:42:42+00:00,2010-07-08 21:45:22 +0000,,,,dfb2baa0fbc8c815b1e34c89e996fad5c3b0cde1f32e83f4b78e500dfec0de7d,DUP-00067,GRAPHIC,Naples Lumber,Naples Lumber,FOLDER_NAME,UNCLASSIFIED,P1,NOT_REVIEWED,VERY_LOW,NO,,,UNKNOWN,resolution_class=VERY_LOW
AST-000369,/Users/fredrick/Documents/Vayva-Tech/vayva-polyrepo/123Design/Images & Videos,GRAPHIC/Sioux City Sarsaparilla/Sarsaparilla-1.jpg,Sioux City Sarsaparilla,GRAPHIC,Sarsaparilla-1.jpg,Sarsaparilla-1,.jpg,,IMAGE,80866,0.0771,116,511,116:511,PORTRAIT,,,,,,2015-11-04T01:42:42+00:00,2015-11-04T01:42:42+00:00,2010-07-08 22:07:21 +0000,,,,3ea1360eed8925c20b791411b09e1b0a321a3ac0bae2270478b0b9f45c7aa3e0,DUP-00093,GRAPHIC,Sioux City Sarsaparilla,Sioux City Sarsaparilla,FOLDER_NAME,UNCLASSIFIED,P1,NOT_REVIEWED,VERY_LOW,NO,,,UNKNOWN,resolution_class=VERY_LOW
AST-000370,/Users/fredrick/Documents/Vayva-Tech/vayva-polyrepo/123Design/Images & Videos,GRAPHIC/Sioux City Sarsaparilla/Sarsaparilla-2.jpg,Sioux City Sarsaparilla,GRAPHIC,Sarsaparilla-2.jpg,Sarsaparilla-2,.jpg,,IMAGE,125805,0.12,400,284,100:71,LANDSCAPE,,,,,,2015-11-04T01:42:42+00:00,2015-11-04T01:42:42+00:00,2010-07-08 22:08:20 +0000,,,,0abd93444e2cd1b409f1ce255ecd58dc22fe2d46306777f2eda492a046803259,DUP-00094,GRAPHIC,Sioux City Sarsaparilla,Sioux City Sarsaparilla,FOLDER_NAME,UNCLASSIFIED,P1,NOT_REVIEWED,VERY_LOW,NO,,,UNKNOWN,resolution_class=VERY_LOW
AST-000371,/Users/fredrick/Documents/Vayva-Tech/vayva-polyrepo/123Design/Images & Videos,HOME GOODS/Adagio/adagio1.jpg,Adagio,HOME GOODS,adagio1.jpg,adagio1,.jpg,,IMAGE,61668,0.0588,660,310,66:31,LANDSCAPE,,,,,,2015-11-04T01:42:42+00:00,2015-11-04T01:42:42+00:00,2015-11-04 01:42:42 +0000,,,,46b6951ee9cd4d6f19f3ffc01f4bcc4af3b5e492a94dbb9a4c8d74464a16e7e1,DUP-00125,HOME GOODS,Adagio,Adagio,FOLDER_NAME,UNCLASSIFIED,P1,NOT_REVIEWED,VERY_LOW,NO,,,UNKNOWN,resolution_class=VERY_LOW
AST-000372,/Users/fredrick/Documents/Vayva-Tech/vayva-polyrepo/123Design/Images & Videos,HOME GOODS/Adagio/adagio2.jpg,Adagio,HOME GOODS,adagio2.jpg,adagio2,.jpg,,IMAGE,18627,0.0178,400,375,16:15,LANDSCAPE,,,,,,2015-11-04T01:42:42+00:00,2015-11-04T01:42:42+00:00,2015-11-04 01:42:42 +0000,,,,a8238dc481d48a6933ab109aea74fa50e16596eefa2672075fc02408ebe26e7e,DUP-00126,HOME GOODS,Adagio,Adagio,FOLDER_NAME,UNCLASSIFIED,P1,NOT_REVIEWED,VERY_LOW,NO,,,UNKNOWN,resolution_class=VERY_LOW
AST-000373,/Users/fredrick/Documents/Vayva-Tech/vayva-polyrepo/123Design/Images & Videos,HOME GOODS/Dehumidifier/dehumidifier.jpg,Dehumidifier,HOME GOODS,dehumidifier.jpg,dehumidifier,.jpg,,IMAGE,21635,0.0206,660,310,66:31,LANDSCAPE,,,,,,2015-11-04T01:42:42+00:00,2015-11-04T01:42:42+00:00,2015-11-04 01:42:42 +0000,,,,e76aec46ff61c303a7bd74c6779b6520ce1e744bd0a2a6834bbf52e9c010cc2c,DUP-00144,HOME GOODS,Dehumidifier,Dehumidifier,FOLDER_NAME,UNCLASSIFIED,P1,NOT_REVIEWED,VERY_LOW,NO,,,UNKNOWN,resolution_class=VERY_LOW
AST-000374,/Users/fredrick/Documents/Vayva-Tech/vayva-polyrepo/123Design/Images & Videos,HOME GOODS/Dehumidifier/dehumidifier2.jpg,Dehumidifier,HOME GOODS,dehumidifier2.jpg,dehumidifier2,.jpg,,IMAGE,24690,0.0235,400,284,100:71,LANDSCAPE,,,,,,2015-11-04T01:42:42+00:00,2015-11-04T01:42:42+00:00,2015-11-04 01:42:42 +0000,,,,6318bc495187655d5bf3c30ab726417f3df55559317ccef155be02fc2253fad6,DUP-00145,HOME GOODS,Dehumidifier,Dehumidifier,FOLDER_NAME,UNCLASSIFIED,P1,NOT_REVIEWED,VERY_LOW,NO,,,UNKNOWN,resolution_class=VERY_LOW
AST-000375,/Users/fredrick/Documents/Vayva-Tech/vayva-polyrepo/123Design/Images & Videos,HOME GOODS/Fan Tower/Ionizer-1.jpg,Fan Tower,HOME GOODS,Ionizer-1.jpg,Ionizer-1,.jpg,,IMAGE,25288,0.0241,660,310,66:31,LANDSCAPE,,,,,,2015-11-04T01:42:42+00:00,2015-11-04T01:42:42+00:00,2010-07-08 17:52:37 +0000,,,,31c0d8fce4b097c5a4cec5e73090690b5a81b5df780eb1fcf231cf077be3d6a8,DUP-00049,HOME GOODS,Fan Tower,Fan Tower,FOLDER_NAME,UNCLASSIFIED,P1,NOT_REVIEWED,VERY_LOW,NO,,,UNKNOWN,resolution_class=VERY_LOW
AST-000376,/Users/fredrick/Documents/Vayva-Tech/vayva-polyrepo/123Design/Images & Videos,HOME GOODS/Fan Tower/Ionizer-2.jpg,Fan Tower,HOME GOODS,Ionizer-2.jpg,Ionizer-2,.jpg,,IMAGE,26525,0.0253,400,284,100:71,LANDSCAPE,,,,,,2015-11-04T01:42:42+00:00,2015-11-04T01:42:42+00:00,2010-07-08 17:53:17 +0000,,,,bcf27c5ba16f4d4da22f7191c86f086f74f553153aa892df77e9ad62d4878726,DUP-00050,HOME GOODS,Fan Tower,Fan Tower,FOLDER_NAME,UNCLASSIFIED,P1,NOT_REVIEWED,VERY_LOW,NO,,,UNKNOWN,resolution_class=VERY_LOW
AST-000377,/Users/fredrick/Documents/Vayva-Tech/vayva-polyrepo/123Design/Images & Videos,HOME GOODS/Ionizer/Ionizer-1.jpg,Ionizer,HOME GOODS,Ionizer-1.jpg,Ionizer-1,.jpg,,IMAGE,25288,0.0241,660,310,66:31,LANDSCAPE,,,,,,2015-11-04T01:42:42+00:00,2015-11-04T01:42:42+00:00,2010-07-08 17:52:37 +0000,,,,31c0d8fce4b097c5a4cec5e73090690b5a81b5df780eb1fcf231cf077be3d6a8,DUP-00049,HOME GOODS,Ionizer,Ionizer,FOLDER_NAME,UNCLASSIFIED,P1,NOT_REVIEWED,VERY_LOW,NO,,,UNKNOWN,resolution_class=VERY_LOW
AST-000378,/Users/fredrick/Documents/Vayva-Tech/vayva-polyrepo/123Design/Images & Videos,HOME GOODS/Ionizer/Ionizer-2.jpg,Ionizer,HOME GOODS,Ionizer-2.jpg,Ionizer-2,.jpg,,IMAGE,26525,0.0253,400,284,100:71,LANDSCAPE,,,,,,2015-11-04T01:42:42+00:00,2015-11-04T01:42:42+00:00,2010-07-08 17:53:17 +0000,,,,bcf27c5ba16f4d4da22f7191c86f086f74f553153aa892df77e9ad62d4878726,DUP-00050,HOME GOODS,Ionizer,Ionizer,FOLDER_NAME,UNCLASSIFIED,P1,NOT_REVIEWED,VERY_LOW,NO,,,UNKNOWN,resolution_class=VERY_LOW
AST-000379,/Users/fredrick/Documents/Vayva-Tech/vayva-polyrepo/123Design/Images & Videos,HOME GOODS/Speaker Tower/Speaker_Tower-1.jpg,Speaker Tower,HOME GOODS,Speaker_Tower-1.jpg,Speaker_Tower-1,.jpg,,IMAGE,66116,0.0631,660,310,66:31,LANDSCAPE,,,,,,2015-11-04T01:42:42+00:00,2015-11-04T01:42:42+00:00,2010-07-08 17:58:49 +0000,,,,ae4e73d5a8cfdeddab83a39537f76eb0f48bb43818a406dd02895f208228faa6,DUP-00098,HOME GOODS,Speaker Tower,Speaker Tower,FOLDER_NAME,UNCLASSIFIED,P1,NOT_REVIEWED,VERY_LOW,NO,,,UNKNOWN,resolution_class=VERY_LOW
AST-000380,/Users/fredrick/Documents/Vayva-Tech/vayva-polyrepo/123Design/Images & Videos,INDUSTRIAL/Hydraulic Cross-section/hydraulic1.jpg,Hydraulic Cross-section,INDUSTRIAL,hydraulic1.jpg,hydraulic1,.jpg,,IMAGE,31117,0.0297,480,640,3:4,PORTRAIT,,,,,,2015-11-04T01:42:42+00:00,2015-11-04T01:42:42+00:00,2015-11-04 01:42:42 +0000,,,,08c78184bd9e61c8028e836ade672b163a33a894a4a93fa643e776fbaa91921d,DUP-00172,INDUSTRIAL,Hydraulic Cross-section,Hydraulic Cross-section,FOLDER_NAME,UNCLASSIFIED,P1,NOT_REVIEWED,VERY_LOW,NO,,,UNKNOWN,resolution_class=VERY_LOW
AST-000381,/Users/fredrick/Documents/Vayva-Tech/vayva-polyrepo/123Design/Images & Videos,INDUSTRIAL/Hydraulic Cross-section/hydraulic2.jpg,Hydraulic Cross-section,INDUSTRIAL,hydraulic2.jpg,hydraulic2,.jpg,,IMAGE,35508,0.0339,480,640,3:4,PORTRAIT,,,,,,2015-11-04T01:42:42+00:00,2015-11-04T01:42:42+00:00,2015-11-04 01:42:42 +0000,,,,ef6be522a944ca80f52bfd0d2bea857a58682326704dc2c46d422d2e9acc631c,DUP-00173,INDUSTRIAL,Hydraulic Cross-section,Hydraulic Cross-section,FOLDER_NAME,UNCLASSIFIED,P1,NOT_REVIEWED,VERY_LOW,NO,,,UNKNOWN,resolution_class=VERY_LOW
AST-000382,/Users/fredrick/Documents/Vayva-Tech/vayva-polyrepo/123Design/Images & Videos,INDUSTRIAL/Infrared Window/infrared1.jpg,Infrared Window,INDUSTRIAL,infrared1.jpg,infrared1,.jpg,,IMAGE,51032,0.0487,660,432,55:36,LANDSCAPE,,,,,,2015-11-04T01:42:42+00:00,2015-11-04T01:42:42+00:00,2015-11-04 01:42:42 +0000,,,,befde98d1e970d8a07ba7d19b5a9787805cf218fb21370169a61be3020e8e136,DUP-00177,INDUSTRIAL,Infrared Window,Infrared Window,FOLDER_NAME,UNCLASSIFIED,P1,NOT_REVIEWED,VERY_LOW,NO,,,UNKNOWN,resolution_class=VERY_LOW
AST-000383,/Users/fredrick/Documents/Vayva-Tech/vayva-polyrepo/123Design/Images & Videos,INDUSTRIAL/Infrared Window/infrared2.jpg,Infrared Window,INDUSTRIAL,infrared2.jpg,infrared2,.jpg,,IMAGE,66123,0.0631,660,432,55:36,LANDSCAPE,,,,,,2015-11-04T01:42:42+00:00,2015-11-04T01:42:42+00:00,2015-11-04 01:42:42 +0000,,,,3e904c9686cc86dca784decb2d87e05ff130ec8d97f19ba8301b0a6de1b837b5,DUP-00178,INDUSTRIAL,Infrared Window,Infrared Window,FOLDER_NAME,UNCLASSIFIED,P1,NOT_REVIEWED,VERY_LOW,NO,,,UNKNOWN,resolution_class=VERY_LOW
AST-000384,/Users/fredrick/Documents/Vayva-Tech/vayva-polyrepo/123Design/Images & Videos,INDUSTRIAL/Labeler/labeler-1.jpg,Labeler,INDUSTRIAL,labeler-1.jpg,labeler-1,.jpg,,IMAGE,9288,0.0089,660,274,330:137,LANDSCAPE,,,,,,2015-11-04T01:42:42+00:00,2015-11-04T01:42:42+00:00,2015-11-04 01:42:42 +0000,,,,12e7dc7ed6283f7dcfa896a4aa032282dea9ba6fcf231a2edbe5cac19f8f5579,DUP-00189,INDUSTRIAL,Labeler,Labeler,FOLDER_NAME,UNCLASSIFIED,P1,NOT_REVIEWED,VERY_LOW,NO,,,UNKNOWN,resolution_class=VERY_LOW
AST-000385,/Users/fredrick/Documents/Vayva-Tech/vayva-polyrepo/123Design/Images & Videos,INDUSTRIAL/Labeler/labeler-2.jpg,Labeler,INDUSTRIAL,labeler-2.jpg,labeler-2,.jpg,,IMAGE,68766,0.0656,400,284,100:71,LANDSCAPE,,,,,,2015-11-04T01:42:42+00:00,2015-11-04T01:42:42+00:00,2015-11-04 01:42:42 +0000,,,,f10fc5c961e45603e67b95d0b1c43a281cd94d9d01f3d7c9cd07c57daec0de71,DUP-00190,INDUSTRIAL,Labeler,Labeler,FOLDER_NAME,UNCLASSIFIED,P1,NOT_REVIEWED,VERY_LOW,NO,,,UNKNOWN,resolution_class=VERY_LOW
AST-000386,/Users/fredrick/Documents/Vayva-Tech/vayva-polyrepo/123Design/Images & Videos,INDUSTRIAL/Mail Extraction Machine/Mail_Extraction_Machine.jpg,Mail Extraction Machine,INDUSTRIAL,Mail_Extraction_Machine.jpg,Mail_Extraction_Machine,.jpg,,IMAGE,17025,0.0162,660,274,330:137,LANDSCAPE,,,,,,2015-11-04T01:42:42+00:00,2015-11-04T01:42:42+00:00,2015-11-04 01:42:42 +0000,,,,8ff701c5affde1f8b6ede6344ab1f72b00f5e0bfe58c8227ec50bb9eec78f723,DUP-00057,INDUSTRIAL,Mail Extraction Machine,Mail Extraction Machine,FOLDER_NAME,UNCLASSIFIED,P1,NOT_REVIEWED,VERY_LOW,NO,,,UNKNOWN,resolution_class=VERY_LOW
AST-000387,/Users/fredrick/Documents/Vayva-Tech/vayva-polyrepo/123Design/Images & Videos,INDUSTRIAL/Mail Extraction Machine/Mail_Extraction_Machine_2.jpg,Mail Extraction Machine,INDUSTRIAL,Mail_Extraction_Machine_2.jpg,Mail_Extraction_Machine_2,.jpg,,IMAGE,14956,0.0143,400,284,100:71,LANDSCAPE,,,,,,2015-11-04T01:42:42+00:00,2015-11-04T01:42:42+00:00,2015-11-04 01:42:42 +0000,,,,4bdf71b561e81f5f5a6ddea628409eb2efadc9af40459ae481025b617154bd5a,DUP-00058,INDUSTRIAL,Mail Extraction Machine,Mail Extraction Machine,FOLDER_NAME,UNCLASSIFIED,P1,NOT_REVIEWED,VERY_LOW,NO,,,UNKNOWN,resolution_class=VERY_LOW
AST-000388,/Users/fredrick/Documents/Vayva-Tech/vayva-polyrepo/123Design/Images & Videos,INDUSTRIAL/Synergix/synergix-1.jpg,Synergix,INDUSTRIAL,synergix-1.jpg,synergix-1,.jpg,,IMAGE,67935,0.0648,660,274,330:137,LANDSCAPE,,,,,,2015-11-04T01:42:42+00:00,2015-11-04T01:42:42+00:00,2010-07-08 19:36:02 +0000,,,,0333d4ab91f25380dc0fd6b3a42c9a339e079a6cf9e00f28f59c00ffb19bf0dd,DUP-00245,INDUSTRIAL,Synergix,Synergix,FOLDER_NAME,UNCLASSIFIED,P1,NOT_REVIEWED,VERY_LOW,NO,,,UNKNOWN,resolution_class=VERY_LOW
AST-000389,/Users/fredrick/Documents/Vayva-Tech/vayva-polyrepo/123Design/Images & Videos,INDUSTRIAL/Synergix/synergix-2.jpg,Synergix,INDUSTRIAL,synergix-2.jpg,synergix-2,.jpg,,IMAGE,52397,0.05,400,284,100:71,LANDSCAPE,,,,,,2015-11-04T01:42:42+00:00,2015-11-04T01:42:42+00:00,2010-07-08 19:36:32 +0000,,,,23113db6726ec8bb95e3bfb61fe999cfffe06ff4bcdc7bfc757fcfacf1df9abd,DUP-00246,INDUSTRIAL,Synergix,Synergix,FOLDER_NAME,UNCLASSIFIED,P1,NOT_REVIEWED,VERY_LOW,NO,,,UNKNOWN,resolution_class=VERY_LOW
AST-000390,/Users/fredrick/Documents/Vayva-Tech/vayva-polyrepo/123Design/Images & Videos,KITCHENWARE/Kitchen Knife/knife.jpg,Kitchen Knife,KITCHENWARE,knife.jpg,knife,.jpg,,IMAGE,29159,0.0278,660,401,660:401,LANDSCAPE,,,,,,2015-11-04T01:42:42+00:00,2015-11-04T01:42:42+00:00,2015-11-04 01:42:42 +0000,,,,00379d2c07a68e2f1aab282100ef2afef761d7429c65499c90e6c3c97a423159,DUP-00187,KITCHENWARE,Kitchen Knife,Kitchen Knife,FOLDER_NAME,UNCLASSIFIED,P1,NOT_REVIEWED,VERY_LOW,NO,,,UNKNOWN,resolution_class=VERY_LOW
AST-000391,/Users/fredrick/Documents/Vayva-Tech/vayva-polyrepo/123Design/Images & Videos,KITCHENWARE/Kitchen Knife/knife33.jpg,Kitchen Knife,KITCHENWARE,knife33.jpg,knife33,.jpg,,IMAGE,21125,0.0201,660,455,132:91,LANDSCAPE,,,,,,2015-11-04T01:42:42+00:00,2015-11-04T01:42:42+00:00,2015-11-04 01:42:42 +0000,,,,f9cab07ba368e930c3af34637eeca2fd03d0892cad11785ee8511ba4b51a2a5f,DUP-00188,KITCHENWARE,Kitchen Knife,Kitchen Knife,FOLDER_NAME,UNCLASSIFIED,P1,NOT_REVIEWED,VERY_LOW,NO,,,UNKNOWN,resolution_class=VERY_LOW
AST-000392,/Users/fredrick/Documents/Vayva-Tech/vayva-polyrepo/123Design/Images & Videos,KITCHENWARE/Paper HolderDispenser/rollie1.jpg,Paper HolderDispenser,KITCHENWARE,rollie1.jpg,rollie1,.jpg,,IMAGE,66182,0.0631,660,440,3:2,LANDSCAPE,,,,,,2015-11-04T01:42:42+00:00,2015-11-04T01:42:42+00:00,2015-11-04 01:42:42 +0000,,,,a16e8a2a5ba43af476126b4a8d87e9135ed8c7bb8ccfd1a6066e0f7e4f510143,DUP-00230,KITCHENWARE,Paper HolderDispenser,Paper HolderDispenser,FOLDER_NAME,UNCLASSIFIED,P1,NOT_REVIEWED,VERY_LOW,NO,,,UNKNOWN,resolution_class=VERY_LOW
AST-000393,/Users/fredrick/Documents/Vayva-Tech/vayva-polyrepo/123Design/Images & Videos,KITCHENWARE/Paper HolderDispenser/rollie2.jpg,Paper HolderDispenser,KITCHENWARE,rollie2.jpg,rollie2,.jpg,,IMAGE,70663,0.0674,660,440,3:2,LANDSCAPE,,,,,,2015-11-04T01:42:42+00:00,2015-11-04T01:42:42+00:00,2015-11-04 01:42:42 +0000,,,,ae8903e32c02cf633d6c0539a40148b096c646deeb50a67de8ae965c00d95179,DUP-00231,KITCHENWARE,Paper HolderDispenser,Paper HolderDispenser,FOLDER_NAME,UNCLASSIFIED,P1,NOT_REVIEWED,VERY_LOW,NO,,,UNKNOWN,resolution_class=VERY_LOW
AST-000394,/Users/fredrick/Documents/Vayva-Tech/vayva-polyrepo/123Design/Images & Videos,KITCHENWARE/Recycle Bin/greencan.jpg,Recycle Bin,KITCHENWARE,greencan.jpg,greencan,.jpg,,IMAGE,32527,0.031,660,432,55:36,LANDSCAPE,,,,,,2015-11-04T01:42:42+00:00,2015-11-04T01:42:42+00:00,2015-11-04 01:42:42 +0000,,,,d80da0cc65f4325e04771b339160b6b66431d3a9f9fdfb22303f117d4f6daf4d,DUP-00166,KITCHENWARE,Recycle Bin,Recycle Bin,FOLDER_NAME,UNCLASSIFIED,P1,NOT_REVIEWED,VERY_LOW,NO,,,UNKNOWN,resolution_class=VERY_LOW
AST-000395,/Users/fredrick/Documents/Vayva-Tech/vayva-polyrepo/123Design/Images & Videos,KITCHENWARE/Recycle Bin/greencan2.jpg,Recycle Bin,KITCHENWARE,greencan2.jpg,greencan2,.jpg,,IMAGE,42232,0.0403,660,432,55:36,LANDSCAPE,,,,,,2015-11-04T01:42:42+00:00,2015-11-04T01:42:42+00:00,2015-11-04 01:42:42 +0000,,,,93e5e40fc008cc1448991131f39302245c675c266f2bfcad896e34741f357a31,DUP-00167,KITCHENWARE,Recycle Bin,Recycle Bin,FOLDER_NAME,UNCLASSIFIED,P1,NOT_REVIEWED,VERY_LOW,NO,,,UNKNOWN,resolution_class=VERY_LOW
AST-000396,/Users/fredrick/Documents/Vayva-Tech/vayva-polyrepo/123Design/Images & Videos,KITCHENWARE/Salt and Pepper Shaker/SALT-017.jpg,Salt and Pepper Shaker,KITCHENWARE,SALT-017.jpg,SALT-017,.jpg,,IMAGE,15329,0.0146,660,361,660:361,LANDSCAPE,,,,,,2015-11-04T01:42:42+00:00,2015-11-04T01:42:42+00:00,2015-11-04 01:42:42 +0000,,,,39d9571adf568e2dfb456883ea1809bda77af652cd36fcd2088319ab8d6b5180,DUP-00089,KITCHENWARE,Salt and Pepper Shaker,Salt and Pepper Shaker,FOLDER_NAME,UNCLASSIFIED,P1,NOT_REVIEWED,VERY_LOW,NO,,,UNKNOWN,resolution_class=VERY_LOW
AST-000397,/Users/fredrick/Documents/Vayva-Tech/vayva-polyrepo/123Design/Images & Videos,KITCHENWARE/Salt and Pepper Shaker/salt1.jpg,Salt and Pepper Shaker,KITCHENWARE,salt1.jpg,salt1,.jpg,,IMAGE,45652,0.0435,660,440,3:2,LANDSCAPE,,,,,,2015-11-04T01:42:42+00:00,2015-11-04T01:42:42+00:00,2015-11-04 01:42:42 +0000,,,,8074987258c89c00000b1b42a2d70d9dafc8b7ec4cafb030c80ba018128b62e3,DUP-00232,KITCHENWARE,Salt and Pepper Shaker,Salt and Pepper Shaker,FOLDER_NAME,UNCLASSIFIED,P1,NOT_REVIEWED,VERY_LOW,NO,,,UNKNOWN,resolution_class=VERY_LOW
AST-000398,/Users/fredrick/Documents/Vayva-Tech/vayva-polyrepo/123Design/Images & Videos,KITCHENWARE/Scale/scale1.jpg,Scale,KITCHENWARE,scale1.jpg,scale1,.jpg,,IMAGE,53725,0.0512,660,456,55:38,LANDSCAPE,,,,,,2015-11-04T01:42:42+00:00,2015-11-04T01:42:42+00:00,2015-11-04 01:42:42 +0000,,,,d8b61330d14f75aa034ceb1a71ad3d01755fd97c69b4b817a330de732adde8ed,DUP-00233,KITCHENWARE,Scale,Scale,FOLDER_NAME,UNCLASSIFIED,P1,NOT_REVIEWED,VERY_LOW,NO,,,UNKNOWN,resolution_class=VERY_LOW
AST-000399,/Users/fredrick/Documents/Vayva-Tech/vayva-polyrepo/123Design/Images & Videos,KITCHENWARE/Scale/scale2.jpg,Scale,KITCHENWARE,scale2.jpg,scale2,.jpg,,IMAGE,19585,0.0187,660,361,660:361,LANDSCAPE,,,,,,2015-11-04T01:42:42+00:00,2015-11-04T01:42:42+00:00,2015-11-04 01:42:42 +0000,,,,46d9c53fb5c7e3c30e0868afeaff3a95acc652f854223210963f7e17f9072d8e,DUP-00234,KITCHENWARE,Scale,Scale,FOLDER_NAME,UNCLASSIFIED,P1,NOT_REVIEWED,VERY_LOW,NO,,,UNKNOWN,resolution_class=VERY_LOW
AST-000400,/Users/fredrick/Documents/Vayva-Tech/vayva-polyrepo/123Design/Images & Videos,MEDICAL/Aesthetic Treatment Machine/aesthetic_1.jpg,Aesthetic Treatment Machine,MEDICAL,aesthetic_1.jpg,aesthetic_1,.jpg,,IMAGE,77918,0.0743,660,341,60:31,LANDSCAPE,,,,,,2015-11-04T01:42:42+00:00,2015-11-04T01:42:42+00:00,2015-11-04 01:42:42 +0000,,,,ae9eb0f26443a7eff863e00e137be8f76d5737c6472deec23798a590bc9801f5,DUP-00127,MEDICAL,Aesthetic Treatment Machine,Aesthetic Treatment Machine,FOLDER_NAME,UNCLASSIFIED,P1,NOT_REVIEWED,VERY_LOW,NO,,,UNKNOWN,resolution_class=VERY_LOW
AST-000401,/Users/fredrick/Documents/Vayva-Tech/vayva-polyrepo/123Design/Images & Videos,MEDICAL/Aesthetic Treatment Machine/aesthetic_2.jpg,Aesthetic Treatment Machine,MEDICAL,aesthetic_2.jpg,aesthetic_2,.jpg,,IMAGE,81256,0.0775,400,284,100:71,LANDSCAPE,,,,,,2015-11-04T01:42:42+00:00,2015-11-04T01:42:42+00:00,2015-11-04 01:42:42 +0000,,,,8bb40885cc442ec0df35c6c3b8f2a7300628db31e878e24658430276dd3f9713,DUP-00128,MEDICAL,Aesthetic Treatment Machine,Aesthetic Treatment Machine,FOLDER_NAME,UNCLASSIFIED,P1,NOT_REVIEWED,VERY_LOW,NO,,,UNKNOWN,resolution_class=VERY_LOW
AST-000402,/Users/fredrick/Documents/Vayva-Tech/vayva-polyrepo/123Design/Images & Videos,MEDICAL/Blood Pressure Monitor/bpm_1.jpg,Blood Pressure Monitor,MEDICAL,bpm_1.jpg,bpm_1,.jpg,,IMAGE,23555,0.0225,660,341,60:31,LANDSCAPE,,,,,,2015-11-04T01:42:42+00:00,2015-11-04T01:42:42+00:00,2015-11-04 01:42:42 +0000,,,,ee53bd260589caf1634278915c2fd83dda1308aceb0d61d7eaa3fb53d649869e,DUP-00133,MEDICAL,Blood Pressure Monitor,Blood Pressure Monitor,FOLDER_NAME,UNCLASSIFIED,P1,NOT_REVIEWED,VERY_LOW,NO,,,UNKNOWN,resolution_class=VERY_LOW
AST-000403,/Users/fredrick/Documents/Vayva-Tech/vayva-polyrepo/123Design/Images & Videos,MEDICAL/Blood Pressure Monitor/bpm_2.jpg,Blood Pressure Monitor,MEDICAL,bpm_2.jpg,bpm_2,.jpg,,IMAGE,17363,0.0166,400,284,100:71,LANDSCAPE,,,,,,2015-11-04T01:42:42+00:00,2015-11-04T01:42:42+00:00,2015-11-04 01:42:42 +0000,,,,6c074ca2d7021e218b5495347871afc98c9d70e581e38cf902ba39a3d8bbe2fa,DUP-00134,MEDICAL,Blood Pressure Monitor,Blood Pressure Monitor,FOLDER_NAME,UNCLASSIFIED,P1,NOT_REVIEWED,VERY_LOW,NO,,,UNKNOWN,resolution_class=VERY_LOW
AST-000404,/Users/fredrick/Documents/Vayva-Tech/vayva-polyrepo/123Design/Images & Videos,MEDICAL/Defibrillator/medical_1.jpg,Defibrillator,MEDICAL,medical_1.jpg,medical_1,.jpg,,IMAGE,144380,0.1377,660,353,660:353,LANDSCAPE,,,,,,2015-11-04T01:42:42+00:00,2015-11-04T01:42:42+00:00,2010-07-08 16:04:32 +0000,,,,28ce231a27c6c10b905c3d9cefa724ae39a2604810f3c55a497d18ecca0c9e55,DUP-00193,MEDICAL,Defibrillator,Defibrillator,FOLDER_NAME,UNCLASSIFIED,P1,NOT_REVIEWED,VERY_LOW,NO,,,UNKNOWN,resolution_class=VERY_LOW
AST-000405,/Users/fredrick/Documents/Vayva-Tech/vayva-polyrepo/123Design/Images & Videos,MEDICAL/Defibrillator/medical_2.jpg,Defibrillator,MEDICAL,medical_2.jpg,medical_2,.jpg,,IMAGE,76512,0.073,400,284,100:71,LANDSCAPE,,,,,,2015-11-04T01:42:42+00:00,2015-11-04T01:42:42+00:00,2010-07-08 16:05:35 +0000,,,,86878ea2a617b7722b98770746b31bf30b6e8fbadcc863c78fa7a80899bb9c4b,DUP-00194,MEDICAL,Defibrillator,Defibrillator,FOLDER_NAME,UNCLASSIFIED,P1,NOT_REVIEWED,VERY_LOW,NO,,,UNKNOWN,resolution_class=VERY_LOW
AST-000406,/Users/fredrick/Documents/Vayva-Tech/vayva-polyrepo/123Design/Images & Videos,MEDICAL/Dental Jet/dental-1.jpg,Dental Jet,MEDICAL,dental-1.jpg,dental-1,.jpg,,IMAGE,18178,0.0173,660,341,60:31,LANDSCAPE,,,,,,2015-11-04T01:42:42+00:00,2015-11-04T01:42:42+00:00,2015-11-04 01:42:42 +0000,,,,dcdd5e9b9e6ec8a037e6a9e5031ae23f64aff028298a619e56a638b08dc25594,DUP-00146,MEDICAL,Dental Jet,Dental Jet,FOLDER_NAME,UNCLASSIFIED,P1,NOT_REVIEWED,VERY_LOW,NO,,,UNKNOWN,resolution_class=VERY_LOW
AST-000407,/Users/fredrick/Documents/Vayva-Tech/vayva-polyrepo/123Design/Images & Videos,MEDICAL/Dental Jet/dental-2.jpg,Dental Jet,MEDICAL,dental-2.jpg,dental-2,.jpg,,IMAGE,13941,0.0133,400,284,100:71,LANDSCAPE,,,,,,2015-11-04T01:42:42+00:00,2015-11-04T01:42:42+00:00,2015-11-04 01:42:42 +0000,,,,d7ca0fd131a8378a9ce4a0400298e59801e13dd3ca1b07530d41d2240d0ed621,DUP-00147,MEDICAL,Dental Jet,Dental Jet,FOLDER_NAME,UNCLASSIFIED,P1,NOT_REVIEWED,VERY_LOW,NO,,,UNKNOWN,resolution_class=VERY_LOW
AST-000408,/Users/fredrick/Documents/Vayva-Tech/vayva-polyrepo/123Design/Images & Videos,MEDICAL/Dynamometer/dynamometer-1.jpg,Dynamometer,MEDICAL,dynamometer-1.jpg,dynamometer-1,.jpg,,IMAGE,17153,0.0164,660,341,60:31,LANDSCAPE,,,,,,2015-11-04T01:42:42+00:00,2015-11-04T01:42:42+00:00,2015-11-04 01:42:42 +0000,,,,c0b994fe903754f14c91b4191cada474918d5d899318b185152daccba53454da,DUP-00151,MEDICAL,Dynamometer,Dynamometer,FOLDER_NAME,UNCLASSIFIED,P1,NOT_REVIEWED,VERY_LOW,NO,,,UNKNOWN,resolution_class=VERY_LOW
AST-000409,/Users/fredrick/Documents/Vayva-Tech/vayva-polyrepo/123Design/Images & Videos,MEDICAL/Dynamometer/dynamometer-2.jpg,Dynamometer,MEDICAL,dynamometer-2.jpg,dynamometer-2,.jpg,,IMAGE,15255,0.0145,400,284,100:71,LANDSCAPE,,,,,,2015-11-04T01:42:42+00:00,2015-11-04T01:42:42+00:00,2015-11-04 01:42:42 +0000,,,,cf3a3c59a18774e51b1066d4afa034a26b229ae408994b1b56105fabd5ee252d,DUP-00152,MEDICAL,Dynamometer,Dynamometer,FOLDER_NAME,UNCLASSIFIED,P1,NOT_REVIEWED,VERY_LOW,NO,,,UNKNOWN,resolution_class=VERY_LOW
AST-000410,/Users/fredrick/Documents/Vayva-Tech/vayva-polyrepo/123Design/Images & Videos,MEDICAL/Medical Hospital Scale/medical_scale-1.jpg,Medical Hospital Scale,MEDICAL,medical_scale-1.jpg,medical_scale-1,.jpg,,IMAGE,22093,0.0211,660,341,60:31,LANDSCAPE,,,,,,2015-11-04T01:42:42+00:00,2015-11-04T01:42:42+00:00,2015-11-04 01:42:42 +0000,,,,e54bb5af170207a0c7377c5819e810a5635488eaeb7dfbc2d478d67d2aa20430,DUP-00197,MEDICAL,Medical Hospital Scale,Medical Hospital Scale,FOLDER_NAME,UNCLASSIFIED,P1,NOT_REVIEWED,VERY_LOW,NO,,,UNKNOWN,resolution_class=VERY_LOW
AST-000411,/Users/fredrick/Documents/Vayva-Tech/vayva-polyrepo/123Design/Images & Videos,MEDICAL/Medical Hospital Scale/medical_scale-2.jpg,Medical Hospital Scale,MEDICAL,medical_scale-2.jpg,medical_scale-2,.jpg,,IMAGE,11530,0.011,400,284,100:71,LANDSCAPE,,,,,,2015-11-04T01:42:42+00:00,2015-11-04T01:42:42+00:00,2015-11-04 01:42:42 +0000,,,,f8a74a9145fa7c0bc4eb3ebae7154fdb80cf1efb66fe9d9444f907b018e408e8,DUP-00198,MEDICAL,Medical Hospital Scale,Medical Hospital Scale,FOLDER_NAME,UNCLASSIFIED,P1,NOT_REVIEWED,VERY_LOW,NO,,,UNKNOWN,resolution_class=VERY_LOW
AST-000412,/Users/fredrick/Documents/Vayva-Tech/vayva-polyrepo/123Design/Images & Videos,MEDICAL/Portable Scanner/Portable_Scanner-1.jpg,Portable Scanner,MEDICAL,Portable_Scanner-1.jpg,Portable_Scanner-1,.jpg,,IMAGE,36521,0.0348,660,380,33:19,LANDSCAPE,,,,,,2015-11-04T01:42:42+00:00,2015-11-04T01:42:42+00:00,2015-11-04 01:42:42 +0000,,,,3215cef375671df0ecd3c0fb0a0b5ceff72ba777cf91929472aa16747c860d06,DUP-00075,MEDICAL,Portable Scanner,Portable Scanner,FOLDER_NAME,UNCLASSIFIED,P1,NOT_REVIEWED,VERY_LOW,NO,,,UNKNOWN,resolution_class=VERY_LOW
AST-000413,/Users/fredrick/Documents/Vayva-Tech/vayva-polyrepo/123Design/Images & Videos,MEDICAL/Portable Scanner/Portable_Scanner-2.jpg,Portable Scanner,MEDICAL,Portable_Scanner-2.jpg,Portable_Scanner-2,.jpg,,IMAGE,62924,0.06,400,284,100:71,LANDSCAPE,,,,,,2015-11-04T01:42:42+00:00,2015-11-04T01:42:42+00:00,2010-07-08 16:19:32 +0000,,,,4ca278617b722daa4d374e8c8306c5bbde8c0c944c2a10f35299c7b31db7a582,DUP-00076,MEDICAL,Portable Scanner,Portable Scanner,FOLDER_NAME,UNCLASSIFIED,P1,NOT_REVIEWED,VERY_LOW,NO,,,UNKNOWN,resolution_class=VERY_LOW
AST-000414,/Users/fredrick/Documents/Vayva-Tech/vayva-polyrepo/123Design/Images & Videos,MEDICAL/Spine Board/STRE-050.jpg,Spine Board,MEDICAL,STRE-050.jpg,STRE-050,.jpg,,IMAGE,78425,0.0748,660,440,3:2,LANDSCAPE,,,,,,2015-11-04T01:42:42+00:00,2015-11-04T01:42:42+00:00,2015-11-04 01:42:42 +0000,,,,ad50a17b58d6f0c64941abefa5d90ffe16acdd2a642fe4f287cc19a4716d3208,DUP-00090,MEDICAL,Spine Board,Spine Board,FOLDER_NAME,UNCLASSIFIED,P1,NOT_REVIEWED,VERY_LOW,NO,,,UNKNOWN,resolution_class=VERY_LOW
AST-000415,/Users/fredrick/Documents/Vayva-Tech/vayva-polyrepo/123Design/Images & Videos,MEDICAL/Spine Board/stretcher-1.jpg,Spine Board,MEDICAL,stretcher-1.jpg,stretcher-1,.jpg,,IMAGE,60627,0.0578,660,341,60:31,LANDSCAPE,,,,,,2015-11-04T01:42:42+00:00,2015-11-04T01:42:42+00:00,2015-11-04 01:42:42 +0000,,,,f54fb3553b84a174d26bebf01056cc4530a25c412ad19f10c46f2c880580ab6a,DUP-00239,MEDICAL,Spine Board,Spine Board,FOLDER_NAME,UNCLASSIFIED,P1,NOT_REVIEWED,VERY_LOW,NO,,,UNKNOWN,resolution_class=VERY_LOW
AST-000416,/Users/fredrick/Documents/Vayva-Tech/vayva-polyrepo/123Design/Images & Videos,MEDICAL/Spine Board/stretcher-2.jpg,Spine Board,MEDICAL,stretcher-2.jpg,stretcher-2,.jpg,,IMAGE,17469,0.0167,400,284,100:71,LANDSCAPE,,,,,,2015-11-04T01:42:42+00:00,2015-11-04T01:42:42+00:00,2015-11-04 01:42:42 +0000,,,,4c518e5143340d02f2de8257242ba35b94aca46dd23ee2c5900109f63ff8f42b,DUP-00240,MEDICAL,Spine Board,Spine Board,FOLDER_NAME,UNCLASSIFIED,P1,NOT_REVIEWED,VERY_LOW,NO,,,UNKNOWN,resolution_class=VERY_LOW
AST-000417,/Users/fredrick/Documents/Vayva-Tech/vayva-polyrepo/123Design/Images & Videos,MEDICAL/Therapy System/therapy_system-1.jpg,Therapy System,MEDICAL,therapy_system-1.jpg,therapy_system-1,.jpg,,IMAGE,13906,0.0133,660,341,60:31,LANDSCAPE,,,,,,2015-11-04T01:42:42+00:00,2015-11-04T01:42:42+00:00,2015-11-04 01:42:42 +0000,,,,a77e0fc81f1a4811041bf883560a5302ce764fd721f610a70d23f9dadae9da6f,DUP-00256,MEDICAL,Therapy System,Therapy System,FOLDER_NAME,UNCLASSIFIED,P1,NOT_REVIEWED,VERY_LOW,NO,,,UNKNOWN,resolution_class=VERY_LOW
AST-000418,/Users/fredrick/Documents/Vayva-Tech/vayva-polyrepo/123Design/Images & Videos,MEDICAL/Therapy System/therapy_system-2.jpg,Therapy System,MEDICAL,therapy_system-2.jpg,therapy_system-2,.jpg,,IMAGE,10130,0.0097,400,284,100:71,LANDSCAPE,,,,,,2015-11-04T01:42:42+00:00,2015-11-04T01:42:42+00:00,2015-11-04 01:42:42 +0000,,,,c60b864436f2194450967cd20cc57447c935f4e9ab78458798acb06c89cffb9f,DUP-00257,MEDICAL,Therapy System,Therapy System,FOLDER_NAME,UNCLASSIFIED,P1,NOT_REVIEWED,VERY_LOW,NO,,,UNKNOWN,resolution_class=VERY_LOW
AST-000419,/Users/fredrick/Documents/Vayva-Tech/vayva-polyrepo/123Design/Images & Videos,MEDICAL/Thermometer/Thermometer-1.jpg,Thermometer,MEDICAL,Thermometer-1.jpg,Thermometer-1,.jpg,,IMAGE,19908,0.019,660,341,60:31,LANDSCAPE,,,,,,2015-11-04T01:42:42+00:00,2015-11-04T01:42:42+00:00,2015-11-04 01:42:42 +0000,,,,abc9e62ec9ad148d77f075d4d6c19a542c46aefa59c9b7d935409e93766130d8,DUP-00112,MEDICAL,Thermometer,Thermometer,FOLDER_NAME,UNCLASSIFIED,P1,NOT_REVIEWED,VERY_LOW,NO,,,UNKNOWN,resolution_class=VERY_LOW
AST-000420,/Users/fredrick/Documents/Vayva-Tech/vayva-polyrepo/123Design/Images & Videos,MEDICAL/Thermometer/Thermometer-2.jpg,Thermometer,MEDICAL,Thermometer-2.jpg,Thermometer-2,.jpg,,IMAGE,11229,0.0107,400,284,100:71,LANDSCAPE,,,,,,2015-11-04T01:42:42+00:00,2015-11-04T01:42:42+00:00,2015-11-04 01:42:42 +0000,,,,95391042f89530f5a6c838a9d85f882e22216f088a1599d2c338a7595ef44c51,DUP-00113,MEDICAL,Thermometer,Thermometer,FOLDER_NAME,UNCLASSIFIED,P1,NOT_REVIEWED,VERY_LOW,NO,,,UNKNOWN,resolution_class=VERY_LOW
AST-000421,/Users/fredrick/Documents/Vayva-Tech/vayva-polyrepo/123Design/Images & Videos,MILITARY/Armored Vehicle Camera/ArmoredVehicleCamera-1.jpg,Armored Vehicle Camera,MILITARY,ArmoredVehicleCamera-1.jpg,ArmoredVehicleCamera-1,.jpg,,IMAGE,48130,0.0459,660,274,330:137,LANDSCAPE,,,,,,2015-11-04T01:42:42+00:00,2015-11-04T01:42:42+00:00,2015-11-04 01:42:42 +0000,,,,c3078ef5463172749adc37038be70c522872aa3dbb5dbec50dca374aa8e988c8,DUP-00002,MILITARY,Armored Vehicle Camera,Armored Vehicle Camera,FOLDER_NAME,UNCLASSIFIED,P1,NOT_REVIEWED,VERY_LOW,NO,,,UNKNOWN,resolution_class=VERY_LOW
AST-000422,/Users/fredrick/Documents/Vayva-Tech/vayva-polyrepo/123Design/Images & Videos,MILITARY/Armored Vehicle Camera/ArmoredVehicleCamera-2.jpg,Armored Vehicle Camera,MILITARY,ArmoredVehicleCamera-2.jpg,ArmoredVehicleCamera-2,.jpg,,IMAGE,26200,0.025,400,284,100:71,LANDSCAPE,,,,,,2015-11-04T01:42:42+00:00,2015-11-04T01:42:42+00:00,2015-11-04 01:42:42 +0000,,,,80e743e3de727ae0fc01cfa145487464ec5b88339c84ccf04d071a8935c71477,DUP-00003,MILITARY,Armored Vehicle Camera,Armored Vehicle Camera,FOLDER_NAME,UNCLASSIFIED,P1,NOT_REVIEWED,VERY_LOW,NO,,,UNKNOWN,resolution_class=VERY_LOW
AST-000423,/Users/fredrick/Documents/Vayva-Tech/vayva-polyrepo/123Design/Images & Videos,MILITARY/Binoculars/Binoculars-1.jpg,Binoculars,MILITARY,Binoculars-1.jpg,Binoculars-1,.jpg,,IMAGE,19627,0.0187,660,274,330:137,LANDSCAPE,,,,,,2015-11-04T01:42:42+00:00,2015-11-04T01:42:42+00:00,2015-11-04 01:42:42 +0000,,,,0de2b587c5ae8291385fff6a5ac3ffaf9836dffdf217f1db11ec0f0e738ef28f,DUP-00004,MILITARY,Binoculars,Binoculars,FOLDER_NAME,UNCLASSIFIED,P1,NOT_REVIEWED,VERY_LOW,NO,,,UNKNOWN,resolution_class=VERY_LOW
AST-000424,/Users/fredrick/Documents/Vayva-Tech/vayva-polyrepo/123Design/Images & Videos,MILITARY/Binoculars/Binoculars-2.jpg,Binoculars,MILITARY,Binoculars-2.jpg,Binoculars-2,.jpg,,IMAGE,41431,0.0395,400,284,100:71,LANDSCAPE,,,,,,2015-11-04T01:42:43+00:00,2015-11-04T01:42:43+00:00,2010-07-08 21:02:09 +0000,,,,44127fe064b15e725ed3396d342da4d33a591dc2f8baf68fafb8c09973b17028,DUP-00005,MILITARY,Binoculars,Binoculars,FOLDER_NAME,UNCLASSIFIED,P1,NOT_REVIEWED,VERY_LOW,NO,,,UNKNOWN,resolution_class=VERY_LOW
AST-000425,/Users/fredrick/Documents/Vayva-Tech/vayva-polyrepo/123Design/Images & Videos,MILITARY/Bomb Squad Remote/bomb_squad_remote-1.jpg,Bomb Squad Remote,MILITARY,bomb_squad_remote-1.jpg,bomb_squad_remote-1,.jpg,,IMAGE,15153,0.0145,660,274,330:137,LANDSCAPE,,,,,,2015-11-04T01:42:43+00:00,2015-11-04T01:42:43+00:00,2015-11-04 01:42:43 +0000,,,,8cb994303614c54a196d7bd4d67a6fe5d0a28524cd5104780df3447ea79ed8a6,DUP-00131,MILITARY,Bomb Squad Remote,Bomb Squad Remote,FOLDER_NAME,UNCLASSIFIED,P1,NOT_REVIEWED,VERY_LOW,NO,,,UNKNOWN,resolution_class=VERY_LOW
AST-000426,/Users/fredrick/Documents/Vayva-Tech/vayva-polyrepo/123Design/Images & Videos,MILITARY/Bomb Squad Remote/bomb_squad_remote-2.jpg,Bomb Squad Remote,MILITARY,bomb_squad_remote-2.jpg,bomb_squad_remote-2,.jpg,,IMAGE,28324,0.027,400,284,100:71,LANDSCAPE,,,,,,2015-11-04T01:42:43+00:00,2015-11-04T01:42:43+00:00,2015-11-04 01:42:43 +0000,,,,25423311b6141ab0cb088265364b3dd16bf8f7f5c78b89eb966b7f03db85e30f,DUP-00132,MILITARY,Bomb Squad Remote,Bomb Squad Remote,FOLDER_NAME,UNCLASSIFIED,P1,NOT_REVIEWED,VERY_LOW,NO,,,UNKNOWN,resolution_class=VERY_LOW
AST-000427,/Users/fredrick/Documents/Vayva-Tech/vayva-polyrepo/123Design/Images & Videos,MILITARY/Bomb Squad Robot/Bomb_Squad_Robot-1.jpg,Bomb Squad Robot,MILITARY,Bomb_Squad_Robot-1.jpg,Bomb_Squad_Robot-1,.jpg,,IMAGE,19081,0.0182,660,274,330:137,LANDSCAPE,,,,,,2015-11-04T01:42:43+00:00,2015-11-04T01:42:43+00:00,2015-11-04 01:42:43 +0000,,,,924db7e4495b3b8269106c2a92873587af984c2af5268951a13e9b64e84509b1,DUP-00006,MILITARY,Bomb Squad Robot,Bomb Squad Robot,FOLDER_NAME,UNCLASSIFIED,P1,NOT_REVIEWED,VERY_LOW,NO,,,UNKNOWN,resolution_class=VERY_LOW
AST-000428,/Users/fredrick/Documents/Vayva-Tech/vayva-polyrepo/123Design/Images & Videos,MILITARY/Bomb Squad Robot/Bomb_Squad_Robot-2.jpg,Bomb Squad Robot,MILITARY,Bomb_Squad_Robot-2.jpg,Bomb_Squad_Robot-2,.jpg,,IMAGE,29628,0.0283,400,284,100:71,LANDSCAPE,,,,,,2015-11-04T01:42:43+00:00,2015-11-04T01:42:43+00:00,2015-11-04 01:42:43 +0000,,,,54267d1f90429c605f401fa6197c360232382610ad4eb2f6be90e7a539d748ce,DUP-00007,MILITARY,Bomb Squad Robot,Bomb Squad Robot,FOLDER_NAME,UNCLASSIFIED,P1,NOT_REVIEWED,VERY_LOW,NO,,,UNKNOWN,resolution_class=VERY_LOW
AST-000429,/Users/fredrick/Documents/Vayva-Tech/vayva-polyrepo/123Design/Images & Videos,MILITARY/Emergency Beacon/emergency_beacon-1.jpg,Emergency Beacon,MILITARY,emergency_beacon-1.jpg,emergency_beacon-1,.jpg,,IMAGE,48251,0.046,660,341,60:31,LANDSCAPE,,,,,,2015-11-04T01:42:43+00:00,2015-11-04T01:42:43+00:00,2015-11-04 01:42:43 +0000,,,,52e2b992dabc54c21cf7ffc87c4e3ca01cb92e170deefa2394a5847d828184d1,DUP-00153,MILITARY,Emergency Beacon,Emergency Beacon,FOLDER_NAME,UNCLASSIFIED,P1,NOT_REVIEWED,VERY_LOW,NO,,,UNKNOWN,resolution_class=VERY_LOW
AST-000430,/Users/fredrick/Documents/Vayva-Tech/vayva-polyrepo/123Design/Images & Videos,MILITARY/Emergency Beacon/emergency_beacon-2.jpg,Emergency Beacon,MILITARY,emergency_beacon-2.jpg,emergency_beacon-2,.jpg,,IMAGE,17577,0.0168,400,284,100:71,LANDSCAPE,,,,,,2015-11-04T01:42:43+00:00,2015-11-04T01:42:43+00:00,2015-11-04 01:42:43 +0000,,,,896b052c3fdfc63d0e4ba9439606c9e1400a6008d022fdc8ed634be670a888cd,DUP-00154,MILITARY,Emergency Beacon,Emergency Beacon,FOLDER_NAME,UNCLASSIFIED,P1,NOT_REVIEWED,VERY_LOW,NO,,,UNKNOWN,resolution_class=VERY_LOW
AST-000431,/Users/fredrick/Documents/Vayva-Tech/vayva-polyrepo/123Design/Images & Videos,MILITARY/Finger-Print Scanner/fps_1.jpg,Finger-Print Scanner,MILITARY,fps_1.jpg,fps_1,.jpg,,IMAGE,7515,0.0072,660,274,330:137,LANDSCAPE,,,,,,2015-11-04T01:42:43+00:00,2015-11-04T01:42:43+00:00,2015-11-04 01:42:43 +0000,,,,9b3111d5c1ca6d6fef1e7af6009b0f5317eeacf756ae33393fbf690814c81353,DUP-00159,MILITARY,Finger-Print Scanner,Finger-Print Scanner,FOLDER_NAME,UNCLASSIFIED,P1,NOT_REVIEWED,VERY_LOW,NO,,,UNKNOWN,resolution_class=VERY_LOW
AST-000432,/Users/fredrick/Documents/Vayva-Tech/vayva-polyrepo/123Design/Images & Videos,MILITARY/Finger-Print Scanner/fps_2.jpg,Finger-Print Scanner,MILITARY,fps_2.jpg,fps_2,.jpg,,IMAGE,74944,0.0715,400,284,100:71,LANDSCAPE,,,,,,2015-11-04T01:42:43+00:00,2015-11-04T01:42:43+00:00,2010-07-08 19:25:07 +0000,,,,08812cc8682f375120128eac8c322cf987c030c8cc727ef8a0b1bd74da67850f,DUP-00160,MILITARY,Finger-Print Scanner,Finger-Print Scanner,FOLDER_NAME,UNCLASSIFIED,P1,NOT_REVIEWED,VERY_LOW,NO,,,UNKNOWN,resolution_class=VERY_LOW
AST-000433,/Users/fredrick/Documents/Vayva-Tech/vayva-polyrepo/123Design/Images & Videos,MILITARY/Flight Box/flight_box-2.jpg,Flight Box,MILITARY,flight_box-2.jpg,flight_box-2,.jpg,,IMAGE,28685,0.0274,400,284,100:71,LANDSCAPE,,,,,,2015-11-04T01:42:43+00:00,2015-11-04T01:42:43+00:00,2015-11-04 01:42:43 +0000,,,,adaad50a5ae9139916e1c780bd7b86dbab8f15c944f17c6275c584878c1d3f07,DUP-00155,MILITARY,Flight Box,Flight Box,FOLDER_NAME,UNCLASSIFIED,P1,NOT_REVIEWED,VERY_LOW,NO,,,UNKNOWN,resolution_class=VERY_LOW
AST-000434,/Users/fredrick/Documents/Vayva-Tech/vayva-polyrepo/123Design/Images & Videos,MILITARY/Flight Box/flight_box.jpg,Flight Box,MILITARY,flight_box.jpg,flight_box,.jpg,,IMAGE,22549,0.0215,660,274,330:137,LANDSCAPE,,,,,,2015-11-04T01:42:43+00:00,2015-11-04T01:42:43+00:00,2015-11-04 01:42:43 +0000,,,,91cc2bdf2a3c0486505fde9c151196bbc106661489539604eb8273166f4ff4c2,DUP-00156,MILITARY,Flight Box,Flight Box,FOLDER_NAME,UNCLASSIFIED,P1,NOT_REVIEWED,VERY_LOW,NO,,,UNKNOWN,resolution_class=VERY_LOW
AST-000435,/Users/fredrick/Documents/Vayva-Tech/vayva-polyrepo/123Design/Images & Videos,MILITARY/Flight Planner/flight_planner-1.jpg,Flight Planner,MILITARY,flight_planner-1.jpg,flight_planner-1,.jpg,,IMAGE,95174,0.0908,660,274,330:137,LANDSCAPE,,,,,,2015-11-04T01:42:43+00:00,2015-11-04T01:42:43+00:00,2010-07-08 19:28:32 +0000,,,,6d9ba91f3ac397f2b0ced8e2db79182f2167f764fe98457c6e2c9093f18e61e3,DUP-00157,MILITARY,Flight Planner,Flight Planner,FOLDER_NAME,UNCLASSIFIED,P1,NOT_REVIEWED,VERY_LOW,NO,,,UNKNOWN,resolution_class=VERY_LOW
AST-000436,/Users/fredrick/Documents/Vayva-Tech/vayva-polyrepo/123Design/Images & Videos,MILITARY/Flight Planner/flight_planner-2.jpg,Flight Planner,MILITARY,flight_planner-2.jpg,flight_planner-2,.jpg,,IMAGE,107053,0.1021,400,284,100:71,LANDSCAPE,,,,,,2015-11-04T01:42:43+00:00,2015-11-04T01:42:43+00:00,2010-07-08 19:29:04 +0000,,,,a9a87c2849a88c88f71fde8e6c62c85939a0a0694cc1faa3199a0aaf4573f5b2,DUP-00158,MILITARY,Flight Planner,Flight Planner,FOLDER_NAME,UNCLASSIFIED,P1,NOT_REVIEWED,VERY_LOW,NO,,,UNKNOWN,resolution_class=VERY_LOW
AST-000437,/Users/fredrick/Documents/Vayva-Tech/vayva-polyrepo/123Design/Images & Videos,MILITARY/Gyrocam/Gyrocam-1.jpg,Gyrocam,MILITARY,Gyrocam-1.jpg,Gyrocam-1,.jpg,,IMAGE,41073,0.0392,660,274,330:137,LANDSCAPE,,,,,,2015-11-04T01:42:43+00:00,2015-11-04T01:42:43+00:00,2015-11-04 01:42:43 +0000,,,,a16aac5fd68ae4dcbe345fd5a4d7e6576d9bd8de85ab01fdb903444fbd888fd4,DUP-00037,MILITARY,Gyrocam,Gyrocam,FOLDER_NAME,UNCLASSIFIED,P1,NOT_REVIEWED,VERY_LOW,NO,,,UNKNOWN,resolution_class=VERY_LOW
AST-000438,/Users/fredrick/Documents/Vayva-Tech/vayva-polyrepo/123Design/Images & Videos,MILITARY/Gyrocam/Gyrocam-2.jpg,Gyrocam,MILITARY,Gyrocam-2.jpg,Gyrocam-2,.jpg,,IMAGE,14414,0.0137,400,284,100:71,LANDSCAPE,,,,,,2015-11-04T01:42:43+00:00,2015-11-04T01:42:43+00:00,2015-11-04 01:42:43 +0000,,,,89fd1e5daff9a52b99e16c7805fb9b75a6c770e98663b8533efdba739e61c585,DUP-00038,MILITARY,Gyrocam,Gyrocam,FOLDER_NAME,UNCLASSIFIED,P1,NOT_REVIEWED,VERY_LOW,NO,,,UNKNOWN,resolution_class=VERY_LOW
AST-000439,/Users/fredrick/Documents/Vayva-Tech/vayva-polyrepo/123Design/Images & Videos,MILITARY/Manpack/Manpack-1.jpg,Manpack,MILITARY,Manpack-1.jpg,Manpack-1,.jpg,,IMAGE,38893,0.0371,660,274,330:137,LANDSCAPE,,,,,,2015-11-04T01:42:43+00:00,2015-11-04T01:42:43+00:00,2015-11-04 01:42:43 +0000,,,,adefd4ff61e711ece0bef82920a9da06771d7ca6aa4bb1fc3cf0838b8e86b809,DUP-00059,MILITARY,Manpack,Manpack,FOLDER_NAME,UNCLASSIFIED,P1,NOT_REVIEWED,VERY_LOW,NO,,,UNKNOWN,resolution_class=VERY_LOW
AST-000440,/Users/fredrick/Documents/Vayva-Tech/vayva-polyrepo/123Design/Images & Videos,MILITARY/Manpack/Manpack-2.jpg,Manpack,MILITARY,Manpack-2.jpg,Manpack-2,.jpg,,IMAGE,34438,0.0328,400,284,100:71,LANDSCAPE,,,,,,2015-11-04T01:42:43+00:00,2015-11-04T01:42:43+00:00,2015-11-04 01:42:43 +0000,,,,225d62ae354d44b2894b476481cfa242047816c2dd1e2ea1f632093f336df058,DUP-00060,MILITARY,Manpack,Manpack,FOLDER_NAME,UNCLASSIFIED,P1,NOT_REVIEWED,VERY_LOW,NO,,,UNKNOWN,resolution_class=VERY_LOW
AST-000441,/Users/fredrick/Documents/Vayva-Tech/vayva-polyrepo/123Design/Images & Videos,MILITARY/Military Phone/military_phone-1.jpg,Military Phone,MILITARY,military_phone-1.jpg,military_phone-1,.jpg,,IMAGE,16415,0.0157,660,274,330:137,LANDSCAPE,,,,,,2015-11-04T01:42:43+00:00,2015-11-04T01:42:43+00:00,2015-11-04 01:42:43 +0000,,,,e747120f49d6a42cd94471689d50dbf6942c1f0ea576d48e3fa9d0315d472fb0,DUP-00199,MILITARY,Military Phone,Military Phone,FOLDER_NAME,UNCLASSIFIED,P1,NOT_REVIEWED,VERY_LOW,NO,,,UNKNOWN,resolution_class=VERY_LOW
AST-000442,/Users/fredrick/Documents/Vayva-Tech/vayva-polyrepo/123Design/Images & Videos,MILITARY/Military Phone/military_phone-2.jpg,Military Phone,MILITARY,military_phone-2.jpg,military_phone-2,.jpg,,IMAGE,44538,0.0425,400,284,100:71,LANDSCAPE,,,,,,2015-11-04T01:42:43+00:00,2015-11-04T01:42:43+00:00,2015-11-04 01:42:43 +0000,,,,74f763d8753aecc95bfcd81bcb1be822cd01e572320e89e9d540bd7efe067df9,DUP-00200,MILITARY,Military Phone,Military Phone,FOLDER_NAME,UNCLASSIFIED,P1,NOT_REVIEWED,VERY_LOW,NO,,,UNKNOWN,resolution_class=VERY_LOW
AST-000443,/Users/fredrick/Documents/Vayva-Tech/vayva-polyrepo/123Design/Images & Videos,MILITARY/POD for UAV/POD_1.jpg,POD for UAV,MILITARY,POD_1.jpg,POD_1,.jpg,,IMAGE,52291,0.0499,660,274,330:137,LANDSCAPE,,,,,,2015-11-04T01:42:43+00:00,2015-11-04T01:42:43+00:00,2015-11-04 01:42:43 +0000,,,,80b0d2194ef5152d4b5c9af4dac16b3a361c97392b7144f48ef3b20a9b667063,DUP-00073,MILITARY,POD for UAV,POD for UAV,FOLDER_NAME,UNCLASSIFIED,P1,NOT_REVIEWED,VERY_LOW,NO,,,UNKNOWN,resolution_class=VERY_LOW
AST-000444,/Users/fredrick/Documents/Vayva-Tech/vayva-polyrepo/123Design/Images & Videos,MILITARY/POD for UAV/POD_2.jpg,POD for UAV,MILITARY,POD_2.jpg,POD_2,.jpg,,IMAGE,136510,0.1302,400,284,100:71,LANDSCAPE,,,,,,2015-11-04T01:42:43+00:00,2015-11-04T01:42:43+00:00,2010-07-08 20:24:28 +0000,,,,1a9b09d0016e5bf3e3c27a7ebd56a7187b8e9ef50c7aee284de968987c87b81c,DUP-00074,MILITARY,POD for UAV,POD for UAV,FOLDER_NAME,UNCLASSIFIED,P1,NOT_REVIEWED,VERY_LOW,NO,,,UNKNOWN,resolution_class=VERY_LOW
AST-000445,/Users/fredrick/Documents/Vayva-Tech/vayva-polyrepo/123Design/Images & Videos,MILITARY/Rackmount Enclosure/Rackmount_Enclosure-1.jpg,Rackmount Enclosure,MILITARY,Rackmount_Enclosure-1.jpg,Rackmount_Enclosure-1,.jpg,,IMAGE,28651,0.0273,660,158,330:79,LANDSCAPE,,,,,,2015-11-04T01:42:43+00:00,2015-11-04T01:42:43+00:00,2015-11-04 01:42:43 +0000,,,,3928b6f52e8dca063252e0ce0c4c33492d3b8667ef95b0d00c9ef71491885e8b,DUP-00077,MILITARY,Rackmount Enclosure,Rackmount Enclosure,FOLDER_NAME,UNCLASSIFIED,P1,NOT_REVIEWED,VERY_LOW,NO,,,UNKNOWN,resolution_class=VERY_LOW
AST-000446,/Users/fredrick/Documents/Vayva-Tech/vayva-polyrepo/123Design/Images & Videos,MILITARY/Rackmount Enclosure/Rackmount_Enclosure-2.jpg,Rackmount Enclosure,MILITARY,Rackmount_Enclosure-2.jpg,Rackmount_Enclosure-2,.jpg,,IMAGE,72620,0.0693,400,284,100:71,LANDSCAPE,,,,,,2015-11-04T01:42:43+00:00,2015-11-04T01:42:43+00:00,2010-07-08 20:26:34 +0000,,,,50d93e9d8f3acd86f466b69f173afa342d5c5023acd9524bfc8761118c2a6ffe,DUP-00078,MILITARY,Rackmount Enclosure,Rackmount Enclosure,FOLDER_NAME,UNCLASSIFIED,P1,NOT_REVIEWED,VERY_LOW,NO,,,UNKNOWN,resolution_class=VERY_LOW
AST-000447,/Users/fredrick/Documents/Vayva-Tech/vayva-polyrepo/123Design/Images & Videos,MILITARY/Rifle Scope/Rifle_Scope-1.jpg,Rifle Scope,MILITARY,Rifle_Scope-1.jpg,Rifle_Scope-1,.jpg,,IMAGE,65611,0.0626,660,274,330:137,LANDSCAPE,,,,,,2015-11-04T01:42:43+00:00,2015-11-04T01:42:43+00:00,2010-07-08 20:59:06 +0000,,,,ef6904cdb09a64cfaacc587153f62034c3a1967dac6e3a12324eba9f4a97d0d8,DUP-00083,MILITARY,Rifle Scope,Rifle Scope,FOLDER_NAME,UNCLASSIFIED,P1,NOT_REVIEWED,VERY_LOW,NO,,,UNKNOWN,resolution_class=VERY_LOW
AST-000448,/Users/fredrick/Documents/Vayva-Tech/vayva-polyrepo/123Design/Images & Videos,MILITARY/Rifle Scope/Rifle_Scope-2.jpg,Rifle Scope,MILITARY,Rifle_Scope-2.jpg,Rifle_Scope-2,.jpg,,IMAGE,65222,0.0622,400,284,100:71,LANDSCAPE,,,,,,2015-11-04T01:42:43+00:00,2015-11-04T01:42:43+00:00,2010-07-08 20:59:42 +0000,,,,c6d32cf99adf8817fafc3a18fcfdfca095586f2e7ed19631dbfa20764424a5b1,DUP-00084,MILITARY,Rifle Scope,Rifle Scope,FOLDER_NAME,UNCLASSIFIED,P1,NOT_REVIEWED,VERY_LOW,NO,,,UNKNOWN,resolution_class=VERY_LOW
AST-000449,/Users/fredrick/Documents/Vayva-Tech/vayva-polyrepo/123Design/Images & Videos,MILITARY/Rugged Computer/Rugged_Computer-1.jpg,Rugged Computer,MILITARY,Rugged_Computer-1.jpg,Rugged_Computer-1,.jpg,,IMAGE,23517,0.0224,660,274,330:137,LANDSCAPE,,,,,,2015-11-04T01:42:43+00:00,2015-11-04T01:42:43+00:00,2015-11-04 01:42:43 +0000,,,,d5fe7532d8594eb2b527bf401293d20b1f70940f17c36ab39e7a651ed302b03c,DUP-00087,MILITARY,Rugged Computer,Rugged Computer,FOLDER_NAME,UNCLASSIFIED,P1,NOT_REVIEWED,VERY_LOW,NO,,,UNKNOWN,resolution_class=VERY_LOW
AST-000450,/Users/fredrick/Documents/Vayva-Tech/vayva-polyrepo/123Design/Images & Videos,MILITARY/Rugged Computer/Rugged_Computer-2.jpg,Rugged Computer,MILITARY,Rugged_Computer-2.jpg,Rugged_Computer-2,.jpg,,IMAGE,15641,0.0149,400,284,100:71,LANDSCAPE,,,,,,2015-11-04T01:42:43+00:00,2015-11-04T01:42:43+00:00,2015-11-04 01:42:43 +0000,,,,a150287d7924a566ac67ab77407a8a38f562555ed96bfee30d3d7d16bbea305d,DUP-00088,MILITARY,Rugged Computer,Rugged Computer,FOLDER_NAME,UNCLASSIFIED,P1,NOT_REVIEWED,VERY_LOW,NO,,,UNKNOWN,resolution_class=VERY_LOW
AST-000451,/Users/fredrick/Documents/Vayva-Tech/vayva-polyrepo/123Design/Images & Videos,MILITARY/Security Scanner/Commercia_img.jpg,Security Scanner,MILITARY,Commercia_img.jpg,Commercia_img,.jpg,,IMAGE,13320,0.0127,660,369,220:123,LANDSCAPE,,,,,,2015-11-04T01:42:43+00:00,2015-11-04T01:42:43+00:00,2015-11-04 01:42:43 +0000,,,,9e1efacaf729b5da7b62337fdc448fa74ca7ddefc16d5f5b61f6310deee3de92,DUP-00018,MILITARY,Security Scanner,Security Scanner,FOLDER_NAME,UNCLASSIFIED,P1,NOT_REVIEWED,VERY_LOW,NO,,,UNKNOWN,resolution_class=VERY_LOW
AST-000452,/Users/fredrick/Documents/Vayva-Tech/vayva-polyrepo/123Design/Images & Videos,MILITARY/Security Scanner/Security_Scanner-2.jpg,Security Scanner,MILITARY,Security_Scanner-2.jpg,Security_Scanner-2,.jpg,,IMAGE,8796,0.0084,400,284,100:71,LANDSCAPE,,,,,,2015-11-04T01:42:43+00:00,2015-11-04T01:42:43+00:00,2015-11-04 01:42:43 +0000,,,,bc57a53aac9f286ae82365a82ce3447cdbfe219806e548d7d16a1107bf2d7cee,DUP-00095,MILITARY,Security Scanner,Security Scanner,FOLDER_NAME,UNCLASSIFIED,P1,NOT_REVIEWED,VERY_LOW,NO,,,UNKNOWN,resolution_class=VERY_LOW
AST-000453,/Users/fredrick/Documents/Vayva-Tech/vayva-polyrepo/123Design/Images & Videos,MILITARY/Security Wand/security_wand-1.jpg,Security Wand,MILITARY,security_wand-1.jpg,security_wand-1,.jpg,,IMAGE,115547,0.1102,660,341,60:31,LANDSCAPE,,,,,,2015-11-04T01:42:43+00:00,2015-11-04T01:42:43+00:00,2015-11-04 01:42:43 +0000,,,,dca1dfe9b88db32c778c30a851c3d2d799fcaf5b9f261002974d7ef3cb95a26e,DUP-00235,MILITARY,Security Wand,Security Wand,FOLDER_NAME,UNCLASSIFIED,P1,NOT_REVIEWED,VERY_LOW,NO,,,UNKNOWN,resolution_class=VERY_LOW
AST-000454,/Users/fredrick/Documents/Vayva-Tech/vayva-polyrepo/123Design/Images & Videos,MILITARY/Security Wand/security_wand-2.jpg,Security Wand,MILITARY,security_wand-2.jpg,security_wand-2,.jpg,,IMAGE,35908,0.0342,400,284,100:71,LANDSCAPE,,,,,,2015-11-04T01:42:43+00:00,2015-11-04T01:42:43+00:00,2015-11-04 01:42:43 +0000,,,,bb18b888e928b50f0d043683168c06ba43d9fdd7a20925d19bb815f6a6b459b6,DUP-00236,MILITARY,Security Wand,Security Wand,FOLDER_NAME,UNCLASSIFIED,P1,NOT_REVIEWED,VERY_LOW,NO,,,UNKNOWN,resolution_class=VERY_LOW
AST-000455,/Users/fredrick/Documents/Vayva-Tech/vayva-polyrepo/123Design/Images & Videos,MILITARY/Suitcase/suitcase-1.jpg,Suitcase,MILITARY,suitcase-1.jpg,suitcase-1,.jpg,,IMAGE,29315,0.028,660,369,220:123,LANDSCAPE,,,,,,2015-11-04T01:42:43+00:00,2015-11-04T01:42:43+00:00,2015-11-04 01:42:43 +0000,,,,f6baf1210b52d5d748bc01ea98de2806e83153ea7b837529a69107c02438dd02,DUP-00243,MILITARY,Suitcase,Suitcase,FOLDER_NAME,UNCLASSIFIED,P1,NOT_REVIEWED,VERY_LOW,NO,,,UNKNOWN,resolution_class=VERY_LOW
AST-000456,/Users/fredrick/Documents/Vayva-Tech/vayva-polyrepo/123Design/Images & Videos,MILITARY/Suitcase/suitcase-2.jpg,Suitcase,MILITARY,suitcase-2.jpg,suitcase-2,.jpg,,IMAGE,26774,0.0255,400,284,100:71,LANDSCAPE,,,,,,2015-11-04T01:42:43+00:00,2015-11-04T01:42:43+00:00,2015-11-04 01:42:43 +0000,,,,e7afb84fd68b4717bcc26b92e5c68375f6f8559157706134ee2a6923c4a38c46,DUP-00244,MILITARY,Suitcase,Suitcase,FOLDER_NAME,UNCLASSIFIED,P1,NOT_REVIEWED,VERY_LOW,NO,,,UNKNOWN,resolution_class=VERY_LOW
AST-000457,/Users/fredrick/Documents/Vayva-Tech/vayva-polyrepo/123Design/Images & Videos,MILITARY/Tac-Eye Binocular/binocular_01.jpg,Tac-Eye Binocular,MILITARY,binocular_01.jpg,binocular_01,.jpg,,IMAGE,25114,0.024,660,310,66:31,LANDSCAPE,,,,,,2015-11-04T01:42:43+00:00,2015-11-04T01:42:43+00:00,2015-11-04 01:42:43 +0000,,,,8604d3c889180306b4a6e28222b3cb75aaf89c7aa059e3a204bfeaea5cbd5896,DUP-00129,MILITARY,Tac-Eye Binocular,Tac-Eye Binocular,FOLDER_NAME,UNCLASSIFIED,P1,NOT_REVIEWED,VERY_LOW,NO,,,UNKNOWN,resolution_class=VERY_LOW
AST-000458,/Users/fredrick/Documents/Vayva-Tech/vayva-polyrepo/123Design/Images & Videos,MILITARY/Tac-Eye Binocular/binocular_02.jpg,Tac-Eye Binocular,MILITARY,binocular_02.jpg,binocular_02,.jpg,,IMAGE,14124,0.0135,400,284,100:71,LANDSCAPE,,,,,,2015-11-04T01:42:43+00:00,2015-11-04T01:42:43+00:00,2015-11-04 01:42:43 +0000,,,,e4338610b4a1ee0d8f668329eef7a4e6a70d5a3dbe990c2f78394ce5b540319c,DUP-00130,MILITARY,Tac-Eye Binocular,Tac-Eye Binocular,FOLDER_NAME,UNCLASSIFIED,P1,NOT_REVIEWED,VERY_LOW,NO,,,UNKNOWN,resolution_class=VERY_LOW
AST-000459,/Users/fredrick/Documents/Vayva-Tech/vayva-polyrepo/123Design/Images & Videos,MILITARY/iaMedium/iaMedium-1.jpg,iaMedium,MILITARY,iaMedium-1.jpg,iaMedium-1,.jpg,,IMAGE,47631,0.0454,660,495,4:3,LANDSCAPE,,,,,,2015-11-04T01:42:43+00:00,2015-11-04T01:42:43+00:00,2015-11-04 01:42:43 +0000,,,,5dbe573fe774beee29565fa41777a88cbc41b6d3855313d533296da59f5ee933,DUP-00174,MILITARY,iaMedium,iaMedium,FOLDER_NAME,UNCLASSIFIED,P1,NOT_REVIEWED,VERY_LOW,NO,,,UNKNOWN,resolution_class=VERY_LOW
AST-000460,/Users/fredrick/Documents/Vayva-Tech/vayva-polyrepo/123Design/Images & Videos,MILITARY/iaMedium/iaMedium-3.jpg,iaMedium,MILITARY,iaMedium-3.jpg,iaMedium-3,.jpg,,IMAGE,20305,0.0194,400,300,4:3,LANDSCAPE,,,,,,2015-11-04T01:42:43+00:00,2015-11-04T01:42:43+00:00,2015-11-04 01:42:43 +0000,,,,bee2d7403007b55664ffafcfaa2e1611c409841c8679138cab8cd039796e4a2d,DUP-00176,MILITARY,iaMedium,iaMedium,FOLDER_NAME,UNCLASSIFIED,P1,NOT_REVIEWED,VERY_LOW,NO,,,UNKNOWN,resolution_class=VERY_LOW
AST-000461,/Users/fredrick/Documents/Vayva-Tech/vayva-polyrepo/123Design/Images & Videos,MISCELLANEOUS/Dubai International Boat Show/dubai_boat_show1.jpg,Dubai International Boat Show,MISCELLANEOUS,dubai_boat_show1.jpg,dubai_boat_show1,.jpg,,IMAGE,50383,0.048,660,401,660:401,LANDSCAPE,,,,,,2015-11-04T01:42:43+00:00,2015-11-04T01:42:43+00:00,2015-11-04 01:42:43 +0000,,,,167ad182be454c173ad9e06a2d7f09666e90187b1f6176ef8cef0c1f5ba2b68f,DUP-00148,MISCELLANEOUS,Dubai International Boat Show,Dubai International Boat Show,FOLDER_NAME,UNCLASSIFIED,P3,NOT_REVIEWED,VERY_LOW,NO,,,UNKNOWN,resolution_class=VERY_LOW
AST-000462,/Users/fredrick/Documents/Vayva-Tech/vayva-polyrepo/123Design/Images & Videos,MISCELLANEOUS/Dubai International Boat Show/dubai_boat_show2.jpg,Dubai International Boat Show,MISCELLANEOUS,dubai_boat_show2.jpg,dubai_boat_show2,.jpg,,IMAGE,48739,0.0465,660,401,660:401,LANDSCAPE,,,,,,2015-11-04T01:42:43+00:00,2015-11-04T01:42:43+00:00,2015-11-04 01:42:43 +0000,,,,7e386e459463600e520dadf486f9448abfec0e58f61a5719b0613e09006996cc,DUP-00149,MISCELLANEOUS,Dubai International Boat Show,Dubai International Boat Show,FOLDER_NAME,UNCLASSIFIED,P3,NOT_REVIEWED,VERY_LOW,NO,,,UNKNOWN,resolution_class=VERY_LOW
AST-000463,/Users/fredrick/Documents/Vayva-Tech/vayva-polyrepo/123Design/Images & Videos,MISCELLANEOUS/Dubai International Boat Show/dubai_boat_show3.jpg,Dubai International Boat Show,MISCELLANEOUS,dubai_boat_show3.jpg,dubai_boat_show3,.jpg,,IMAGE,47781,0.0456,660,401,660:401,LANDSCAPE,,,,,,2015-11-04T01:42:43+00:00,2015-11-04T01:42:43+00:00,2015-11-04 01:42:43 +0000,,,,ad65dd3f4f698c1f7e7ef1aad3c9bcb85a98683f56195f778a411a0bf8d5d558,DUP-00150,MISCELLANEOUS,Dubai International Boat Show,Dubai International Boat Show,FOLDER_NAME,UNCLASSIFIED,P3,NOT_REVIEWED,VERY_LOW,NO,,,UNKNOWN,resolution_class=VERY_LOW
AST-000464,/Users/fredrick/Documents/Vayva-Tech/vayva-polyrepo/123Design/Images & Videos,MISCELLANEOUS/Ladder Rack/ladderrack.jpg,Ladder Rack,MISCELLANEOUS,ladderrack.jpg,ladderrack,.jpg,,IMAGE,73441,0.07,660,523,660:523,LANDSCAPE,,,,,,2015-11-04T01:42:43+00:00,2015-11-04T01:42:43+00:00,2015-11-04 01:42:43 +0000,,,,83e6858bd7227ba04d88f35bf89f705006b4c0ef9b046a1147e14bc291a4f339,DUP-00191,MISCELLANEOUS,Ladder Rack,Ladder Rack,FOLDER_NAME,UNCLASSIFIED,P3,NOT_REVIEWED,VERY_LOW,NO,,,UNKNOWN,resolution_class=VERY_LOW
AST-000465,/Users/fredrick/Documents/Vayva-Tech/vayva-polyrepo/123Design/Images & Videos,MISCELLANEOUS/Ladder Rack/ladderrack2.jpg,Ladder Rack,MISCELLANEOUS,ladderrack2.jpg,ladderrack2,.jpg,,IMAGE,69380,0.0662,660,495,4:3,LANDSCAPE,,,,,,2015-11-04T01:42:43+00:00,2015-11-04T01:42:43+00:00,2015-11-04 01:42:43 +0000,,,,2e8176066330da1016ccd351139f293831f2bba80a8598e60a60a47b51c41369,DUP-00192,MISCELLANEOUS,Ladder Rack,Ladder Rack,FOLDER_NAME,UNCLASSIFIED,P3,NOT_REVIEWED,VERY_LOW,NO,,,UNKNOWN,resolution_class=VERY_LOW
AST-000466,/Users/fredrick/Documents/Vayva-Tech/vayva-polyrepo/123Design/Images & Videos,MISCELLANEOUS/iPad Cover/IPM-009_LR.jpg,iPad Cover,MISCELLANEOUS,IPM-009_LR.jpg,IPM-009_LR,.jpg,,IMAGE,36976,0.0353,660,440,3:2,LANDSCAPE,,,,,,2015-11-04T01:42:43+00:00,2015-11-04T01:42:43+00:00,2015-11-04 01:42:43 +0000,,,,d3edf1611d0dc9548d7f8f8e1437eb20d2a208987ce892d45d43a855e556d90d,DUP-00047,MISCELLANEOUS,iPad Cover,iPad Cover,FOLDER_NAME,UNCLASSIFIED,P3,NOT_REVIEWED,VERY_LOW,NO,,,UNKNOWN,resolution_class=VERY_LOW
AST-000467,/Users/fredrick/Documents/Vayva-Tech/vayva-polyrepo/123Design/Images & Videos,MISCELLANEOUS/iPad Cover/IPM-010_LR.jpg,iPad Cover,MISCELLANEOUS,IPM-010_LR.jpg,IPM-010_LR,.jpg,,IMAGE,65860,0.0628,660,513,220:171,LANDSCAPE,,,,,,2015-11-04T01:42:43+00:00,2015-11-04T01:42:43+00:00,2015-11-04 01:42:43 +0000,,,,601c8849638275f4495d46c843d66aab93df3ebf1ff7c369ba5aee2fdc99636e,DUP-00048,MISCELLANEOUS,iPad Cover,iPad Cover,FOLDER_NAME,UNCLASSIFIED,P3,NOT_REVIEWED,VERY_LOW,NO,,,UNKNOWN,resolution_class=VERY_LOW
AST-000468,/Users/fredrick/Documents/Vayva-Tech/vayva-polyrepo/123Design/Images & Videos,MISCELLANEOUS/iPad Cover/ipm-008_LR.jpg,iPad Cover,MISCELLANEOUS,ipm-008_LR.jpg,ipm-008_LR,.jpg,,IMAGE,65867,0.0628,660,511,660:511,LANDSCAPE,,,,,,2015-11-04T01:42:43+00:00,2015-11-04T01:42:43+00:00,2015-11-04 01:42:43 +0000,,,,3a5adbc21746abce6293dc3bcf5b45fcd4feeb973ec08ad3844f721309919789,DUP-00179,MISCELLANEOUS,iPad Cover,iPad Cover,FOLDER_NAME,UNCLASSIFIED,P3,NOT_REVIEWED,VERY_LOW,NO,,,UNKNOWN,resolution_class=VERY_LOW
AST-000469,/Users/fredrick/Documents/Vayva-Tech/vayva-polyrepo/123Design/Images & Videos,OLD/000.jpg,OLD,,000.jpg,000,.jpg,,IMAGE,3184126,3.0366,5100,3300,17:11,LANDSCAPE,,,,,,2015-11-02T21:45:18+00:00,2015-11-02T21:45:18+00:00,2014-06-26 17:37:57 +0000,,,,4980bbbbf9753bb3d6bcd23c56a3bd4f6441541871d7e24e02bba07917552bf6,,OLD,,,ROOT_FOLDER,UNCLASSIFIED,P3,NOT_REVIEWED,VERY_HIGH,NO,,,UNKNOWN,resolution_class=VERY_HIGH
AST-000470,/Users/fredrick/Documents/Vayva-Tech/vayva-polyrepo/123Design/Images & Videos,OLD/11.jpg,OLD,,11.jpg,11,.jpg,,IMAGE,4261631,4.0642,5100,3300,17:11,LANDSCAPE,,,,,,2015-11-02T21:50:02+00:00,2015-11-02T21:50:02+00:00,2015-02-25 08:58:32 +0000,,,,b67da8fb82d0dde2e25aaa7e467abeac44bde20ad1403238bca59b76ef6ce7ab,,OLD,,,ROOT_FOLDER,UNCLASSIFIED,P3,NOT_REVIEWED,VERY_HIGH,NO,,,UNKNOWN,resolution_class=VERY_HIGH
AST-000471,/Users/fredrick/Documents/Vayva-Tech/vayva-polyrepo/123Design/Images & Videos,OLD/110713-GLASS0.jpg,OLD,,110713-GLASS0.jpg,110713-GLASS0,.jpg,,IMAGE,5021974,4.7893,5100,3300,17:11,LANDSCAPE,,,,,,2015-11-02T20:14:36+00:00,2015-11-02T20:14:36+00:00,2013-07-11 12:35:09 +0000,,,,fa2a47f743b852ef299a5f2130c9602c834fa8adcb4cb94f44739aa35bb46f7f,,OLD,,,ROOT_FOLDER,UNCLASSIFIED,P3,NOT_REVIEWED,VERY_HIGH,NO,,,UNKNOWN,resolution_class=VERY_HIGH
AST-000472,/Users/fredrick/Documents/Vayva-Tech/vayva-polyrepo/123Design/Images & Videos,OLD/110713-GLASS2.jpg,OLD,,110713-GLASS2.jpg,110713-GLASS2,.jpg,,IMAGE,4009864,3.8241,5100,3300,17:11,LANDSCAPE,,,,,,2015-11-02T20:14:38+00:00,2015-11-02T20:14:38+00:00,2013-07-12 14:54:40 +0000,,,,911e7c1a0617a249648f321a7811bf970aae51d5844c6d81002cfbdec5584eda,,OLD,,,ROOT_FOLDER,UNCLASSIFIED,P3,NOT_REVIEWED,VERY_HIGH,NO,,,UNKNOWN,resolution_class=VERY_HIGH
AST-000473,/Users/fredrick/Documents/Vayva-Tech/vayva-polyrepo/123Design/Images & Videos,OLD/12.jpg,OLD,,12.jpg,12,.jpg,,IMAGE,211481,0.2017,1400,1200,7:6,LANDSCAPE,,,,,,2015-11-02T15:43:36+00:00,2015-11-02T15:43:36+00:00,2015-11-02 15:43:36 +0000,,,,1104a25510d809e4fbf82b12921417dfaebe61bda518b5475b2944117d4dd843,,OLD,,,ROOT_FOLDER,UNCLASSIFIED,P3,NOT_REVIEWED,LOW,NO,,,UNKNOWN,resolution_class=LOW
AST-000474,/Users/fredrick/Documents/Vayva-Tech/vayva-polyrepo/123Design/Images & Videos,OLD/123_design_blog_new_products_1-(1).jpg,OLD,,123_design_blog_new_products_1-(1).jpg,123_design_blog_new_products_1-(1),.jpg,,IMAGE,81412,0.0776,576,576,1:1,SQUARE,,,,,,2019-08-16T22:25:38+00:00,2019-08-16T22:25:38+00:00,2019-08-16 22:25:38 +0000,,,,9193bfa56678ac109ad398e5f9d163618b8639df929d2c35ee230e677dc09b61,,OLD,,,ROOT_FOLDER,UNCLASSIFIED,P3,NOT_REVIEWED,VERY_LOW,NO,,,UNKNOWN,resolution_class=VERY_LOW
AST-000475,/Users/fredrick/Documents/Vayva-Tech/vayva-polyrepo/123Design/Images & Videos,OLD/13 (2) - Copy - Copy.jpg,OLD,,13 (2) - Copy - Copy.jpg,13 (2) - Copy - Copy,.jpg,,IMAGE,2364309,2.2548,3000,1800,5:3,LANDSCAPE,,,,,,2015-11-04T01:36:30+00:00,2015-11-04T01:36:30+00:00,2015-11-04 01:36:30 +0000,,,,b8462b6b63ede8cceb9ead2be731b2d9586b034c86eef9403cdcc912eed3c5f3,DUP-00267,OLD,,,ROOT_FOLDER,UNCLASSIFIED,P3,NOT_REVIEWED,MEDIUM,NO,,,UNKNOWN,resolution_class=MEDIUM
AST-000476,/Users/fredrick/Documents/Vayva-Tech/vayva-polyrepo/123Design/Images & Videos,OLD/13 (2) - Copy.jpg,OLD,,13 (2) - Copy.jpg,13 (2) - Copy,.jpg,,IMAGE,2364309,2.2548,3000,1800,5:3,LANDSCAPE,,,,,,2015-11-04T01:36:30+00:00,2015-11-04T01:36:30+00:00,2015-11-04 01:36:30 +0000,,,,b8462b6b63ede8cceb9ead2be731b2d9586b034c86eef9403cdcc912eed3c5f3,DUP-00267,OLD,,,ROOT_FOLDER,UNCLASSIFIED,P3,NOT_REVIEWED,MEDIUM,NO,,,UNKNOWN,resolution_class=MEDIUM
AST-000477,/Users/fredrick/Documents/Vayva-Tech/vayva-polyrepo/123Design/Images & Videos,OLD/13 (2).jpg,OLD,,13 (2).jpg,13 (2),.jpg,,IMAGE,2364309,2.2548,3000,1800,5:3,LANDSCAPE,,,,,,2015-11-04T01:36:30+00:00,2015-11-04T01:36:30+00:00,2015-11-04 01:36:30 +0000,,,,b8462b6b63ede8cceb9ead2be731b2d9586b034c86eef9403cdcc912eed3c5f3,DUP-00267,OLD,,,ROOT_FOLDER,UNCLASSIFIED,P3,NOT_REVIEWED,MEDIUM,NO,,,UNKNOWN,resolution_class=MEDIUM
AST-000478,/Users/fredrick/Documents/Vayva-Tech/vayva-polyrepo/123Design/Images & Videos,OLD/13.jpg,OLD,,13.jpg,13,.jpg,,IMAGE,2890525,2.7566,5100,3300,17:11,LANDSCAPE,,,,,,2015-11-02T21:50:04+00:00,2015-11-02T21:50:04+00:00,2015-02-25 08:59:35 +0000,,,,4657b7768c42d944898cd7645545258236bba361c22108851977bbfbff8bf55b,,OLD,,,ROOT_FOLDER,UNCLASSIFIED,P3,NOT_REVIEWED,VERY_HIGH,NO,,,UNKNOWN,resolution_class=VERY_HIGH
AST-000479,/Users/fredrick/Documents/Vayva-Tech/vayva-polyrepo/123Design/Images & Videos,OLD/14 - Copy - Copy.jpg,OLD,,14 - Copy - Copy.jpg,14 - Copy - Copy,.jpg,,IMAGE,2240529,2.1367,3000,1800,5:3,LANDSCAPE,,,,,,2015-11-04T01:36:30+00:00,2015-11-04T01:36:30+00:00,2015-11-04 01:36:30 +0000,,,,9a58ffac50a66970112b2128f8369de2a034a1416a314551231b6d029b50675f,DUP-00268,OLD,,,ROOT_FOLDER,UNCLASSIFIED,P3,NOT_REVIEWED,MEDIUM,NO,,,UNKNOWN,resolution_class=MEDIUM
AST-000480,/Users/fredrick/Documents/Vayva-Tech/vayva-polyrepo/123Design/Images & Videos,OLD/14 - Copy.jpg,OLD,,14 - Copy.jpg,14 - Copy,.jpg,,IMAGE,2240529,2.1367,3000,1800,5:3,LANDSCAPE,,,,,,2015-11-04T01:36:30+00:00,2015-11-04T01:36:30+00:00,2015-11-04 01:36:30 +0000,,,,9a58ffac50a66970112b2128f8369de2a034a1416a314551231b6d029b50675f,DUP-00268,OLD,,,ROOT_FOLDER,UNCLASSIFIED,P3,NOT_REVIEWED,MEDIUM,NO,,,UNKNOWN,resolution_class=MEDIUM
AST-000481,/Users/fredrick/Documents/Vayva-Tech/vayva-polyrepo/123Design/Images & Videos,OLD/14.jpg,OLD,,14.jpg,14,.jpg,,IMAGE,2240529,2.1367,3000,1800,5:3,LANDSCAPE,,,,,,2015-11-04T01:36:30+00:00,2015-11-04T01:36:30+00:00,2015-11-04 01:36:30 +0000,,,,9a58ffac50a66970112b2128f8369de2a034a1416a314551231b6d029b50675f,DUP-00268,OLD,,,ROOT_FOLDER,UNCLASSIFIED,P3,NOT_REVIEWED,MEDIUM,NO,,,UNKNOWN,resolution_class=MEDIUM
AST-000482,/Users/fredrick/Documents/Vayva-Tech/vayva-polyrepo/123Design/Images & Videos,OLD/1full.jpg,OLD,,1full.jpg,1full,.jpg,,IMAGE,121481,0.1159,675,900,3:4,PORTRAIT,,,,,,2015-11-02T13:48:12+00:00,2015-11-02T13:48:12+00:00,2015-11-02 13:48:12 +0000,,,,a3633d822ad3707110b545873b17af2917af20ed8db06fbf0d70a799366a6bab,,OLD,,,ROOT_FOLDER,UNCLASSIFIED,P3,NOT_REVIEWED,LOW,NO,,,UNKNOWN,resolution_class=LOW
AST-000483,/Users/fredrick/Documents/Vayva-Tech/vayva-polyrepo/123Design/Images & Videos,OLD/2.jpg,OLD,,2.jpg,2,.jpg,,IMAGE,299860,0.286,1400,1200,7:6,LANDSCAPE,,,,,,2015-11-02T15:43:38+00:00,2015-11-02T15:43:38+00:00,2015-11-02 15:43:38 +0000,,,,69564b8e2a65e51b39bdd6f27027fd1a95dd6252f43cdf3b8082173f6120a814,,OLD,,,ROOT_FOLDER,UNCLASSIFIED,P3,NOT_REVIEWED,LOW,NO,,,UNKNOWN,resolution_class=LOW
AST-000484,/Users/fredrick/Documents/Vayva-Tech/vayva-polyrepo/123Design/Images & Videos,OLD/3.jpg,OLD,,3.jpg,3,.jpg,,IMAGE,579024,0.5522,1400,1200,7:6,LANDSCAPE,,,,,,2015-11-02T15:43:38+00:00,2015-11-02T15:43:38+00:00,2015-11-02 15:43:38 +0000,,,,3b75e41f0e0eaaa221ab830d8707b566bb4e5e64eb2bc9c42ed7407c16779452,,OLD,,,ROOT_FOLDER,UNCLASSIFIED,P3,NOT_REVIEWED,LOW,NO,,,UNKNOWN,resolution_class=LOW
AST-000485,/Users/fredrick/Documents/Vayva-Tech/vayva-polyrepo/123Design/Images & Videos,OLD/4.jpg,OLD,,4.jpg,4,.jpg,,IMAGE,3043196,2.9022,5100,3300,17:11,LANDSCAPE,,,,,,2015-11-02T21:50:04+00:00,2015-11-02T21:50:04+00:00,2015-02-25 08:56:06 +0000,,,,bdc75fda83b769ecfc7596dbe966a345101d6f7e76adcb1c03687c3cbe14951e,,OLD,,,ROOT_FOLDER,UNCLASSIFIED,P3,NOT_REVIEWED,VERY_HIGH,NO,,,UNKNOWN,resolution_class=VERY_HIGH
AST-000486,/Users/fredrick/Documents/Vayva-Tech/vayva-polyrepo/123Design/Images & Videos,OLD/444.jpg,OLD,,444.jpg,444,.jpg,,IMAGE,2909279,2.7745,5100,3300,17:11,LANDSCAPE,,,,,,2015-11-02T21:45:20+00:00,2015-11-02T21:45:20+00:00,2014-06-26 18:11:39 +0000,,,,1358e228e7a42b1c7924b2cb780a2ff05bef62ea7cdcefb6621704b9a9f4d183,,OLD,,,ROOT_FOLDER,UNCLASSIFIED,P3,NOT_REVIEWED,VERY_HIGH,NO,,,UNKNOWN,resolution_class=VERY_HIGH
AST-000487,/Users/fredrick/Documents/Vayva-Tech/vayva-polyrepo/123Design/Images & Videos,OLD/5.jpg,OLD,,5.jpg,5,.jpg,,IMAGE,3750754,3.577,5100,3300,17:11,LANDSCAPE,,,,,,2015-11-02T21:50:06+00:00,2015-11-02T21:50:06+00:00,2015-02-25 08:56:22 +0000,,,,b9ab0c3cdf5a6b9965d94fe0ec70d7f153abdd5d894675d323a7817c6b4439e9,,OLD,,,ROOT_FOLDER,UNCLASSIFIED,P3,NOT_REVIEWED,VERY_HIGH,NO,,,UNKNOWN,resolution_class=VERY_HIGH
AST-000488,/Users/fredrick/Documents/Vayva-Tech/vayva-polyrepo/123Design/Images & Videos,OLD/5.png,OLD,,5.png,5,.png,,IMAGE,9204916,8.7785,1600,1200,4:3,LANDSCAPE,,,,,,2017-12-13T17:17:20+00:00,2017-12-13T17:17:20+00:00,2017-12-13 17:17:20 +0000,,,,a912fede1139fe3d479df6c5273aa6d7c300519b65a57e115f8db639333fc17b,DUP-00269,OLD,,,ROOT_FOLDER,UNCLASSIFIED,P3,NOT_REVIEWED,LOW,NO,,,UNKNOWN,resolution_class=LOW
AST-000489,/Users/fredrick/Documents/Vayva-Tech/vayva-polyrepo/123Design/Images & Videos,OLD/6.png,OLD,,6.png,6,.png,,IMAGE,1298108,1.238,1600,1200,4:3,LANDSCAPE,,,,,,2017-12-13T17:21:44+00:00,2017-12-13T17:21:44+00:00,2017-12-13 17:21:44 +0000,,,,9d55f4f187bc532eb98479b8fcd3751c6d582951c0d6c5a80b4c9782121c5a04,,OLD,,,ROOT_FOLDER,UNCLASSIFIED,P3,NOT_REVIEWED,LOW,NO,,,UNKNOWN,resolution_class=LOW
AST-000490,/Users/fredrick/Documents/Vayva-Tech/vayva-polyrepo/123Design/Images & Videos,OLD/7.jpg,OLD,,7.jpg,7,.jpg,,IMAGE,4193624,3.9994,5100,3300,17:11,LANDSCAPE,,,,,,2015-11-02T21:50:06+00:00,2015-11-02T21:50:06+00:00,2015-02-25 08:57:08 +0000,,,,2f787393ef08acf700dcda9c8f8ff8b2d4aa3d2c08ae736c562e81072ff17276,,OLD,,,ROOT_FOLDER,UNCLASSIFIED,P3,NOT_REVIEWED,VERY_HIGH,NO,,,UNKNOWN,resolution_class=VERY_HIGH
AST-000491,/Users/fredrick/Documents/Vayva-Tech/vayva-polyrepo/123Design/Images & Videos,OLD/7.png,OLD,,7.png,7,.png,,IMAGE,1358976,1.296,1600,1200,4:3,LANDSCAPE,,,,,,2017-12-13T17:23:44+00:00,2017-12-13T17:23:44+00:00,2017-12-13 17:23:44 +0000,,,,d664989f66071bcee7523da66a4cd065ff59d3e74553ac8bab6ca47aef029636,,OLD,,,ROOT_FOLDER,UNCLASSIFIED,P3,NOT_REVIEWED,LOW,NO,,,UNKNOWN,resolution_class=LOW
AST-000492,/Users/fredrick/Documents/Vayva-Tech/vayva-polyrepo/123Design/Images & Videos,OLD/8.jpg,OLD,,8.jpg,8,.jpg,,IMAGE,4484681,4.2769,5100,3300,17:11,LANDSCAPE,,,,,,2015-11-02T21:50:08+00:00,2015-11-02T21:50:08+00:00,2015-02-25 08:57:26 +0000,,,,d87b3dc17541e22e0d5a80e972a1d32b46aa590f119f9c09ed6dee6474dd1c05,,OLD,,,ROOT_FOLDER,UNCLASSIFIED,P3,NOT_REVIEWED,VERY_HIGH,NO,,,UNKNOWN,resolution_class=VERY_HIGH
AST-000493,/Users/fredrick/Documents/Vayva-Tech/vayva-polyrepo/123Design/Images & Videos,OLD/8.png,OLD,,8.png,8,.png,,IMAGE,1438627,1.372,1600,1200,4:3,LANDSCAPE,,,,,,2017-12-13T17:38:28+00:00,2017-12-13T17:38:28+00:00,2017-12-13 17:38:28 +0000,,,,476f083b4cf4f0f311a2bed9102211c237d317698f7ac70e8db3d83740d109cd,,OLD,,,ROOT_FOLDER,UNCLASSIFIED,P3,NOT_REVIEWED,LOW,NO,,,UNKNOWN,resolution_class=LOW
AST-000494,/Users/fredrick/Documents/Vayva-Tech/vayva-polyrepo/123Design/Images & Videos,OLD/9.jpg,OLD,,9.jpg,9,.jpg,,IMAGE,2874014,2.7409,5100,3300,17:11,LANDSCAPE,,,,,,2015-11-02T21:50:08+00:00,2015-11-02T21:50:08+00:00,2015-02-25 08:57:41 +0000,,,,6462df05751f3cc789f6c3395a903cda7dac57cd083346a1956f864e357f84db,,OLD,,,ROOT_FOLDER,UNCLASSIFIED,P3,NOT_REVIEWED,VERY_HIGH,NO,,,UNKNOWN,resolution_class=VERY_HIGH
AST-000495,/Users/fredrick/Documents/Vayva-Tech/vayva-polyrepo/123Design/Images & Videos,OLD/ADAGIO/1images.jpg,ADAGIO,OLD,1images.jpg,1images,.jpg,,IMAGE,6263,0.006,358,141,358:141,LANDSCAPE,,,,,,2019-08-16T18:04:15+00:00,2019-08-16T18:04:15+00:00,2019-08-16 18:04:15 +0000,,,,055a8edeaa5c8039ee06c6e73154228b4900ec14da990961c94484d92bb2810e,DUP-00270,OLD,ADAGIO,ADAGIO,FOLDER_NAME,UNCLASSIFIED,P3,NOT_REVIEWED,VERY_LOW,NO,,,UNKNOWN,resolution_class=VERY_LOW
AST-000496,/Users/fredrick/Documents/Vayva-Tech/vayva-polyrepo/123Design/Images & Videos,OLD/ADAGIO/929200613825.jpg,ADAGIO,OLD,929200613825.jpg,929200613825,.jpg,,IMAGE,11975,0.0114,400,275,16:11,LANDSCAPE,,,,,,2019-08-16T18:12:05+00:00,2019-08-16T18:12:05+00:00,2019-08-16 18:12:05 +0000,,,,c40277be2b7348d33d056912c0f10b21c78610e575bc5e15067f83891230939f,,OLD,ADAGIO,ADAGIO,FOLDER_NAME,UNCLASSIFIED,P3,NOT_REVIEWED,VERY_LOW,NO,,,UNKNOWN,resolution_class=VERY_LOW
AST-000497,/Users/fredrick/Documents/Vayva-Tech/vayva-polyrepo/123Design/Images & Videos,OLD/ADAGIO/crestron-adagio-aes-multi-room-audio-system-6-zones-D_NQ_NP_741179-MLB26952545296_032018-F.jpg,ADAGIO,OLD,crestron-adagio-aes-multi-room-audio-system-6-zones-D_NQ_NP_741179-MLB26952545296_032018-F.jpg,crestron-adagio-aes-multi-room-audio-system-6-zones-D_NQ_NP_741179-MLB26952545296_032018-F,.jpg,,IMAGE,32742,0.0312,500,332,125:83,LANDSCAPE,,,,,,2019-08-16T18:05:42+00:00,2019-08-16T18:05:42+00:00,2019-08-16 18:05:42 +0000,,,,7a6ab091ce6a3b629ab71b575ebdb2c437cf89e658295dd5902de0778cd0a169,,OLD,ADAGIO,ADAGIO,FOLDER_NAME,UNCLASSIFIED,P3,NOT_REVIEWED,VERY_LOW,NO,,,UNKNOWN,resolution_class=VERY_LOW
AST-000498,/Users/fredrick/Documents/Vayva-Tech/vayva-polyrepo/123Design/Images & Videos,OLD/ADAGIO/e73eb6ff-7657-40f7-ba6b-f0b7c4c7933e.jpg,ADAGIO,OLD,e73eb6ff-7657-40f7-ba6b-f0b7c4c7933e.jpg,e73eb6ff-7657-40f7-ba6b-f0b7c4c7933e,.jpg,,IMAGE,39642,0.0378,1024,512,2:1,LANDSCAPE,,,,,,2019-08-16T18:05:11+00:00,2019-08-16T18:05:11+00:00,2019-08-16 18:05:11 +0000,,,,decdca684cf6c67dd2dbad66cd93082fb66bba8a23111112c171b0d26cd49a6a,,OLD,ADAGIO,ADAGIO,FOLDER_NAME,UNCLASSIFIED,P3,NOT_REVIEWED,LOW,NO,,,UNKNOWN,resolution_class=LOW
AST-000499,/Users/fredrick/Documents/Vayva-Tech/vayva-polyrepo/123Design/Images & Videos,OLD/ADAGIO/s-l300.jpg,ADAGIO,OLD,s-l300.jpg,s-l300,.jpg,,IMAGE,11235,0.0107,300,169,300:169,LANDSCAPE,,,,,,2019-08-16T18:07:00+00:00,2019-08-16T18:07:00+00:00,2019-08-16 18:07:00 +0000,,,,a7917dfc3ade05164d26d77fa9ab2fb59d03aa81c9894a9dca2477d4ed116e1a,,OLD,ADAGIO,ADAGIO,FOLDER_NAME,UNCLASSIFIED,P3,NOT_REVIEWED,VERY_LOW,NO,,,UNKNOWN,resolution_class=VERY_LOW
AST-000500,/Users/fredrick/Documents/Vayva-Tech/vayva-polyrepo/123Design/Images & Videos,OLD/AIL-R020 - Copy - Copy.jpg,OLD,,AIL-R020 - Copy - Copy.jpg,AIL-R020 - Copy - Copy,.jpg,,IMAGE,378601,0.3611,1600,1200,4:3,LANDSCAPE,,,,,,2015-11-02T12:48:26+00:00,2015-11-02T12:48:26+00:00,2015-11-02 12:48:26 +0000,,,,77926efaf21076ccd731a85a369a25f6e792f38828b18095a4a4d0cdd0fa9755,DUP-00271,OLD,,,ROOT_FOLDER,UNCLASSIFIED,P3,NOT_REVIEWED,LOW,NO,,,UNKNOWN,resolution_class=LOW
AST-000501,/Users/fredrick/Documents/Vayva-Tech/vayva-polyrepo/123Design/Images & Videos,OLD/AIL-R020 - Copy.jpg,OLD,,AIL-R020 - Copy.jpg,AIL-R020 - Copy,.jpg,,IMAGE,378601,0.3611,1600,1200,4:3,LANDSCAPE,,,,,,2015-11-02T12:48:26+00:00,2015-11-02T12:48:26+00:00,2015-11-02 12:48:26 +0000,,,,77926efaf21076ccd731a85a369a25f6e792f38828b18095a4a4d0cdd0fa9755,DUP-00271,OLD,,,ROOT_FOLDER,UNCLASSIFIED,P3,NOT_REVIEWED,LOW,NO,,,UNKNOWN,resolution_class=LOW
AST-000502,/Users/fredrick/Documents/Vayva-Tech/vayva-polyrepo/123Design/Images & Videos,OLD/AIL-R020.jpg,OLD,,AIL-R020.jpg,AIL-R020,.jpg,,IMAGE,378601,0.3611,1600,1200,4:3,LANDSCAPE,,,,,,2015-11-02T12:48:26+00:00,2015-11-02T12:48:26+00:00,2015-11-02 12:48:26 +0000,,,,77926efaf21076ccd731a85a369a25f6e792f38828b18095a4a4d0cdd0fa9755,DUP-00271,OLD,,,ROOT_FOLDER,UNCLASSIFIED,P3,NOT_REVIEWED,LOW,NO,,,UNKNOWN,resolution_class=LOW
AST-000503,/Users/fredrick/Documents/Vayva-Tech/vayva-polyrepo/123Design/Images & Videos,OLD/AIL-R022.JPG,OLD,,AIL-R022.JPG,AIL-R022,.jpg,,IMAGE,366620,0.3496,1600,1200,4:3,LANDSCAPE,,,,,,2015-11-02T12:48:26+00:00,2015-11-02T12:48:26+00:00,2015-11-02 12:48:26 +0000,,,,1cbbc589e3b449d0660aaa5280254a3d8000eee566e555ce18c5c8709c5d34a1,,OLD,,,ROOT_FOLDER,UNCLASSIFIED,P3,NOT_REVIEWED,LOW,NO,,,UNKNOWN,resolution_class=LOW
AST-000504,/Users/fredrick/Documents/Vayva-Tech/vayva-polyrepo/123Design/Images & Videos,OLD/AIL-R028.JPG,OLD,,AIL-R028.JPG,AIL-R028,.jpg,,IMAGE,1203204,1.1475,2258,1500,1129:750,LANDSCAPE,,,,,,2015-11-02T12:48:28+00:00,2015-11-02T12:48:28+00:00,2015-11-02 12:48:28 +0000,,,,3e0d76fea25561220a50274e4368ff6b0fbfa2317f0b2c638369c56f10723a3d,DUP-00272,OLD,,,ROOT_FOLDER,UNCLASSIFIED,P3,NOT_REVIEWED,MEDIUM,NO,,,UNKNOWN,resolution_class=MEDIUM
AST-000505,/Users/fredrick/Documents/Vayva-Tech/vayva-polyrepo/123Design/Images & Videos,OLD/AIL-R029 - Copy - Copy.JPG,OLD,,AIL-R029 - Copy - Copy.JPG,AIL-R029 - Copy - Copy,.jpg,,IMAGE,271946,0.2593,1024,682,512:341,LANDSCAPE,,,,,,2015-11-02T12:48:28+00:00,2015-11-02T12:48:28+00:00,2015-11-02 12:48:28 +0000,,,,222ce18ea25cdf0dd90dff5597ac50ac1c9b21bce5f3f713c643015ef9e686a2,DUP-00273,OLD,,,ROOT_FOLDER,UNCLASSIFIED,P3,NOT_REVIEWED,LOW,NO,,,UNKNOWN,resolution_class=LOW
AST-000506,/Users/fredrick/Documents/Vayva-Tech/vayva-polyrepo/123Design/Images & Videos,OLD/AIL-R029 - Copy.JPG,OLD,,AIL-R029 - Copy.JPG,AIL-R029 - Copy,.jpg,,IMAGE,271946,0.2593,1024,682,512:341,LANDSCAPE,,,,,,2015-11-02T12:48:28+00:00,2015-11-02T12:48:28+00:00,2015-11-02 12:48:28 +0000,,,,222ce18ea25cdf0dd90dff5597ac50ac1c9b21bce5f3f713c643015ef9e686a2,DUP-00273,OLD,,,ROOT_FOLDER,UNCLASSIFIED,P3,NOT_REVIEWED,LOW,NO,,,UNKNOWN,resolution_class=LOW
AST-000507,/Users/fredrick/Documents/Vayva-Tech/vayva-polyrepo/123Design/Images & Videos,OLD/AIL-R029.JPG,OLD,,AIL-R029.JPG,AIL-R029,.jpg,,IMAGE,271946,0.2593,1024,682,512:341,LANDSCAPE,,,,,,2015-11-02T12:48:28+00:00,2015-11-02T12:48:28+00:00,2015-11-02 12:48:28 +0000,,,,222ce18ea25cdf0dd90dff5597ac50ac1c9b21bce5f3f713c643015ef9e686a2,DUP-00273,OLD,,,ROOT_FOLDER,UNCLASSIFIED,P3,NOT_REVIEWED,LOW,NO,,,UNKNOWN,resolution_class=LOW
AST-000508,/Users/fredrick/Documents/Vayva-Tech/vayva-polyrepo/123Design/Images & Videos,OLD/AIM-003.JPG,OLD,,AIM-003.JPG,AIM-003,.jpg,,IMAGE,370737,0.3536,1600,1000,8:5,LANDSCAPE,,,,,,2015-11-02T12:55:42+00:00,2015-11-02T12:55:42+00:00,2015-11-02 12:55:42 +0000,,,,552625c4f472bfa9772f17be819932f12eac8f34404b9c404325f7da283f72a4,,OLD,,,ROOT_FOLDER,UNCLASSIFIED,P3,NOT_REVIEWED,LOW,NO,,,UNKNOWN,resolution_class=LOW
AST-000509,/Users/fredrick/Documents/Vayva-Tech/vayva-polyrepo/123Design/Images & Videos,OLD/AIM-R034.JPG,OLD,,AIM-R034.JPG,AIM-R034,.jpg,,IMAGE,950181,0.9062,1600,1600,1:1,SQUARE,,,,,,2015-11-02T12:56:02+00:00,2015-11-02T12:56:02+00:00,2015-11-02 12:56:02 +0000,,,,dc31c266d72c66da4960e399c6fb0a3c7bd22fd82e3675863e3495726685de15,,OLD,,,ROOT_FOLDER,UNCLASSIFIED,P3,NOT_REVIEWED,MEDIUM,NO,,,UNKNOWN,resolution_class=MEDIUM
AST-000510,/Users/fredrick/Documents/Vayva-Tech/vayva-polyrepo/123Design/Images & Videos,OLD/AIM-R037.jpg,OLD,,AIM-R037.jpg,AIM-R037,.jpg,,IMAGE,1260474,1.2021,4989,3300,1663:1100,LANDSCAPE,,,,,,2015-11-02T12:56:06+00:00,2015-11-02T12:56:06+00:00,2012-09-26 16:14:26 +0000,,,,70f3b50f9cca7f92ca51b9c1c103b3772846a1b0ef50975af58372e6848b2655,,OLD,,,ROOT_FOLDER,UNCLASSIFIED,P3,NOT_REVIEWED,VERY_HIGH,NO,,,UNKNOWN,resolution_class=VERY_HIGH
AST-000511,/Users/fredrick/Documents/Vayva-Tech/vayva-polyrepo/123Design/Images & Videos,OLD/AUP-R005-002.jpg,OLD,,AUP-R005-002.jpg,AUP-R005-002,.jpg,,IMAGE,1195829,1.1404,3000,2253,1000:751,LANDSCAPE,,,,,,2015-11-02T13:39:38+00:00,2015-11-02T13:39:38+00:00,2015-11-02 13:39:38 +0000,,,,243c1c037687a5d21fc33536d212d2d6539045017b5a5ee5d94b3d399fdd3906,,OLD,,,ROOT_FOLDER,UNCLASSIFIED,P3,NOT_REVIEWED,HIGH,NO,,,UNKNOWN,resolution_class=HIGH
AST-000512,/Users/fredrick/Documents/Vayva-Tech/vayva-polyrepo/123Design/Images & Videos,OLD/AUP-R005-005.jpg,OLD,,AUP-R005-005.jpg,AUP-R005-005,.jpg,,IMAGE,1238149,1.1808,3000,2253,1000:751,LANDSCAPE,,,,,,2015-11-02T13:39:38+00:00,2015-11-02T13:39:38+00:00,2015-11-02 13:39:38 +0000,,,,739afd96eb99259722f70ebd8cab338dcbce5889cfbc4cf7c34bc10581a49d6e,,OLD,,,ROOT_FOLDER,UNCLASSIFIED,P3,NOT_REVIEWED,HIGH,NO,,,UNKNOWN,resolution_class=HIGH
AST-000513,/Users/fredrick/Documents/Vayva-Tech/vayva-polyrepo/123Design/Images & Videos,OLD/BEA-8-002.jpg,OLD,,BEA-8-002.jpg,BEA-8-002,.jpg,,IMAGE,332114,0.3167,1500,2000,3:4,PORTRAIT,,,,,,2015-11-02T13:48:12+00:00,2015-11-02T13:48:12+00:00,2015-11-02 13:48:12 +0000,,,,f3acab3472e5f389e9693f1085b70b12397a168121393df3866e35999289337d,,OLD,,,ROOT_FOLDER,UNCLASSIFIED,P3,NOT_REVIEWED,MEDIUM,NO,,,UNKNOWN,resolution_class=MEDIUM
AST-000514,/Users/fredrick/Documents/Vayva-Tech/vayva-polyrepo/123Design/Images & Videos,OLD/BEA-8-003.jpg,OLD,,BEA-8-003.jpg,BEA-8-003,.jpg,,IMAGE,5964617,5.6883,3872,2592,121:81,LANDSCAPE,,,,,,2015-11-02T13:48:12+00:00,2015-11-02T13:48:12+00:00,2015-11-02 13:48:12 +0000,,,,44b76b8d5e71ab5c26340a8f4591e2722e7c1371a6fbef8855f06266ad3a99c0,,OLD,,,ROOT_FOLDER,UNCLASSIFIED,P3,NOT_REVIEWED,HIGH,NO,,,UNKNOWN,resolution_class=HIGH
AST-000515,/Users/fredrick/Documents/Vayva-Tech/vayva-polyrepo/123Design/Images & Videos,OLD/BIR-BELT-R006.jpg,OLD,,BIR-BELT-R006.jpg,BIR-BELT-R006,.jpg,,IMAGE,446941,0.4262,2000,1200,5:3,LANDSCAPE,,,,,,2015-11-02T13:59:12+00:00,2015-11-02T13:59:12+00:00,2015-11-02 13:59:12 +0000,,,,60b19f8e060cacb7f98f264e7010536c9b95e92821d094bf0558c81892c44c5b,,OLD,,,ROOT_FOLDER,UNCLASSIFIED,P3,NOT_REVIEWED,MEDIUM,NO,,,UNKNOWN,resolution_class=MEDIUM
AST-000516,/Users/fredrick/Documents/Vayva-Tech/vayva-polyrepo/123Design/Images & Videos,OLD/BIR-BELT-R037.JPG,OLD,,BIR-BELT-R037.JPG,BIR-BELT-R037,.jpg,,IMAGE,1110162,1.0587,2000,1524,500:381,LANDSCAPE,,,,,,2015-11-02T13:59:22+00:00,2015-11-02T13:59:22+00:00,2015-11-02 13:59:22 +0000,,,,ff542d41bc7067ac21672587364486420b16eb2ff617525f9003c4ba393ac6fd,,OLD,,,ROOT_FOLDER,UNCLASSIFIED,P3,NOT_REVIEWED,MEDIUM,NO,,,UNKNOWN,resolution_class=MEDIUM
AST-000517,/Users/fredrick/Documents/Vayva-Tech/vayva-polyrepo/123Design/Images & Videos,OLD/BIR-BELT-R038 - Copy.JPG,OLD,,BIR-BELT-R038 - Copy.JPG,BIR-BELT-R038 - Copy,.jpg,,IMAGE,304627,0.2905,2000,1200,5:3,LANDSCAPE,,,,,,2015-11-02T13:59:22+00:00,2015-11-02T13:59:22+00:00,2015-11-02 13:59:22 +0000,,,,9fe6354729ec01aa24e71957ba74800e50c1627cbdd30f9fb8ca0ea8cd1dba27,DUP-00274,OLD,,,ROOT_FOLDER,UNCLASSIFIED,P3,NOT_REVIEWED,MEDIUM,NO,,,UNKNOWN,resolution_class=MEDIUM
AST-000518,/Users/fredrick/Documents/Vayva-Tech/vayva-polyrepo/123Design/Images & Videos,OLD/BIR-BELT-R038.JPG,OLD,,BIR-BELT-R038.JPG,BIR-BELT-R038,.jpg,,IMAGE,304627,0.2905,2000,1200,5:3,LANDSCAPE,,,,,,2015-11-02T13:59:22+00:00,2015-11-02T13:59:22+00:00,2015-11-02 13:59:22 +0000,,,,9fe6354729ec01aa24e71957ba74800e50c1627cbdd30f9fb8ca0ea8cd1dba27,DUP-00274,OLD,,,ROOT_FOLDER,UNCLASSIFIED,P3,NOT_REVIEWED,MEDIUM,NO,,,UNKNOWN,resolution_class=MEDIUM
AST-000519,/Users/fredrick/Documents/Vayva-Tech/vayva-polyrepo/123Design/Images & Videos,OLD/BIR-ORTHO - Copy.jpg,OLD,,BIR-ORTHO - Copy.jpg,BIR-ORTHO - Copy,.jpg,,IMAGE,736254,0.7021,5100,3300,17:11,LANDSCAPE,,,,,,2015-11-02T16:47:52+00:00,2015-11-02T16:47:52+00:00,2012-09-12 11:34:13 +0000,,,,dc9b9bb20274fd217cd7048239d2323ccbf26585814f73aa4a911c266345b0b6,DUP-00275,OLD,,,ROOT_FOLDER,UNCLASSIFIED,P3,NOT_REVIEWED,VERY_HIGH,NO,,,UNKNOWN,resolution_class=VERY_HIGH
AST-000520,/Users/fredrick/Documents/Vayva-Tech/vayva-polyrepo/123Design/Images & Videos,OLD/BIR-ORTHO.jpg,OLD,,BIR-ORTHO.jpg,BIR-ORTHO,.jpg,,IMAGE,736254,0.7021,5100,3300,17:11,LANDSCAPE,,,,,,2015-11-02T16:47:52+00:00,2015-11-02T16:47:52+00:00,2012-09-12 11:34:13 +0000,,,,dc9b9bb20274fd217cd7048239d2323ccbf26585814f73aa4a911c266345b0b6,DUP-00275,OLD,,,ROOT_FOLDER,UNCLASSIFIED,P3,NOT_REVIEWED,VERY_HIGH,NO,,,UNKNOWN,resolution_class=VERY_HIGH
AST-000521,/Users/fredrick/Documents/Vayva-Tech/vayva-polyrepo/123Design/Images & Videos,OLD/BIR-R009 - Copy.jpg,OLD,,BIR-R009 - Copy.jpg,BIR-R009 - Copy,.jpg,,IMAGE,239771,0.2287,2500,1500,5:3,LANDSCAPE,,,,,,2015-11-02T16:47:56+00:00,2015-11-02T16:47:56+00:00,2012-09-04 14:53:19 +0000,,,,3b2b3893405c77dd88c7def89a435dc01c5a4b3543f527d5bbef86adaf0caf25,DUP-00276,OLD,,,ROOT_FOLDER,UNCLASSIFIED,P3,NOT_REVIEWED,MEDIUM,NO,,,UNKNOWN,resolution_class=MEDIUM
AST-000522,/Users/fredrick/Documents/Vayva-Tech/vayva-polyrepo/123Design/Images & Videos,OLD/BIR-R009.jpg,OLD,,BIR-R009.jpg,BIR-R009,.jpg,,IMAGE,239771,0.2287,2500,1500,5:3,LANDSCAPE,,,,,,2015-11-02T16:47:56+00:00,2015-11-02T16:47:56+00:00,2012-09-04 14:53:19 +0000,,,,3b2b3893405c77dd88c7def89a435dc01c5a4b3543f527d5bbef86adaf0caf25,DUP-00276,OLD,,,ROOT_FOLDER,UNCLASSIFIED,P3,NOT_REVIEWED,MEDIUM,NO,,,UNKNOWN,resolution_class=MEDIUM
AST-000523,/Users/fredrick/Documents/Vayva-Tech/vayva-polyrepo/123Design/Images & Videos,OLD/BIR-R087-2.jpg,OLD,,BIR-R087-2.jpg,BIR-R087-2,.jpg,,IMAGE,190732,0.1819,2016,1500,168:125,LANDSCAPE,,,,,,2015-11-02T16:48:24+00:00,2015-11-02T16:48:24+00:00,2012-09-10 14:15:25 +0000,,,,45a016f66fdabbaedf8e8bbedad5bd8f709ed11c73681f25b5b829c1eb898322,DUP-00277,OLD,,,ROOT_FOLDER,UNCLASSIFIED,P3,NOT_REVIEWED,MEDIUM,NO,,,UNKNOWN,resolution_class=MEDIUM
AST-000524,/Users/fredrick/Documents/Vayva-Tech/vayva-polyrepo/123Design/Images & Videos,OLD/BIR-R096 - Copy.JPG,OLD,,BIR-R096 - Copy.JPG,BIR-R096 - Copy,.jpg,,IMAGE,539727,0.5147,1500,1007,1500:1007,LANDSCAPE,,,,,,2015-11-02T16:48:26+00:00,2015-11-02T16:48:26+00:00,2015-11-02 16:48:26 +0000,,,,36ac69ae6508684738c34d89594371b612b9b1b6f189105c54203b55dc175645,DUP-00278,OLD,,,ROOT_FOLDER,UNCLASSIFIED,P3,NOT_REVIEWED,LOW,NO,,,UNKNOWN,resolution_class=LOW
AST-000525,/Users/fredrick/Documents/Vayva-Tech/vayva-polyrepo/123Design/Images & Videos,OLD/BIR-R096.JPG,OLD,,BIR-R096.JPG,BIR-R096,.jpg,,IMAGE,539727,0.5147,1500,1007,1500:1007,LANDSCAPE,,,,,,2015-11-02T16:48:26+00:00,2015-11-02T16:48:26+00:00,2015-11-02 16:48:26 +0000,,,,36ac69ae6508684738c34d89594371b612b9b1b6f189105c54203b55dc175645,DUP-00278,OLD,,,ROOT_FOLDER,UNCLASSIFIED,P3,NOT_REVIEWED,LOW,NO,,,UNKNOWN,resolution_class=LOW
AST-000526,/Users/fredrick/Documents/Vayva-Tech/vayva-polyrepo/123Design/Images & Videos,OLD/BIR-R108 - Copy.JPG,OLD,,BIR-R108 - Copy.JPG,BIR-R108 - Copy,.jpg,,IMAGE,1443243,1.3764,2400,1600,3:2,LANDSCAPE,,,,,,2015-11-02T16:48:28+00:00,2015-11-02T16:48:28+00:00,2015-11-02 16:48:28 +0000,,,,3926c7e14dcf36facbc3018130350d6e988eeb509d35da0032da941fb4a400ae,DUP-00279,OLD,,,ROOT_FOLDER,UNCLASSIFIED,P3,NOT_REVIEWED,MEDIUM,NO,,,UNKNOWN,resolution_class=MEDIUM
AST-000527,/Users/fredrick/Documents/Vayva-Tech/vayva-polyrepo/123Design/Images & Videos,OLD/BIR-R108.JPG,OLD,,BIR-R108.JPG,BIR-R108,.jpg,,IMAGE,1443243,1.3764,2400,1600,3:2,LANDSCAPE,,,,,,2015-11-02T16:48:28+00:00,2015-11-02T16:48:28+00:00,2015-11-02 16:48:28 +0000,,,,3926c7e14dcf36facbc3018130350d6e988eeb509d35da0032da941fb4a400ae,DUP-00279,OLD,,,ROOT_FOLDER,UNCLASSIFIED,P3,NOT_REVIEWED,MEDIUM,NO,,,UNKNOWN,resolution_class=MEDIUM
AST-000528,/Users/fredrick/Documents/Vayva-Tech/vayva-polyrepo/123Design/Images & Videos,OLD/BLO-ORTHO.jpg,OLD,,BLO-ORTHO.jpg,BLO-ORTHO,.jpg,,IMAGE,949318,0.9053,5100,3300,17:11,LANDSCAPE,,,,,,2015-11-02T18:59:56+00:00,2015-11-02T18:59:56+00:00,2012-12-31 14:35:06 +0000,,,,ca321f66d859a7d9e146c556acd1c95a8184d0345232293f00a42cf9f7e2f200,,OLD,,,ROOT_FOLDER,UNCLASSIFIED,P3,NOT_REVIEWED,VERY_HIGH,NO,,,UNKNOWN,resolution_class=VERY_HIGH
AST-000529,/Users/fredrick/Documents/Vayva-Tech/vayva-polyrepo/123Design/Images & Videos,OLD/BLO-R027.jpg,OLD,,BLO-R027.jpg,BLO-R027,.jpg,,IMAGE,990182,0.9443,2000,1124,500:281,LANDSCAPE,,,,,,2015-11-02T19:00:10+00:00,2015-11-02T19:00:10+00:00,2015-11-02 19:00:10 +0000,,,,80b46e96e8e8e6bf124b06ff9b3106fdea5f99719db902ff1b96106430a6d47c,DUP-00280,OLD,,,ROOT_FOLDER,UNCLASSIFIED,P3,NOT_REVIEWED,MEDIUM,NO,,,UNKNOWN,resolution_class=MEDIUM
AST-000530,/Users/fredrick/Documents/Vayva-Tech/vayva-polyrepo/123Design/Images & Videos,OLD/BLO-R029.jpg,OLD,,BLO-R029.jpg,BLO-R029,.jpg,,IMAGE,1025647,0.9781,2000,1332,500:333,LANDSCAPE,,,,,,2015-11-02T19:00:10+00:00,2015-11-02T19:00:10+00:00,2015-11-02 19:00:10 +0000,,,,c0d51ed3608a4bbde884e395c5610fccc9f3b95c52cdf4985431ba2009f12a0e,DUP-00281,OLD,,,ROOT_FOLDER,UNCLASSIFIED,P3,NOT_REVIEWED,MEDIUM,NO,,,UNKNOWN,resolution_class=MEDIUM
AST-000531,/Users/fredrick/Documents/Vayva-Tech/vayva-polyrepo/123Design/Images & Videos,OLD/BLO-R032.jpg,OLD,,BLO-R032.jpg,BLO-R032,.jpg,,IMAGE,1794222,1.7111,2000,1500,4:3,LANDSCAPE,,,,,,2015-11-02T19:00:12+00:00,2015-11-02T19:00:12+00:00,2015-11-02 19:00:12 +0000,,,,f089c1bd26d6b55f468ccf245e854013ebbe25ede69b097b7b8a02b7c55087b8,DUP-00282,OLD,,,ROOT_FOLDER,UNCLASSIFIED,P3,NOT_REVIEWED,MEDIUM,NO,,,UNKNOWN,resolution_class=MEDIUM
AST-000532,/Users/fredrick/Documents/Vayva-Tech/vayva-polyrepo/123Design/Images & Videos,OLD/BLO-R035.jpg,OLD,,BLO-R035.jpg,BLO-R035,.jpg,,IMAGE,823661,0.7855,2000,1332,500:333,LANDSCAPE,,,,,,2015-11-02T19:00:12+00:00,2015-11-02T19:00:12+00:00,2015-11-02 19:00:12 +0000,,,,028f207d98b61d72777fcf7fd92426089eb90cb18495b7c779edea71f9e0f783,DUP-00283,OLD,,,ROOT_FOLDER,UNCLASSIFIED,P3,NOT_REVIEWED,MEDIUM,NO,,,UNKNOWN,resolution_class=MEDIUM
AST-000533,/Users/fredrick/Documents/Vayva-Tech/vayva-polyrepo/123Design/Images & Videos,OLD/BLO-R037.jpg,OLD,,BLO-R037.jpg,BLO-R037,.jpg,,IMAGE,1054998,1.0061,2000,1252,500:313,LANDSCAPE,,,,,,2015-11-02T19:00:12+00:00,2015-11-02T19:00:12+00:00,2015-11-02 19:00:12 +0000,,,,17c7a13cdeb08acf789aba2c65c6bb920d0cdc88a2377a61cd68e931d58e5e50,DUP-00284,OLD,,,ROOT_FOLDER,UNCLASSIFIED,P3,NOT_REVIEWED,MEDIUM,NO,,,UNKNOWN,resolution_class=MEDIUM
AST-000534,/Users/fredrick/Documents/Vayva-Tech/vayva-polyrepo/123Design/Images & Videos,OLD/BLO-R039-2.jpg,OLD,,BLO-R039-2.jpg,BLO-R039-2,.jpg,,IMAGE,336561,0.321,2000,1428,500:357,LANDSCAPE,,,,,,2015-11-02T19:00:12+00:00,2015-11-02T19:00:12+00:00,2013-01-03 16:53:01 +0000,,,,e2978eeb3ac39b849c41576c935ddad8adb2cb026fb72d7527a0c9b0af172676,DUP-00285,OLD,,,ROOT_FOLDER,UNCLASSIFIED,P3,NOT_REVIEWED,MEDIUM,NO,,,UNKNOWN,resolution_class=MEDIUM
AST-000535,/Users/fredrick/Documents/Vayva-Tech/vayva-polyrepo/123Design/Images & Videos,OLD/BLO-R041-2.jpg,OLD,,BLO-R041-2.jpg,BLO-R041-2,.jpg,,IMAGE,302966,0.2889,2000,1333,2000:1333,LANDSCAPE,,,,,,2015-11-02T19:00:12+00:00,2015-11-02T19:00:12+00:00,2013-01-03 17:35:28 +0000,,,,ef2b2c67740bf4afcf209673f20b1bd80dec6d2af7f05c8b4b755e7d694a1a5d,DUP-00286,OLD,,,ROOT_FOLDER,UNCLASSIFIED,P3,NOT_REVIEWED,MEDIUM,NO,,,UNKNOWN,resolution_class=MEDIUM
AST-000536,/Users/fredrick/Documents/Vayva-Tech/vayva-polyrepo/123Design/Images & Videos,OLD/BMY-R001-5.jpg,OLD,,BMY-R001-5.jpg,BMY-R001-5,.jpg,,IMAGE,279699,0.2667,2000,1500,4:3,LANDSCAPE,,,,,,2015-11-02T19:30:50+00:00,2015-11-02T19:30:50+00:00,2015-11-02 19:30:50 +0000,,,,d8ae034122c82f90c3864c0603dcbacb313ca059486feffd56c67ca7557921ba,,OLD,,,ROOT_FOLDER,UNCLASSIFIED,P3,NOT_REVIEWED,MEDIUM,NO,,,UNKNOWN,resolution_class=MEDIUM
AST-000537,/Users/fredrick/Documents/Vayva-Tech/vayva-polyrepo/123Design/Images & Videos,OLD/BMY-R001-6.jpg,OLD,,BMY-R001-6.jpg,BMY-R001-6,.jpg,,IMAGE,1325395,1.264,3000,2250,4:3,LANDSCAPE,,,,,,2015-11-02T19:30:50+00:00,2015-11-02T19:30:50+00:00,2015-11-02 19:30:50 +0000,,,,ad05f4278631f28e81e759544bdf1d602ff9eb3c97f7cc6427891275c537950d,,OLD,,,ROOT_FOLDER,UNCLASSIFIED,P3,NOT_REVIEWED,HIGH,NO,,,UNKNOWN,resolution_class=HIGH
AST-000538,/Users/fredrick/Documents/Vayva-Tech/vayva-polyrepo/123Design/Images & Videos,OLD/BMY-R001-7.jpg,OLD,,BMY-R001-7.jpg,BMY-R001-7,.jpg,,IMAGE,1364858,1.3016,3000,2250,4:3,LANDSCAPE,,,,,,2015-11-02T19:30:52+00:00,2015-11-02T19:30:52+00:00,2015-11-02 19:30:52 +0000,,,,7b50291b9854d3b8cd43d3345494baae9716301763d67543a1163ae3a2be4592,,OLD,,,ROOT_FOLDER,UNCLASSIFIED,P3,NOT_REVIEWED,HIGH,NO,,,UNKNOWN,resolution_class=HIGH
AST-000539,/Users/fredrick/Documents/Vayva-Tech/vayva-polyrepo/123Design/Images & Videos,OLD/BMY-R001-8.jpg,OLD,,BMY-R001-8.jpg,BMY-R001-8,.jpg,,IMAGE,1221441,1.1649,3000,2250,4:3,LANDSCAPE,,,,,,2015-11-02T19:30:52+00:00,2015-11-02T19:30:52+00:00,2015-11-02 19:30:52 +0000,,,,ea39507109e49871b47721acce7ed06d1edd31759ab2d7715147be92adbf806b,DUP-00287,OLD,,,ROOT_FOLDER,UNCLASSIFIED,P3,NOT_REVIEWED,HIGH,NO,,,UNKNOWN,resolution_class=HIGH
AST-000540,/Users/fredrick/Documents/Vayva-Tech/vayva-polyrepo/123Design/Images & Videos,OLD/BOT-005.jpg,OLD,,BOT-005.jpg,BOT-005,.jpg,,IMAGE,474601,0.4526,1200,1600,3:4,PORTRAIT,,,,,,2015-11-04T00:23:26+00:00,2015-11-04T00:23:26+00:00,2015-11-04 00:23:26 +0000,,,,95b8c5bb78daddfddc4cb2935390f96edbc94694d228061276276db82e3adbc7,,OLD,,,ROOT_FOLDER,UNCLASSIFIED,P3,NOT_REVIEWED,LOW,NO,,,UNKNOWN,resolution_class=LOW
AST-000541,/Users/fredrick/Documents/Vayva-Tech/vayva-polyrepo/123Design/Images & Videos,OLD/CAT-023.jpg,OLD,,CAT-023.jpg,CAT-023,.jpg,,IMAGE,477209,0.4551,1600,1200,4:3,LANDSCAPE,,,,,,2015-11-02T19:57:50+00:00,2015-11-02T19:57:50+00:00,2010-05-12 17:15:40 +0000,,,,f1e5cad2f03ff15baa24f47a3cc4604343ba20be013e5acf210da7b004b9854f,,OLD,,,ROOT_FOLDER,UNCLASSIFIED,P3,NOT_REVIEWED,LOW,NO,,,UNKNOWN,resolution_class=LOW
AST-000542,/Users/fredrick/Documents/Vayva-Tech/vayva-polyrepo/123Design/Images & Videos,OLD/CAT-029.jpg,OLD,,CAT-029.jpg,CAT-029,.jpg,,IMAGE,879093,0.8384,2000,1200,5:3,LANDSCAPE,,,,,,2015-11-02T19:57:50+00:00,2015-11-02T19:57:50+00:00,2010-05-12 17:13:55 +0000,,,,bb9abc20ff83e56e5a6f77e5aa0e0e1b34ac8b7ba1da56f68d0c0836f6fddd72,,OLD,,,ROOT_FOLDER,UNCLASSIFIED,P3,NOT_REVIEWED,MEDIUM,NO,,,UNKNOWN,resolution_class=MEDIUM
AST-000543,/Users/fredrick/Documents/Vayva-Tech/vayva-polyrepo/123Design/Images & Videos,OLD/CAT-030.jpg,OLD,,CAT-030.jpg,CAT-030,.jpg,,IMAGE,477868,0.4557,1600,1200,4:3,LANDSCAPE,,,,,,2015-11-02T19:57:50+00:00,2015-11-02T19:57:50+00:00,2010-05-12 17:10:34 +0000,,,,48efa0197a7cdc2cfe5cc86b5894890124de80bf527dab23749fc04766bdc036,,OLD,,,ROOT_FOLDER,UNCLASSIFIED,P3,NOT_REVIEWED,LOW,NO,,,UNKNOWN,resolution_class=LOW
AST-000544,/Users/fredrick/Documents/Vayva-Tech/vayva-polyrepo/123Design/Images & Videos,OLD/CAT-035.jpg,OLD,,CAT-035.jpg,CAT-035,.jpg,,IMAGE,818516,0.7806,2500,1500,5:3,LANDSCAPE,,,,,,2015-11-02T19:57:50+00:00,2015-11-02T19:57:50+00:00,2010-05-12 17:09:41 +0000,,,,5529c36156fa57922ebec8a98a4021fcbcf6346b7f69bc4c997e74f99f399170,DUP-00288,OLD,,,ROOT_FOLDER,UNCLASSIFIED,P3,NOT_REVIEWED,MEDIUM,NO,,,UNKNOWN,resolution_class=MEDIUM
AST-000545,/Users/fredrick/Documents/Vayva-Tech/vayva-polyrepo/123Design/Images & Videos,OLD/CCW-P043.jpg,OLD,,CCW-P043.jpg,CCW-P043,.jpg,,IMAGE,736816,0.7027,936,1353,312:451,PORTRAIT,,,,,,2015-11-02T20:00:38+00:00,2015-11-02T20:00:38+00:00,2011-06-29 12:23:23 +0000,,,,126517244eb67215474a86ff9e45524d595a9385c922bbe841cf86d85a1d0f3f,,OLD,,,ROOT_FOLDER,UNCLASSIFIED,P3,NOT_REVIEWED,LOW,NO,,,UNKNOWN,resolution_class=LOW
AST-000546,/Users/fredrick/Documents/Vayva-Tech/vayva-polyrepo/123Design/Images & Videos,OLD/COCNEPT 01.jpg,OLD,,COCNEPT 01.jpg,COCNEPT 01,.jpg,,IMAGE,4495889,4.2876,5100,3300,17:11,LANDSCAPE,,,,,,2016-02-04T15:32:52+00:00,2016-02-04T15:32:52+00:00,2016-02-04 09:33:09 +0000,,,,c63a1d64fa482ec41ee335dac71c5a04dc20c43de0fe5e986063f0605b08f4ca,,OLD,,,ROOT_FOLDER,UNCLASSIFIED,P3,NOT_REVIEWED,VERY_HIGH,NO,,,UNKNOWN,resolution_class=VERY_HIGH
AST-000547,/Users/fredrick/Documents/Vayva-Tech/vayva-polyrepo/123Design/Images & Videos,OLD/COL-R001.JPG,OLD,,COL-R001.JPG,COL-R001,.jpg,,IMAGE,134995,0.1287,2000,1500,4:3,LANDSCAPE,,,,,,2015-11-02T20:12:54+00:00,2015-11-02T20:12:54+00:00,2012-02-06 10:27:36 +0000,,,,a71056ab20184149877c1839a5db7b10b9075dbdb7529909a562a0063e365da2,,OLD,,,ROOT_FOLDER,UNCLASSIFIED,P3,NOT_REVIEWED,MEDIUM,NO,,,UNKNOWN,resolution_class=MEDIUM
AST-000548,/Users/fredrick/Documents/Vayva-Tech/vayva-polyrepo/123Design/Images & Videos,OLD/COL-R002.JPG,OLD,,COL-R002.JPG,COL-R002,.jpg,,IMAGE,141043,0.1345,2000,1500,4:3,LANDSCAPE,,,,,,2015-11-02T20:12:54+00:00,2015-11-02T20:12:54+00:00,2012-02-06 10:47:01 +0000,,,,bd6a3e3fd36ebe319b2570b04d00e02a5a28953c0736cda2e332c128a6c02d76,,OLD,,,ROOT_FOLDER,UNCLASSIFIED,P3,NOT_REVIEWED,MEDIUM,NO,,,UNKNOWN,resolution_class=MEDIUM
AST-000549,/Users/fredrick/Documents/Vayva-Tech/vayva-polyrepo/123Design/Images & Videos,OLD/COL-R007.jpg,OLD,,COL-R007.jpg,COL-R007,.jpg,,IMAGE,1230761,1.1737,2000,1500,4:3,LANDSCAPE,,,,,,2015-11-02T20:12:54+00:00,2015-11-02T20:12:54+00:00,2012-02-17 13:37:11 +0000,,,,db1f3ab425e10eb943c8602bedcdf568f8a6f1a934c278cb2d97b1c1ad7191ec,,OLD,,,ROOT_FOLDER,UNCLASSIFIED,P3,NOT_REVIEWED,MEDIUM,NO,,,UNKNOWN,resolution_class=MEDIUM
AST-000550,/Users/fredrick/Documents/Vayva-Tech/vayva-polyrepo/123Design/Images & Videos,OLD/CONCEPT01-2.jpg,OLD,,CONCEPT01-2.jpg,CONCEPT01-2,.jpg,,IMAGE,4746162,4.5263,5100,3300,17:11,LANDSCAPE,,,,,,2016-02-04T15:33:28+00:00,2016-02-04T15:33:28+00:00,2016-02-04 09:33:45 +0000,,,,aa2229f15e70b8756f823752ef2b7a07d2cde07ac730fe5fdc255b656639e0e6,,OLD,,,ROOT_FOLDER,UNCLASSIFIED,P3,NOT_REVIEWED,VERY_HIGH,NO,,,UNKNOWN,resolution_class=VERY_HIGH
AST-000551,/Users/fredrick/Documents/Vayva-Tech/vayva-polyrepo/123Design/Images & Videos,OLD/COV-P046.jpg,OLD,,COV-P046.jpg,COV-P046,.jpg,,IMAGE,442507,0.422,799,1200,799:1200,PORTRAIT,,,,,,2015-11-02T20:48:10+00:00,2015-11-02T20:48:10+00:00,2011-09-26 16:57:11 +0000,,,,9b97f82856bcac9685ada961866300cd9cd27882a56b3854397fd67b14877b0d,,OLD,,,ROOT_FOLDER,UNCLASSIFIED,P3,NOT_REVIEWED,LOW,NO,,,UNKNOWN,resolution_class=LOW
AST-000552,/Users/fredrick/Documents/Vayva-Tech/vayva-polyrepo/123Design/Images & Videos,OLD/COV-P047.jpg,OLD,,COV-P047.jpg,COV-P047,.jpg,,IMAGE,437851,0.4176,1200,800,3:2,LANDSCAPE,,,,,,2015-11-02T20:48:10+00:00,2015-11-02T20:48:10+00:00,2011-09-27 08:29:34 +0000,,,,f6318a0c463a2eceb9a43f2cb77e1b46bcc87aecf8b5d85c67af84df1798e322,DUP-00289,OLD,,,ROOT_FOLDER,UNCLASSIFIED,P3,NOT_REVIEWED,LOW,NO,,,UNKNOWN,resolution_class=LOW
AST-000553,/Users/fredrick/Documents/Vayva-Tech/vayva-polyrepo/123Design/Images & Videos,OLD/COV_0000_O15.jpg,OLD,,COV_0000_O15.jpg,COV_0000_O15,.jpg,,IMAGE,1151499,1.0982,5100,3300,17:11,LANDSCAPE,,,,,,2015-11-02T20:49:30+00:00,2015-11-02T20:49:30+00:00,2011-09-07 13:17:17 +0000,,,,523ddf14c6de3eeb986fa64593fd049212dbe1a864dd8fc581f6478c7604b0c4,DUP-00290,OLD,,,ROOT_FOLDER,UNCLASSIFIED,P3,NOT_REVIEWED,VERY_HIGH,NO,,,UNKNOWN,resolution_class=VERY_HIGH
AST-000554,/Users/fredrick/Documents/Vayva-Tech/vayva-polyrepo/123Design/Images & Videos,OLD/COV_0006_O9.jpg,OLD,,COV_0006_O9.jpg,COV_0006_O9,.jpg,,IMAGE,1210939,1.1548,5100,3300,17:11,LANDSCAPE,,,,,,2015-11-02T20:49:32+00:00,2015-11-02T20:49:32+00:00,2011-09-07 13:15:38 +0000,,,,a3cf9a23176f7fc8a1ec8eb782b55353351532a60f966bab1821b38e1ceaf74a,,OLD,,,ROOT_FOLDER,UNCLASSIFIED,P3,NOT_REVIEWED,VERY_HIGH,NO,,,UNKNOWN,resolution_class=VERY_HIGH
AST-000555,/Users/fredrick/Documents/Vayva-Tech/vayva-polyrepo/123Design/Images & Videos,OLD/COV_0013_O2.jpg,OLD,,COV_0013_O2.jpg,COV_0013_O2,.jpg,,IMAGE,1088740,1.0383,5100,3300,17:11,LANDSCAPE,,,,,,2015-11-02T20:49:32+00:00,2015-11-02T20:49:32+00:00,2011-09-07 13:13:29 +0000,,,,ed8f4264acc862bdc9ceea1a2ead0059718c8f048f70c7ba540c1efc43ee20bd,,OLD,,,ROOT_FOLDER,UNCLASSIFIED,P3,NOT_REVIEWED,VERY_HIGH,NO,,,UNKNOWN,resolution_class=VERY_HIGH
AST-000556,/Users/fredrick/Documents/Vayva-Tech/vayva-polyrepo/123Design/Images & Videos,OLD/DIR-2014-05-14-ROUND A.jpg,OLD,,DIR-2014-05-14-ROUND A.jpg,DIR-2014-05-14-ROUND A,.jpg,,IMAGE,1818944,1.7347,5100,3300,17:11,LANDSCAPE,,,,,,2015-11-02T21:45:22+00:00,2015-11-02T21:45:22+00:00,2014-05-15 16:01:44 +0000,,,,33c24e5ae5c2d4a42f4e8c6301673880639d0e0d3685fb952fdb877b0efdc941,,OLD,,,ROOT_FOLDER,UNCLASSIFIED,P3,NOT_REVIEWED,VERY_HIGH,NO,,,UNKNOWN,resolution_class=VERY_HIGH
AST-000557,/Users/fredrick/Documents/Vayva-Tech/vayva-polyrepo/123Design/Images & Videos,OLD/DIR-R013.jpg,OLD,,DIR-R013.jpg,DIR-R013,.jpg,,IMAGE,160379,0.1529,1500,1125,4:3,LANDSCAPE,,,,,,2015-11-02T21:43:08+00:00,2015-11-02T21:43:08+00:00,2015-11-02 21:43:08 +0000,,,,6621a264101a8553152f41cea30b450df706d7d1980dd7cc78881229769a3d07,,OLD,,,ROOT_FOLDER,UNCLASSIFIED,P3,NOT_REVIEWED,LOW,NO,,,UNKNOWN,resolution_class=LOW
AST-000558,/Users/fredrick/Documents/Vayva-Tech/vayva-polyrepo/123Design/Images & Videos,OLD/DIR-R019.jpg,OLD,,DIR-R019.jpg,DIR-R019,.jpg,,IMAGE,165688,0.158,1500,1125,4:3,LANDSCAPE,,,,,,2015-11-02T21:43:08+00:00,2015-11-02T21:43:08+00:00,2015-11-02 21:43:08 +0000,,,,da4e6cb079fafce4448c21a05c763431aaefb083350f1f49e4dc6d1b5ff1ed6a,,OLD,,,ROOT_FOLDER,UNCLASSIFIED,P3,NOT_REVIEWED,LOW,NO,,,UNKNOWN,resolution_class=LOW
AST-000559,/Users/fredrick/Documents/Vayva-Tech/vayva-polyrepo/123Design/Images & Videos,OLD/DIR-R021.jpg,OLD,,DIR-R021.jpg,DIR-R021,.jpg,,IMAGE,51931,0.0495,700,525,4:3,LANDSCAPE,,,,,,2015-11-02T21:43:08+00:00,2015-11-02T21:43:08+00:00,2015-11-02 21:43:08 +0000,,,,ba547d4c4e9135864217784f9b74b06ddba8c0208c57e15d68314ad677b7e348,DUP-00291,OLD,,,ROOT_FOLDER,UNCLASSIFIED,P3,NOT_REVIEWED,VERY_LOW,NO,,,UNKNOWN,resolution_class=VERY_LOW
AST-000560,/Users/fredrick/Documents/Vayva-Tech/vayva-polyrepo/123Design/Images & Videos,OLD/DIR-R029.jpg,OLD,,DIR-R029.jpg,DIR-R029,.jpg,,IMAGE,668116,0.6372,1500,1082,750:541,LANDSCAPE,,,,,,2015-11-02T21:43:08+00:00,2015-11-02T21:43:08+00:00,2015-11-02 21:43:08 +0000,,,,09f8e63f03790131a3903a879a5b4127175fcb6061cf6169ce542c7dd34cab11,,OLD,,,ROOT_FOLDER,UNCLASSIFIED,P3,NOT_REVIEWED,LOW,NO,,,UNKNOWN,resolution_class=LOW
AST-000561,/Users/fredrick/Documents/Vayva-Tech/vayva-polyrepo/123Design/Images & Videos,OLD/DOM-2015-10-30-CONCEPT SKETCHES_Page_12.jpg,OLD,,DOM-2015-10-30-CONCEPT SKETCHES_Page_12.jpg,DOM-2015-10-30-CONCEPT SKETCHES_Page_12,.jpg,,IMAGE,357392,0.3408,1645,877,1645:877,LANDSCAPE,,,,,,2016-01-20T20:04:42+00:00,2016-01-20T20:04:42+00:00,2016-01-20 14:04:52 +0000,,,,bf96b55ca9ee07d53a102171d64303a0c9ab2175565091c779807b6beecee2c8,,OLD,,,ROOT_FOLDER,UNCLASSIFIED,P3,NOT_REVIEWED,LOW,NO,,,UNKNOWN,resolution_class=LOW
AST-000562,/Users/fredrick/Documents/Vayva-Tech/vayva-polyrepo/123Design/Images & Videos,OLD/DSCF0969.JPG,OLD,,DSCF0969.JPG,DSCF0969,.jpg,,IMAGE,1358409,1.2955,2128,1424,133:89,LANDSCAPE,,,,,,2015-11-03T03:56:00+00:00,2015-11-03T03:56:00+00:00,2011-10-13 09:41:16 +0000,FUJIFILM,FinePix S5Pro  ,,1bbab20b732424b46a9fbb2f20cb9cd52934d1a48c928ff719eb3b677e383ed4,DUP-00292,OLD,,,ROOT_FOLDER,UNCLASSIFIED,P3,NOT_REVIEWED,MEDIUM,NO,,,UNKNOWN,resolution_class=MEDIUM
AST-000563,/Users/fredrick/Documents/Vayva-Tech/vayva-polyrepo/123Design/Images & Videos,OLD/DSC_0305.JPG,OLD,,DSC_0305.JPG,DSC_0305,.jpg,,IMAGE,2511328,2.395,3008,2000,188:125,LANDSCAPE,,,,,,2015-11-02T19:53:46+00:00,2015-11-02T19:53:46+00:00,2010-03-18 11:43:14 +0000,NIKON CORPORATION,NIKON D40,,a86c2b7ac9a99a2203b773307d54d4ba3cfb31f2a5ccaf245e614f94d3fb812a,DUP-00293,OLD,,,ROOT_FOLDER,UNCLASSIFIED,P3,NOT_REVIEWED,HIGH,NO,,,UNKNOWN,resolution_class=HIGH
AST-000564,/Users/fredrick/Documents/Vayva-Tech/vayva-polyrepo/123Design/Images & Videos,OLD/DSC_0418.JPG,OLD,,DSC_0418.JPG,DSC_0418,.jpg,,IMAGE,2743893,2.6168,3008,2000,188:125,LANDSCAPE,,,,,,2015-11-02T19:54:10+00:00,2015-11-02T19:54:10+00:00,2010-03-18 12:43:25 +0000,NIKON CORPORATION,NIKON D40,,02e18c789088d71046fee887fa0303cc5dca7229e99cf0b992b7c63e78e1e1da,DUP-00294,OLD,,,ROOT_FOLDER,UNCLASSIFIED,P3,NOT_REVIEWED,HIGH,NO,,,UNKNOWN,resolution_class=HIGH
AST-000565,/Users/fredrick/Documents/Vayva-Tech/vayva-polyrepo/123Design/Images & Videos,OLD/ECH-R018.JPG,OLD,,ECH-R018.JPG,ECH-R018,.jpg,,IMAGE,690871,0.6589,1600,1004,400:251,LANDSCAPE,,,,,,2015-11-02T22:10:30+00:00,2015-11-02T22:10:30+00:00,2015-11-02 22:10:30 +0000,,,,e9eb5658066c222a0c1dc3d21dc008d3c02beb8b0b28ac631811c390ce2d17c1,DUP-00295,OLD,,,ROOT_FOLDER,UNCLASSIFIED,P3,NOT_REVIEWED,LOW,NO,,,UNKNOWN,resolution_class=LOW
AST-000566,/Users/fredrick/Documents/Vayva-Tech/vayva-polyrepo/123Design/Images & Videos,OLD/ECH-R019.JPG,OLD,,ECH-R019.JPG,ECH-R019,.jpg,,IMAGE,910127,0.868,1600,1200,4:3,LANDSCAPE,,,,,,2015-11-02T22:10:30+00:00,2015-11-02T22:10:30+00:00,2015-11-02 22:10:30 +0000,,,,d732a68ee2e3c1f7752247b2e83042a61f07cb5c3e1b634be2e59284f836dc0d,DUP-00296,OLD,,,ROOT_FOLDER,UNCLASSIFIED,P3,NOT_REVIEWED,LOW,NO,,,UNKNOWN,resolution_class=LOW
AST-000567,/Users/fredrick/Documents/Vayva-Tech/vayva-polyrepo/123Design/Images & Videos,OLD/EPI-001.jpg,OLD,,EPI-001.jpg,EPI-001,.jpg,,IMAGE,279714,0.2668,4800,3390,160:113,LANDSCAPE,,,,,,2015-11-02T22:29:54+00:00,2015-11-02T22:29:54+00:00,2010-05-25 13:38:26 +0000,,,,8b8e66a3f6f88ea3c960a735383333c83a8b71321bd15f61f154033c5bf6e618,,OLD,,,ROOT_FOLDER,UNCLASSIFIED,P3,NOT_REVIEWED,VERY_HIGH,NO,,,UNKNOWN,resolution_class=VERY_HIGH
AST-000568,/Users/fredrick/Documents/Vayva-Tech/vayva-polyrepo/123Design/Images & Videos,OLD/EPI-002.jpg,OLD,,EPI-002.jpg,EPI-002,.jpg,,IMAGE,294291,0.2807,4800,3390,160:113,LANDSCAPE,,,,,,2015-11-02T22:29:56+00:00,2015-11-02T22:29:56+00:00,2010-05-25 13:38:15 +0000,,,,471c09f88a49bbf4861f1fac4f67d30a581f21263c94723cc1d695eaa5cb2f9d,,OLD,,,ROOT_FOLDER,UNCLASSIFIED,P3,NOT_REVIEWED,VERY_HIGH,NO,,,UNKNOWN,resolution_class=VERY_HIGH
AST-000569,/Users/fredrick/Documents/Vayva-Tech/vayva-polyrepo/123Design/Images & Videos,OLD/FSS-R021-INSTALL-3.jpg,OLD,,FSS-R021-INSTALL-3.jpg,FSS-R021-INSTALL-3,.jpg,,IMAGE,650988,0.6208,2500,1875,4:3,LANDSCAPE,,,,,,2015-11-03T01:25:08+00:00,2015-11-03T01:25:08+00:00,2015-11-03 01:25:08 +0000,,,,382d99390d43dd96ead2ff86c7610b15f13aeb6ec29896d2cecea1b2c21043b6,,OLD,,,ROOT_FOLDER,UNCLASSIFIED,P3,NOT_REVIEWED,MEDIUM,NO,,,UNKNOWN,resolution_class=MEDIUM
AST-000570,/Users/fredrick/Documents/Vayva-Tech/vayva-polyrepo/123Design/Images & Videos,OLD/FSS-R023-INSTALL-9-ROTATION2.jpg,OLD,,FSS-R023-INSTALL-9-ROTATION2.jpg,FSS-R023-INSTALL-9-ROTATION2,.jpg,,IMAGE,1127501,1.0753,2500,1875,4:3,LANDSCAPE,,,,,,2015-11-03T01:25:10+00:00,2015-11-03T01:25:10+00:00,2015-11-03 01:25:10 +0000,,,,25a882c03121ff848150f7cf12a471179be53af433a33912bc23b6f3d3ba719d,,OLD,,,ROOT_FOLDER,UNCLASSIFIED,P3,NOT_REVIEWED,MEDIUM,NO,,,UNKNOWN,resolution_class=MEDIUM
AST-000571,/Users/fredrick/Documents/Vayva-Tech/vayva-polyrepo/123Design/Images & Videos,OLD/FSS-R031.jpg,OLD,,FSS-R031.jpg,FSS-R031,.jpg,,IMAGE,784281,0.7479,2500,1875,4:3,LANDSCAPE,,,,,,2015-11-03T01:25:10+00:00,2015-11-03T01:25:10+00:00,2015-11-03 01:25:10 +0000,,,,61050c3c2992f2630a983d06faa9938f0688bcf64e5cf79bf75c6e44b5961eb3,,OLD,,,ROOT_FOLDER,UNCLASSIFIED,P3,NOT_REVIEWED,MEDIUM,NO,,,UNKNOWN,resolution_class=MEDIUM
AST-000572,/Users/fredrick/Documents/Vayva-Tech/vayva-polyrepo/123Design/Images & Videos,OLD/FSS-R032.jpg,OLD,,FSS-R032.jpg,FSS-R032,.jpg,,IMAGE,726997,0.6933,2500,1875,4:3,LANDSCAPE,,,,,,2015-11-03T01:25:10+00:00,2015-11-03T01:25:10+00:00,2015-11-03 01:25:10 +0000,,,,82bef3d11f6d88611c5accb227508ade12eb61547e93c1a52ff9396c23e2a7ad,,OLD,,,ROOT_FOLDER,UNCLASSIFIED,P3,NOT_REVIEWED,MEDIUM,NO,,,UNKNOWN,resolution_class=MEDIUM
AST-000573,/Users/fredrick/Documents/Vayva-Tech/vayva-polyrepo/123Design/Images & Videos,OLD/FSS-R033.jpg,OLD,,FSS-R033.jpg,FSS-R033,.jpg,,IMAGE,449018,0.4282,2500,1875,4:3,LANDSCAPE,,,,,,2015-11-03T01:25:10+00:00,2015-11-03T01:25:10+00:00,2015-11-03 01:25:10 +0000,,,,ec2573eed7166a5e99469557fa7e29b5647412664765f556260f22b867759f18,,OLD,,,ROOT_FOLDER,UNCLASSIFIED,P3,NOT_REVIEWED,MEDIUM,NO,,,UNKNOWN,resolution_class=MEDIUM
AST-000574,/Users/fredrick/Documents/Vayva-Tech/vayva-polyrepo/123Design/Images & Videos,OLD/GAM-P017.jpg,OLD,,GAM-P017.jpg,GAM-P017,.jpg,,IMAGE,402820,0.3842,1201,794,1201:794,LANDSCAPE,,,,,,2015-11-03T01:49:44+00:00,2015-11-03T01:49:44+00:00,2015-11-03 01:49:44 +0000,,,,202fd029cfbf5815fc24ce64cbbdc02398cd09cbf5da528b220072928e8871d0,,OLD,,,ROOT_FOLDER,UNCLASSIFIED,P3,NOT_REVIEWED,LOW,NO,,,UNKNOWN,resolution_class=LOW
AST-000575,/Users/fredrick/Documents/Vayva-Tech/vayva-polyrepo/123Design/Images & Videos,OLD/GAM-P019.jpg,OLD,,GAM-P019.jpg,GAM-P019,.jpg,,IMAGE,1940321,1.8504,1775,2000,71:80,PORTRAIT,,,,,,2015-11-03T01:49:44+00:00,2015-11-03T01:49:44+00:00,2012-03-26 12:56:32 +0000,,,,7f337ea569250882547a1cfb6f149313ed0a511e2f55d5739f90677af2851370,,OLD,,,ROOT_FOLDER,UNCLASSIFIED,P3,NOT_REVIEWED,MEDIUM,NO,,,UNKNOWN,resolution_class=MEDIUM
AST-000576,/Users/fredrick/Documents/Vayva-Tech/vayva-polyrepo/123Design/Images & Videos,OLD/GAM-P020.jpg,OLD,,GAM-P020.jpg,GAM-P020,.jpg,,IMAGE,242258,0.231,1200,800,3:2,LANDSCAPE,,,,,,2015-11-03T01:49:44+00:00,2015-11-03T01:49:44+00:00,2012-03-26 13:00:21 +0000,,,,943885a6cd6cbf14282b0a003a9c1282ee3ed6136afc8f55b7228899745a48ca,,OLD,,,ROOT_FOLDER,UNCLASSIFIED,P3,NOT_REVIEWED,LOW,NO,,,UNKNOWN,resolution_class=LOW
AST-000577,/Users/fredrick/Documents/Vayva-Tech/vayva-polyrepo/123Design/Images & Videos,OLD/GAM-P022.JPG,OLD,,GAM-P022.JPG,GAM-P022,.jpg,,IMAGE,379087,0.3615,1200,900,4:3,LANDSCAPE,,,,,,2015-11-03T01:49:44+00:00,2015-11-03T01:49:44+00:00,2015-11-03 01:49:44 +0000,,,,fb0a3feca8a348272f73961b15c0005faf3f4d0a5e66e0f00d0572bd1064bdb2,,OLD,,,ROOT_FOLDER,UNCLASSIFIED,P3,NOT_REVIEWED,LOW,NO,,,UNKNOWN,resolution_class=LOW
AST-000578,/Users/fredrick/Documents/Vayva-Tech/vayva-polyrepo/123Design/Images & Videos,OLD/GAM-R002.png,OLD,,GAM-R002.png,GAM-R002,.png,,IMAGE,1302518,1.2422,2000,1500,4:3,LANDSCAPE,,,,,,2015-11-03T01:49:54+00:00,2015-11-03T01:49:54+00:00,2015-11-03 01:49:54 +0000,,,,a3acacfffd7fbc96fb5485e556cb9e63601e8436f804800cedb05c6b2eb808bc,,OLD,,,ROOT_FOLDER,UNCLASSIFIED,P3,NOT_REVIEWED,MEDIUM,NO,,,UNKNOWN,resolution_class=MEDIUM
AST-000579,/Users/fredrick/Documents/Vayva-Tech/vayva-polyrepo/123Design/Images & Videos,OLD/GLF-27.jpg,OLD,,GLF-27.jpg,GLF-27,.jpg,,IMAGE,377858,0.3604,1123,1600,1123:1600,PORTRAIT,,,,,,2015-11-03T01:53:42+00:00,2015-11-03T01:53:42+00:00,2015-11-03 01:53:42 +0000,,,,4d0f50a5fb63b7e887fb2e35c2bbb54d66624f9044820443579527f9c3af620b,,OLD,,,ROOT_FOLDER,UNCLASSIFIED,P3,NOT_REVIEWED,LOW,NO,,,UNKNOWN,resolution_class=LOW
AST-000580,/Users/fredrick/Documents/Vayva-Tech/vayva-polyrepo/123Design/Images & Videos,OLD/GLF-34.jpg,OLD,,GLF-34.jpg,GLF-34,.jpg,,IMAGE,498576,0.4755,1123,1600,1123:1600,PORTRAIT,,,,,,2015-11-03T01:53:42+00:00,2015-11-03T01:53:42+00:00,2015-11-03 01:53:42 +0000,,,,719bfdd2e3840c892611b066bf4cc85ff97fdd444041731bd5f5e6881ec7d15f,,OLD,,,ROOT_FOLDER,UNCLASSIFIED,P3,NOT_REVIEWED,LOW,NO,,,UNKNOWN,resolution_class=LOW
AST-000581,/Users/fredrick/Documents/Vayva-Tech/vayva-polyrepo/123Design/Images & Videos,OLD/GLF-36.jpg,OLD,,GLF-36.jpg,GLF-36,.jpg,,IMAGE,540916,0.5159,1123,1600,1123:1600,PORTRAIT,,,,,,2015-11-03T01:53:42+00:00,2015-11-03T01:53:42+00:00,2015-11-03 01:53:42 +0000,,,,919931db83eb921787e9160138fac2fd12772cf3bb4e0335d8cb0823f88dc4a5,DUP-00297,OLD,,,ROOT_FOLDER,UNCLASSIFIED,P3,NOT_REVIEWED,LOW,NO,,,UNKNOWN,resolution_class=LOW
AST-000582,/Users/fredrick/Documents/Vayva-Tech/vayva-polyrepo/123Design/Images & Videos,OLD/GLF-4.jpg,OLD,,GLF-4.jpg,GLF-4,.jpg,,IMAGE,366981,0.35,1123,1600,1123:1600,PORTRAIT,,,,,,2015-11-03T01:53:42+00:00,2015-11-03T01:53:42+00:00,2015-11-03 01:53:42 +0000,,,,3236608632039fbd99fdc0fc7dcef41ca80cad3e61a982c8a74abba26ad4f6d6,,OLD,,,ROOT_FOLDER,UNCLASSIFIED,P3,NOT_REVIEWED,LOW,NO,,,UNKNOWN,resolution_class=LOW
AST-000583,/Users/fredrick/Documents/Vayva-Tech/vayva-polyrepo/123Design/Images & Videos,OLD/GRO-R025.JPG,OLD,,GRO-R025.JPG,GRO-R025,.jpg,,IMAGE,302216,0.2882,1000,750,4:3,LANDSCAPE,,,,,,2017-02-23T23:45:16+00:00,2017-02-23T23:45:16+00:00,2017-02-23 23:45:16 +0000,,,,375f34f76ceb71f6b9d8cda174a5ecb58ed2cbd323ed19b9d235b1ca2b162ba4,,OLD,,,ROOT_FOLDER,UNCLASSIFIED,P3,NOT_REVIEWED,LOW,NO,,,UNKNOWN,resolution_class=LOW
AST-000584,/Users/fredrick/Documents/Vayva-Tech/vayva-polyrepo/123Design/Images & Videos,OLD/GRO-R036-2.jpg,OLD,,GRO-R036-2.jpg,GRO-R036-2,.jpg,,IMAGE,677570,0.6462,2000,1520,25:19,LANDSCAPE,,,,,,2017-02-24T20:49:16+00:00,2017-02-24T20:49:16+00:00,2017-02-24 14:49:11 +0000,,,,088677e3720833ab6be1eab0d4394686be575335b5f186ab0823217c61ee77c0,DUP-00298,OLD,,,ROOT_FOLDER,UNCLASSIFIED,P3,NOT_REVIEWED,MEDIUM,NO,,,UNKNOWN,resolution_class=MEDIUM
AST-000585,/Users/fredrick/Documents/Vayva-Tech/vayva-polyrepo/123Design/Images & Videos,OLD/GRO-R038-2.jpg,OLD,,GRO-R038-2.jpg,GRO-R038-2,.jpg,,IMAGE,2323600,2.216,3000,1941,1000:647,LANDSCAPE,,,,,,2017-02-27T14:47:16+00:00,2017-02-27T14:47:16+00:00,2017-02-27 08:47:20 +0000,,,,84527f454f22646f843eae3c3aa336572556e089de61fcf7a6fb424439945271,,OLD,,,ROOT_FOLDER,UNCLASSIFIED,P3,NOT_REVIEWED,MEDIUM,NO,,,UNKNOWN,resolution_class=MEDIUM
AST-000586,/Users/fredrick/Documents/Vayva-Tech/vayva-polyrepo/123Design/Images & Videos,OLD/GRO-R040-2.jpg,OLD,,GRO-R040-2.jpg,GRO-R040-2,.jpg,,IMAGE,2214303,2.1117,2500,1618,1250:809,LANDSCAPE,,,,,,2017-02-27T15:02:02+00:00,2017-02-27T15:02:02+00:00,2017-02-27 09:02:05 +0000,,,,2586fc7fd3da953f88da44d386b6c06f888245cc8d52aeb8d7c0c1ca4b4973ba,,OLD,,,ROOT_FOLDER,UNCLASSIFIED,P3,NOT_REVIEWED,MEDIUM,NO,,,UNKNOWN,resolution_class=MEDIUM
AST-000587,/Users/fredrick/Documents/Vayva-Tech/vayva-polyrepo/123Design/Images & Videos,OLD/GSL-008.jpg,OLD,,GSL-008.jpg,GSL-008,.jpg,,IMAGE,507002,0.4835,1200,1200,1:1,SQUARE,,,,,,2015-11-03T01:59:38+00:00,2015-11-03T01:59:38+00:00,2015-11-03 01:59:38 +0000,,,,eaa0a5e89ac4c5dfa228d5856c3a704603d62ebffb47bb56d5e10b4e98048b87,,OLD,,,ROOT_FOLDER,UNCLASSIFIED,P3,NOT_REVIEWED,LOW,NO,,,UNKNOWN,resolution_class=LOW
AST-000588,/Users/fredrick/Documents/Vayva-Tech/vayva-polyrepo/123Design/Images & Videos,OLD/GSL-010..JPG,OLD,,GSL-010..JPG,GSL-010.,.jpg,,IMAGE,454728,0.4337,1200,1200,1:1,SQUARE,,,,,,2015-11-03T01:59:38+00:00,2015-11-03T01:59:38+00:00,2015-11-03 01:59:38 +0000,,,,d7621b12fd55e380072bcfd7008bbfd20512b9ab2f2b6233b04d1527a2eda241,,OLD,,,ROOT_FOLDER,UNCLASSIFIED,P3,NOT_REVIEWED,LOW,NO,,,UNKNOWN,resolution_class=LOW
AST-000589,/Users/fredrick/Documents/Vayva-Tech/vayva-polyrepo/123Design/Images & Videos,OLD/GSL-012.JPG,OLD,,GSL-012.JPG,GSL-012,.jpg,,IMAGE,2257762,2.1532,2500,2500,1:1,SQUARE,,,,,,2015-11-03T01:59:38+00:00,2015-11-03T01:59:38+00:00,2015-11-03 01:59:38 +0000,,,,6185a1a9c5a37b2356d1a9b67c0cd1de232f3484aaab8090b909576a4ba1eba4,,OLD,,,ROOT_FOLDER,UNCLASSIFIED,P3,NOT_REVIEWED,HIGH,NO,,,UNKNOWN,resolution_class=HIGH
AST-000590,/Users/fredrick/Documents/Vayva-Tech/vayva-polyrepo/123Design/Images & Videos,OLD/GSL-013-1.JPG,OLD,,GSL-013-1.JPG,GSL-013-1,.jpg,,IMAGE,1183420,1.1286,1200,1600,3:4,PORTRAIT,,,,,,2015-11-03T01:59:38+00:00,2015-11-03T01:59:38+00:00,2015-11-03 01:59:38 +0000,,,,4e7b68f201edbeee66e4e79c23a4fd728760af04adb2adcc7f7059acdd4722f5,DUP-00299,OLD,,,ROOT_FOLDER,UNCLASSIFIED,P3,NOT_REVIEWED,LOW,NO,,,UNKNOWN,resolution_class=LOW
AST-000591,/Users/fredrick/Documents/Vayva-Tech/vayva-polyrepo/123Design/Images & Videos,OLD/GSL-014-1.JPG,OLD,,GSL-014-1.JPG,GSL-014-1,.jpg,,IMAGE,859611,0.8198,1280,1201,1280:1201,LANDSCAPE,,,,,,2015-11-03T01:59:38+00:00,2015-11-03T01:59:38+00:00,2015-11-03 01:59:38 +0000,,,,8f8ae7a675e3495e904bed3c8035f720a8df00a62d4ecfdf2783f63828e44c5c,DUP-00300,OLD,,,ROOT_FOLDER,UNCLASSIFIED,P3,NOT_REVIEWED,LOW,NO,,,UNKNOWN,resolution_class=LOW
AST-000592,/Users/fredrick/Documents/Vayva-Tech/vayva-polyrepo/123Design/Images & Videos,OLD/GSL-015.JPG,OLD,,GSL-015.JPG,GSL-015,.jpg,,IMAGE,454994,0.4339,984,848,123:106,LANDSCAPE,,,,,,2015-11-03T01:59:38+00:00,2015-11-03T01:59:38+00:00,2015-11-03 01:59:38 +0000,,,,44857e726d96b3f3a8234e084151af5260dd6cd38a33b73126ad90e74af518b8,,OLD,,,ROOT_FOLDER,UNCLASSIFIED,P3,NOT_REVIEWED,LOW,NO,,,UNKNOWN,resolution_class=LOW
AST-000593,/Users/fredrick/Documents/Vayva-Tech/vayva-polyrepo/123Design/Images & Videos,OLD/GSL-018.JPG,OLD,,GSL-018.JPG,GSL-018,.jpg,,IMAGE,979795,0.9344,1280,1201,1280:1201,LANDSCAPE,,,,,,2015-11-03T01:59:40+00:00,2015-11-03T01:59:40+00:00,2012-01-20 15:24:15 +0000,,,,70078a795f734bd8aae1dd90bb6b873d47a31e38297c611919616a7aa05298e9,,OLD,,,ROOT_FOLDER,UNCLASSIFIED,P3,NOT_REVIEWED,LOW,NO,,,UNKNOWN,resolution_class=LOW
AST-000594,/Users/fredrick/Documents/Vayva-Tech/vayva-polyrepo/123Design/Images & Videos,OLD/GSL-020.JPG,OLD,,GSL-020.JPG,GSL-020,.jpg,,IMAGE,702748,0.6702,1600,917,1600:917,LANDSCAPE,,,,,,2015-11-03T01:59:40+00:00,2015-11-03T01:59:40+00:00,2012-01-23 16:31:07 +0000,,,,8c7ab4c9e7102536b7db13b0810ad05957c2cc6cabd5f82d3dcce1b9272fad46,,OLD,,,ROOT_FOLDER,UNCLASSIFIED,P3,NOT_REVIEWED,LOW,NO,,,UNKNOWN,resolution_class=LOW
AST-000595,/Users/fredrick/Documents/Vayva-Tech/vayva-polyrepo/123Design/Images & Videos,OLD/GUN-R026-2.jpg,OLD,,GUN-R026-2.jpg,GUN-R026-2,.jpg,,IMAGE,92703,0.0884,1200,800,3:2,LANDSCAPE,,,,,,2015-11-03T03:39:36+00:00,2015-11-03T03:39:36+00:00,2012-02-28 09:10:55 +0000,,,,05eab0b98083ffd12ab7946ce0d907e618ce542853cefa91c4d864b595d56c73,DUP-00301,OLD,,,ROOT_FOLDER,UNCLASSIFIED,P3,NOT_REVIEWED,LOW,NO,,,UNKNOWN,resolution_class=LOW
AST-000596,/Users/fredrick/Documents/Vayva-Tech/vayva-polyrepo/123Design/Images & Videos,OLD/GUN-R038.JPG,OLD,,GUN-R038.JPG,GUN-R038,.jpg,,IMAGE,191230,0.1824,1200,799,1200:799,LANDSCAPE,,,,,,2015-11-03T03:39:40+00:00,2015-11-03T03:39:40+00:00,2015-11-03 03:39:40 +0000,,,,b18ec4144431e83395f712bc19eb7457684d6c99f91fc8bd3d0d2ad781bedf9b,,OLD,,,ROOT_FOLDER,UNCLASSIFIED,P3,NOT_REVIEWED,LOW,NO,,,UNKNOWN,resolution_class=LOW
AST-000597,/Users/fredrick/Documents/Vayva-Tech/vayva-polyrepo/123Design/Images & Videos,OLD/HED-P015a.jpg,OLD,,HED-P015a.jpg,HED-P015a,.jpg,,IMAGE,621988,0.5932,800,1200,2:3,PORTRAIT,,,,,,2015-11-03T03:59:12+00:00,2015-11-03T03:59:12+00:00,2012-04-19 14:04:01 +0000,,,,4bb590efe981151d14dcd3d5ea0f38a367fb7ab2218772478da4ba5f738afd5a,DUP-00302,OLD,,,ROOT_FOLDER,UNCLASSIFIED,P3,NOT_REVIEWED,LOW,NO,,,UNKNOWN,resolution_class=LOW
AST-000598,/Users/fredrick/Documents/Vayva-Tech/vayva-polyrepo/123Design/Images & Videos,OLD/HED-P016b.jpg,OLD,,HED-P016b.jpg,HED-P016b,.jpg,,IMAGE,1311527,1.2508,1600,1212,400:303,LANDSCAPE,,,,,,2015-11-03T03:59:12+00:00,2015-11-03T03:59:12+00:00,2010-05-16 13:39:59 +0000,Canon,Canon PowerShot SD1200 IS,,4672b26e7f754d5948e7fc1191e7242a0aac29bf5b5c0c762af21ddc4cc0c445,DUP-00303,OLD,,,ROOT_FOLDER,UNCLASSIFIED,P3,NOT_REVIEWED,LOW,NO,,,UNKNOWN,resolution_class=LOW
AST-000599,/Users/fredrick/Documents/Vayva-Tech/vayva-polyrepo/123Design/Images & Videos,OLD/HED-P017b.jpg,OLD,,HED-P017b.jpg,HED-P017b,.jpg,,IMAGE,1290084,1.2303,1600,1198,800:599,LANDSCAPE,,,,,,2015-11-03T03:59:12+00:00,2015-11-03T03:59:12+00:00,2012-04-20 09:29:45 +0000,,,,3323ce6f6066291abcd5116e27ced494607e8602f0eeb7366a937f1c28372892,,OLD,,,ROOT_FOLDER,UNCLASSIFIED,P3,NOT_REVIEWED,LOW,NO,,,UNKNOWN,resolution_class=LOW
AST-000600,/Users/fredrick/Documents/Vayva-Tech/vayva-polyrepo/123Design/Images & Videos,OLD/HED-P018a.jpg,OLD,,HED-P018a.jpg,HED-P018a,.jpg,,IMAGE,741649,0.7073,1869,1500,623:500,LANDSCAPE,,,,,,2015-11-03T03:59:12+00:00,2015-11-03T03:59:12+00:00,2012-04-19 15:28:15 +0000,,,,0d963285f7337a97bd506e886692784d535129140feb8e5ffc5116c6948f7ee2,DUP-00304,OLD,,,ROOT_FOLDER,UNCLASSIFIED,P3,NOT_REVIEWED,MEDIUM,NO,,,UNKNOWN,resolution_class=MEDIUM
AST-000601,/Users/fredrick/Documents/Vayva-Tech/vayva-polyrepo/123Design/Images & Videos,OLD/HED-P046.jpg,OLD,,HED-P046.jpg,HED-P046,.jpg,,IMAGE,359107,0.3425,1200,667,1200:667,LANDSCAPE,,,,,,2015-11-03T03:59:12+00:00,2015-11-03T03:59:12+00:00,2015-11-03 03:59:12 +0000,,,,de8d790808e1149f73738b5b81146636d6c5c181fc8e1b02d2fd7996f40e2f0f,,OLD,,,ROOT_FOLDER,UNCLASSIFIED,P3,NOT_REVIEWED,LOW,NO,,,UNKNOWN,resolution_class=LOW
AST-000602,/Users/fredrick/Documents/Vayva-Tech/vayva-polyrepo/123Design/Images & Videos,OLD/HED-P049.jpg,OLD,,HED-P049.jpg,HED-P049,.jpg,,IMAGE,320006,0.3052,1200,667,1200:667,LANDSCAPE,,,,,,2015-11-03T03:59:12+00:00,2015-11-03T03:59:12+00:00,2015-11-03 03:59:12 +0000,,,,025b5a0c00b19319c5a25f94007215edeebfd95ccf3632ee9fbb9ece00248c5a,,OLD,,,ROOT_FOLDER,UNCLASSIFIED,P3,NOT_REVIEWED,LOW,NO,,,UNKNOWN,resolution_class=LOW
AST-000603,/Users/fredrick/Documents/Vayva-Tech/vayva-polyrepo/123Design/Images & Videos,OLD/HED-P053.jpg,OLD,,HED-P053.jpg,HED-P053,.jpg,,IMAGE,240676,0.2295,1300,722,650:361,LANDSCAPE,,,,,,2015-11-03T03:59:12+00:00,2015-11-03T03:59:12+00:00,2015-11-03 03:59:12 +0000,,,,7d15446330dd7c7a5deb0bd235de9cd8750ba330a34f2bfe1c334c03de4fa627,,OLD,,,ROOT_FOLDER,UNCLASSIFIED,P3,NOT_REVIEWED,LOW,NO,,,UNKNOWN,resolution_class=LOW
AST-000604,/Users/fredrick/Documents/Vayva-Tech/vayva-polyrepo/123Design/Images & Videos,OLD/HED-R004.jpg,OLD,,HED-R004.jpg,HED-R004,.jpg,,IMAGE,772931,0.7371,2490,1992,5:4,LANDSCAPE,,,,,,2015-11-03T03:59:12+00:00,2015-11-03T03:59:12+00:00,2012-05-14 11:51:39 +0000,,,,20484ef55eb6b42f52240c2da37fd265c8475ebb040feae9b60557668a1c2e69,DUP-00305,OLD,,,ROOT_FOLDER,UNCLASSIFIED,P3,NOT_REVIEWED,MEDIUM,NO,,,UNKNOWN,resolution_class=MEDIUM
AST-000605,/Users/fredrick/Documents/Vayva-Tech/vayva-polyrepo/123Design/Images & Videos,OLD/HED-R006.jpg,OLD,,HED-R006.jpg,HED-R006,.jpg,,IMAGE,270112,0.2576,1182,1600,591:800,PORTRAIT,,,,,,2015-11-03T03:59:16+00:00,2015-11-03T03:59:16+00:00,2012-05-14 13:20:39 +0000,,,,ca1f9c5cd5b5859ed7147aedcb041965f363d0324dee49468d93fa7cb583c7d7,,OLD,,,ROOT_FOLDER,UNCLASSIFIED,P3,NOT_REVIEWED,LOW,NO,,,UNKNOWN,resolution_class=LOW
AST-000606,/Users/fredrick/Documents/Vayva-Tech/vayva-polyrepo/123Design/Images & Videos,OLD/HP.jpg,OLD,,HP.jpg,HP,.jpg,,IMAGE,2985302,2.847,4961,3508,4961:3508,LANDSCAPE,,,,,,2015-11-02T20:14:38+00:00,2015-11-02T20:14:38+00:00,2013-07-18 15:11:29 +0000,,,,322948040940c5f50bb9c2a69e78b335bdd9f0d60cd363625435fefddfb9cc5b,,OLD,,,ROOT_FOLDER,UNCLASSIFIED,P3,NOT_REVIEWED,VERY_HIGH,NO,,,UNKNOWN,resolution_class=VERY_HIGH
AST-000607,/Users/fredrick/Documents/Vayva-Tech/vayva-polyrepo/123Design/Images & Videos,OLD/HPS-019.JPG,OLD,,HPS-019.JPG,HPS-019,.jpg,,IMAGE,677937,0.6465,1800,2300,18:23,PORTRAIT,,,,,,2015-11-03T04:02:52+00:00,2015-11-03T04:02:52+00:00,2015-11-03 04:02:52 +0000,,,,61f084064593d3d5cafe857460f568fb31d07f8085eaa11d470e1ada230d291c,DUP-00306,OLD,,,ROOT_FOLDER,UNCLASSIFIED,P3,NOT_REVIEWED,MEDIUM,NO,,,UNKNOWN,resolution_class=MEDIUM
AST-000608,/Users/fredrick/Documents/Vayva-Tech/vayva-polyrepo/123Design/Images & Videos,OLD/HPS-020.JPG,OLD,,HPS-020.JPG,HPS-020,.jpg,,IMAGE,660952,0.6303,1800,2200,9:11,PORTRAIT,,,,,,2015-11-03T04:02:52+00:00,2015-11-03T04:02:52+00:00,2015-11-03 04:02:52 +0000,,,,0422139e8d5628d62ef699e780ba2fb1ab9f26be625427650f6b35daebd93ac5,,OLD,,,ROOT_FOLDER,UNCLASSIFIED,P3,NOT_REVIEWED,MEDIUM,NO,,,UNKNOWN,resolution_class=MEDIUM
AST-000609,/Users/fredrick/Documents/Vayva-Tech/vayva-polyrepo/123Design/Images & Videos,OLD/HPS-021.jpg,OLD,,HPS-021.jpg,HPS-021,.jpg,,IMAGE,668830,0.6378,1800,2300,18:23,PORTRAIT,,,,,,2015-11-03T04:02:52+00:00,2015-11-03T04:02:52+00:00,2015-11-03 04:02:52 +0000,,,,abea3e658c676126dbdb4a9f3475ea9e0e6cb302a4a48dc309ae7b45fd4efa33,,OLD,,,ROOT_FOLDER,UNCLASSIFIED,P3,NOT_REVIEWED,MEDIUM,NO,,,UNKNOWN,resolution_class=MEDIUM
AST-000610,/Users/fredrick/Documents/Vayva-Tech/vayva-polyrepo/123Design/Images & Videos,OLD/HPS-028.jpg,OLD,,HPS-028.jpg,HPS-028,.jpg,,IMAGE,636723,0.6072,1800,2300,18:23,PORTRAIT,,,,,,2015-11-03T04:02:52+00:00,2015-11-03T04:02:52+00:00,2015-11-03 04:02:52 +0000,,,,3c1aeca0955960b7ed82c24d5d4ed6f1c85afd08701654d0797eace2fa572535,,OLD,,,ROOT_FOLDER,UNCLASSIFIED,P3,NOT_REVIEWED,MEDIUM,NO,,,UNKNOWN,resolution_class=MEDIUM
AST-000611,/Users/fredrick/Documents/Vayva-Tech/vayva-polyrepo/123Design/Images & Videos,OLD/HPS-031.jpg,OLD,,HPS-031.jpg,HPS-031,.jpg,,IMAGE,829280,0.7909,1605,1205,321:241,LANDSCAPE,,,,,,2015-11-03T04:02:54+00:00,2015-11-03T04:02:54+00:00,2015-11-03 04:02:54 +0000,,,,5c9929bbe7675a425f4f3d61bc5b7fa18a63ea3366bd5be0d9d1058ea0453d07,DUP-00307,OLD,,,ROOT_FOLDER,UNCLASSIFIED,P3,NOT_REVIEWED,LOW,NO,,,UNKNOWN,resolution_class=LOW
AST-000612,/Users/fredrick/Documents/Vayva-Tech/vayva-polyrepo/123Design/Images & Videos,OLD/HPS-032.jpg,OLD,,HPS-032.jpg,HPS-032,.jpg,,IMAGE,497001,0.474,1200,904,150:113,LANDSCAPE,,,,,,2015-11-03T04:02:54+00:00,2015-11-03T04:02:54+00:00,2015-11-03 04:02:54 +0000,,,,f8b5846843232f2c020e7cdee1cd626445f10eb3f7a925eba1e6ea702553d28c,DUP-00308,OLD,,,ROOT_FOLDER,UNCLASSIFIED,P3,NOT_REVIEWED,LOW,NO,,,UNKNOWN,resolution_class=LOW
AST-000613,/Users/fredrick/Documents/Vayva-Tech/vayva-polyrepo/123Design/Images & Videos,OLD/HPS-033.JPG,OLD,,HPS-033.JPG,HPS-033,.jpg,,IMAGE,1009485,0.9627,1600,1200,4:3,LANDSCAPE,,,,,,2015-11-03T04:02:54+00:00,2015-11-03T04:02:54+00:00,2015-11-03 04:02:54 +0000,,,,c2aa9a6a85f3d741cb8971863b93f9c8ee3fcec5bcf9b5e920d3ee577f476979,DUP-00309,OLD,,,ROOT_FOLDER,UNCLASSIFIED,P3,NOT_REVIEWED,LOW,NO,,,UNKNOWN,resolution_class=LOW
AST-000614,/Users/fredrick/Documents/Vayva-Tech/vayva-polyrepo/123Design/Images & Videos,OLD/HPS-034.jpg,OLD,,HPS-034.jpg,HPS-034,.jpg,,IMAGE,665791,0.6349,1400,931,200:133,LANDSCAPE,,,,,,2015-11-03T04:02:54+00:00,2015-11-03T04:02:54+00:00,2015-11-03 04:02:54 +0000,,,,6069da92c014d343a75d104da20a057e8d9286db6f48171e9921d53d7f542714,DUP-00310,OLD,,,ROOT_FOLDER,UNCLASSIFIED,P3,NOT_REVIEWED,LOW,NO,,,UNKNOWN,resolution_class=LOW
AST-000615,/Users/fredrick/Documents/Vayva-Tech/vayva-polyrepo/123Design/Images & Videos,OLD/HPS-P014.jpg,OLD,,HPS-P014.jpg,HPS-P014,.jpg,,IMAGE,271186,0.2586,1200,600,2:1,LANDSCAPE,,,,,,2015-11-03T23:44:12+00:00,2015-11-03T23:44:12+00:00,2015-11-03 23:44:12 +0000,,,,fec446e772f58be37388fe78bf7b54eca9bdfb7fc51c18f3ab06e6fa8a8a99f0,,OLD,,,ROOT_FOLDER,UNCLASSIFIED,P3,NOT_REVIEWED,LOW,NO,,,UNKNOWN,resolution_class=LOW
AST-000616,/Users/fredrick/Documents/Vayva-Tech/vayva-polyrepo/123Design/Images & Videos,OLD/HPS-P015.jpg,OLD,,HPS-P015.jpg,HPS-P015,.jpg,,IMAGE,290176,0.2767,1200,600,2:1,LANDSCAPE,,,,,,2015-11-03T23:44:12+00:00,2015-11-03T23:44:12+00:00,2015-11-03 23:44:12 +0000,,,,9959d246c02071d49168de0939aac6bb5a52671823b55cbfae57c0ff2f4c2452,,OLD,,,ROOT_FOLDER,UNCLASSIFIED,P3,NOT_REVIEWED,LOW,NO,,,UNKNOWN,resolution_class=LOW
AST-000617,/Users/fredrick/Documents/Vayva-Tech/vayva-polyrepo/123Design/Images & Videos,OLD/HPS-P016.jpg,OLD,,HPS-P016.jpg,HPS-P016,.jpg,,IMAGE,375643,0.3582,1000,1200,5:6,PORTRAIT,,,,,,2015-11-03T23:44:12+00:00,2015-11-03T23:44:12+00:00,2015-11-03 23:44:12 +0000,,,,3db92f85698f6e8b9799fc2c7010b50623542122f8d2b803135a12c2c835f635,,OLD,,,ROOT_FOLDER,UNCLASSIFIED,P3,NOT_REVIEWED,LOW,NO,,,UNKNOWN,resolution_class=LOW
AST-000618,/Users/fredrick/Documents/Vayva-Tech/vayva-polyrepo/123Design/Images & Videos,OLD/IMG 2014-05-05-CONCEPT SKETCHES - 000.jpg,OLD,,IMG 2014-05-05-CONCEPT SKETCHES - 000.jpg,IMG 2014-05-05-CONCEPT SKETCHES - 000,.jpg,,IMAGE,2945708,2.8092,5100,3300,17:11,LANDSCAPE,,,,,,2015-11-03T04:22:04+00:00,2015-11-03T04:22:04+00:00,2014-05-05 14:40:11 +0000,,,,56c0a490e9e70eb46e6ceada3800f3c408e20c69d602b0a525e86bf09f407881,,OLD,,,ROOT_FOLDER,UNCLASSIFIED,P3,NOT_REVIEWED,VERY_HIGH,NO,,,UNKNOWN,resolution_class=VERY_HIGH
AST-000619,/Users/fredrick/Documents/Vayva-Tech/vayva-polyrepo/123Design/Images & Videos,OLD/IMG 2014-05-05-CONCEPT SKETCHES - 001.jpg,OLD,,IMG 2014-05-05-CONCEPT SKETCHES - 001.jpg,IMG 2014-05-05-CONCEPT SKETCHES - 001,.jpg,,IMAGE,3075545,2.9331,5100,3300,17:11,LANDSCAPE,,,,,,2015-11-03T04:22:06+00:00,2015-11-03T04:22:06+00:00,2014-05-05 15:27:40 +0000,,,,e0b369c143f669e6ba0e1e6539f14f0ffa1404edd55c04a7d74b799917a43886,,OLD,,,ROOT_FOLDER,UNCLASSIFIED,P3,NOT_REVIEWED,VERY_HIGH,NO,,,UNKNOWN,resolution_class=VERY_HIGH
AST-000620,/Users/fredrick/Documents/Vayva-Tech/vayva-polyrepo/123Design/Images & Videos,OLD/IMG 2014-05-05-CONCEPT SKETCHES - 002.jpg,OLD,,IMG 2014-05-05-CONCEPT SKETCHES - 002.jpg,IMG 2014-05-05-CONCEPT SKETCHES - 002,.jpg,,IMAGE,3299513,3.1467,5100,3300,17:11,LANDSCAPE,,,,,,2015-11-03T04:22:06+00:00,2015-11-03T04:22:06+00:00,2014-05-05 14:40:03 +0000,,,,4007ebaea40db99d3f1ec84d8526ba0337693d291b0b78a1923e2cdd8a0619ee,,OLD,,,ROOT_FOLDER,UNCLASSIFIED,P3,NOT_REVIEWED,VERY_HIGH,NO,,,UNKNOWN,resolution_class=VERY_HIGH
AST-000621,/Users/fredrick/Documents/Vayva-Tech/vayva-polyrepo/123Design/Images & Videos,OLD/IMG 2014-05-05-CONCEPT SKETCHES - 003.jpg,OLD,,IMG 2014-05-05-CONCEPT SKETCHES - 003.jpg,IMG 2014-05-05-CONCEPT SKETCHES - 003,.jpg,,IMAGE,2943066,2.8067,5100,3300,17:11,LANDSCAPE,,,,,,2015-11-03T04:22:06+00:00,2015-11-03T04:22:06+00:00,2014-05-05 14:38:32 +0000,,,,fb17d84d09f53faa570df895238c3e1adbb4cfbc5bfb38b538dfafa1229e4ae9,,OLD,,,ROOT_FOLDER,UNCLASSIFIED,P3,NOT_REVIEWED,VERY_HIGH,NO,,,UNKNOWN,resolution_class=VERY_HIGH
AST-000622,/Users/fredrick/Documents/Vayva-Tech/vayva-polyrepo/123Design/Images & Videos,OLD/IMG 2014-05-05-CONCEPT SKETCHES - 004.jpg,OLD,,IMG 2014-05-05-CONCEPT SKETCHES - 004.jpg,IMG 2014-05-05-CONCEPT SKETCHES - 004,.jpg,,IMAGE,2979045,2.841,5100,3300,17:11,LANDSCAPE,,,,,,2015-11-03T04:22:06+00:00,2015-11-03T04:22:06+00:00,2014-05-05 14:40:37 +0000,,,,35943eed111a92c007e94d01572b11072147372856492afc842d7b485847bf81,,OLD,,,ROOT_FOLDER,UNCLASSIFIED,P3,NOT_REVIEWED,VERY_HIGH,NO,,,UNKNOWN,resolution_class=VERY_HIGH
AST-000623,/Users/fredrick/Documents/Vayva-Tech/vayva-polyrepo/123Design/Images & Videos,OLD/IMG 2014-05-05-CONCEPT SKETCHES - 005.jpg,OLD,,IMG 2014-05-05-CONCEPT SKETCHES - 005.jpg,IMG 2014-05-05-CONCEPT SKETCHES - 005,.jpg,,IMAGE,2714549,2.5888,5100,3300,17:11,LANDSCAPE,,,,,,2015-11-03T04:22:06+00:00,2015-11-03T04:22:06+00:00,2014-05-05 14:42:43 +0000,,,,605e58f960a11930e35bce44c55dd32d2e94b804c2d3bc6c2da4524850eedc72,,OLD,,,ROOT_FOLDER,UNCLASSIFIED,P3,NOT_REVIEWED,VERY_HIGH,NO,,,UNKNOWN,resolution_class=VERY_HIGH
AST-000624,/Users/fredrick/Documents/Vayva-Tech/vayva-polyrepo/123Design/Images & Videos,OLD/IMG 2014-05-05-CONCEPT SKETCHES - 006.jpg,OLD,,IMG 2014-05-05-CONCEPT SKETCHES - 006.jpg,IMG 2014-05-05-CONCEPT SKETCHES - 006,.jpg,,IMAGE,3209927,3.0612,5100,3300,17:11,LANDSCAPE,,,,,,2015-11-03T04:22:06+00:00,2015-11-03T04:22:06+00:00,2014-05-05 14:42:33 +0000,,,,303d99c8010d84f4a2a3a1ebbf48b23e43be61b7c43b0df56f9eb1d803d2fa66,,OLD,,,ROOT_FOLDER,UNCLASSIFIED,P3,NOT_REVIEWED,VERY_HIGH,NO,,,UNKNOWN,resolution_class=VERY_HIGH
AST-000625,/Users/fredrick/Documents/Vayva-Tech/vayva-polyrepo/123Design/Images & Videos,OLD/IMG 2014-05-05-CONCEPT SKETCHES - 007.jpg,OLD,,IMG 2014-05-05-CONCEPT SKETCHES - 007.jpg,IMG 2014-05-05-CONCEPT SKETCHES - 007,.jpg,,IMAGE,4849490,4.6248,4961,3203,4961:3203,LANDSCAPE,,,,,,2015-11-03T04:22:06+00:00,2015-11-03T04:22:06+00:00,2014-05-05 13:11:07 +0000,,,,7f06c4e801201432d326741d84b1b3411d797d07575b669b039b45a897fc311c,,OLD,,,ROOT_FOLDER,UNCLASSIFIED,P3,NOT_REVIEWED,VERY_HIGH,NO,,,UNKNOWN,resolution_class=VERY_HIGH
AST-000626,/Users/fredrick/Documents/Vayva-Tech/vayva-polyrepo/123Design/Images & Videos,OLD/IMG 2014-05-05-CONCEPT SKETCHES - 008.jpg,OLD,,IMG 2014-05-05-CONCEPT SKETCHES - 008.jpg,IMG 2014-05-05-CONCEPT SKETCHES - 008,.jpg,,IMAGE,3136867,2.9915,5100,3300,17:11,LANDSCAPE,,,,,,2015-11-03T04:22:06+00:00,2015-11-03T04:22:06+00:00,2014-05-05 14:44:17 +0000,,,,26cf58a91177fae6e36054af3ac55b748866db64ba960204852b82f8ebd15b36,,OLD,,,ROOT_FOLDER,UNCLASSIFIED,P3,NOT_REVIEWED,VERY_HIGH,NO,,,UNKNOWN,resolution_class=VERY_HIGH
AST-000627,/Users/fredrick/Documents/Vayva-Tech/vayva-polyrepo/123Design/Images & Videos,OLD/IMG 2014-05-05-CONCEPT SKETCHES - 009.jpg,OLD,,IMG 2014-05-05-CONCEPT SKETCHES - 009.jpg,IMG 2014-05-05-CONCEPT SKETCHES - 009,.jpg,,IMAGE,3189193,3.0415,5100,3300,17:11,LANDSCAPE,,,,,,2015-11-03T04:22:08+00:00,2015-11-03T04:22:08+00:00,2014-05-05 14:44:07 +0000,,,,0341bccaf67ebab2d299240cc8af4addac3e1ba4480bf3fbc02c2568d28e097e,,OLD,,,ROOT_FOLDER,UNCLASSIFIED,P3,NOT_REVIEWED,VERY_HIGH,NO,,,UNKNOWN,resolution_class=VERY_HIGH
AST-000628,/Users/fredrick/Documents/Vayva-Tech/vayva-polyrepo/123Design/Images & Videos,OLD/IMG 2014-05-05-CONCEPT SKETCHES - 010.jpg,OLD,,IMG 2014-05-05-CONCEPT SKETCHES - 010.jpg,IMG 2014-05-05-CONCEPT SKETCHES - 010,.jpg,,IMAGE,3809386,3.6329,4961,3203,4961:3203,LANDSCAPE,,,,,,2015-11-03T04:22:08+00:00,2015-11-03T04:22:08+00:00,2014-05-05 13:22:03 +0000,,,,aa9a738e6a73b2085d0ecb1b5525c9c723314dce152b8d4aa3ddf2975a632627,,OLD,,,ROOT_FOLDER,UNCLASSIFIED,P3,NOT_REVIEWED,VERY_HIGH,NO,,,UNKNOWN,resolution_class=VERY_HIGH
AST-000629,/Users/fredrick/Documents/Vayva-Tech/vayva-polyrepo/123Design/Images & Videos,OLD/IMG 2014-05-05-CONCEPT SKETCHES - 011.jpg,OLD,,IMG 2014-05-05-CONCEPT SKETCHES - 011.jpg,IMG 2014-05-05-CONCEPT SKETCHES - 011,.jpg,,IMAGE,3503399,3.3411,4961,3203,4961:3203,LANDSCAPE,,,,,,2015-11-03T04:22:08+00:00,2015-11-03T04:22:08+00:00,2014-05-05 13:34:06 +0000,,,,728d29e92df22e16b736d8199b30e489c4fa8069ca262eddecaa60f0c7e13bd2,,OLD,,,ROOT_FOLDER,UNCLASSIFIED,P3,NOT_REVIEWED,VERY_HIGH,NO,,,UNKNOWN,resolution_class=VERY_HIGH
AST-000630,/Users/fredrick/Documents/Vayva-Tech/vayva-polyrepo/123Design/Images & Videos,OLD/IMG 2014-05-05-CONCEPT SKETCHES - 012.jpg,OLD,,IMG 2014-05-05-CONCEPT SKETCHES - 012.jpg,IMG 2014-05-05-CONCEPT SKETCHES - 012,.jpg,,IMAGE,3341788,3.187,4961,3203,4961:3203,LANDSCAPE,,,,,,2015-11-03T04:22:08+00:00,2015-11-03T04:22:08+00:00,2014-05-05 13:26:00 +0000,,,,66b437d731d7e9791ba30d0028f128a86489cca4772ca43f78bc466efa620802,,OLD,,,ROOT_FOLDER,UNCLASSIFIED,P3,NOT_REVIEWED,VERY_HIGH,NO,,,UNKNOWN,resolution_class=VERY_HIGH
AST-000631,/Users/fredrick/Documents/Vayva-Tech/vayva-polyrepo/123Design/Images & Videos,OLD/IMG 2014-05-05-CONCEPT SKETCHES - 013.jpg,OLD,,IMG 2014-05-05-CONCEPT SKETCHES - 013.jpg,IMG 2014-05-05-CONCEPT SKETCHES - 013,.jpg,,IMAGE,3525566,3.3622,5100,3300,17:11,LANDSCAPE,,,,,,2015-11-03T04:22:08+00:00,2015-11-03T04:22:08+00:00,2014-05-05 14:42:23 +0000,,,,64af5ca2ecfaf13afcbd2d9138548fe3bfaf94a4dcc39403a0b3ddc0cd027a8d,,OLD,,,ROOT_FOLDER,UNCLASSIFIED,P3,NOT_REVIEWED,VERY_HIGH,NO,,,UNKNOWN,resolution_class=VERY_HIGH
AST-000632,/Users/fredrick/Documents/Vayva-Tech/vayva-polyrepo/123Design/Images & Videos,OLD/IMG 2014-05-05-CONCEPT SKETCHES - 014.jpg,OLD,,IMG 2014-05-05-CONCEPT SKETCHES - 014.jpg,IMG 2014-05-05-CONCEPT SKETCHES - 014,.jpg,,IMAGE,3873468,3.694,4961,3203,4961:3203,LANDSCAPE,,,,,,2015-11-03T04:22:08+00:00,2015-11-03T04:22:08+00:00,2014-05-05 13:31:52 +0000,,,,c95568b3af3ea07ff5974c1e0a0d76f8221400356aa5eedf4339f1895a00f3af,,OLD,,,ROOT_FOLDER,UNCLASSIFIED,P3,NOT_REVIEWED,VERY_HIGH,NO,,,UNKNOWN,resolution_class=VERY_HIGH
AST-000633,/Users/fredrick/Documents/Vayva-Tech/vayva-polyrepo/123Design/Images & Videos,OLD/IMG 2014-05-05-CONCEPT SKETCHES - 015.jpg,OLD,,IMG 2014-05-05-CONCEPT SKETCHES - 015.jpg,IMG 2014-05-05-CONCEPT SKETCHES - 015,.jpg,,IMAGE,2996611,2.8578,4961,3203,4961:3203,LANDSCAPE,,,,,,2015-11-03T04:22:08+00:00,2015-11-03T04:22:08+00:00,2014-05-05 12:41:10 +0000,,,,7ad3731880260fc597bf51fdfe29234ce53f85df80c1b43b2d5fe452c54dee43,,OLD,,,ROOT_FOLDER,UNCLASSIFIED,P3,NOT_REVIEWED,VERY_HIGH,NO,,,UNKNOWN,resolution_class=VERY_HIGH
AST-000634,/Users/fredrick/Documents/Vayva-Tech/vayva-polyrepo/123Design/Images & Videos,OLD/IMG 2014-05-05-CONCEPT SKETCHES - 017.jpg,OLD,,IMG 2014-05-05-CONCEPT SKETCHES - 017.jpg,IMG 2014-05-05-CONCEPT SKETCHES - 017,.jpg,,IMAGE,2983728,2.8455,4961,3203,4961:3203,LANDSCAPE,,,,,,2015-11-03T04:22:10+00:00,2015-11-03T04:22:10+00:00,2014-05-05 12:44:45 +0000,,,,277979a8be8b2ed254d2821cc6add30d3cb426c5a12a24a88a2a97b13169b83b,,OLD,,,ROOT_FOLDER,UNCLASSIFIED,P3,NOT_REVIEWED,VERY_HIGH,NO,,,UNKNOWN,resolution_class=VERY_HIGH
AST-000635,/Users/fredrick/Documents/Vayva-Tech/vayva-polyrepo/123Design/Images & Videos,OLD/IMG 2014-05-05-CONCEPT SKETCHES - 018.jpg,OLD,,IMG 2014-05-05-CONCEPT SKETCHES - 018.jpg,IMG 2014-05-05-CONCEPT SKETCHES - 018,.jpg,,IMAGE,4507237,4.2984,4961,3203,4961:3203,LANDSCAPE,,,,,,2015-11-03T04:22:10+00:00,2015-11-03T04:22:10+00:00,2014-05-05 12:43:08 +0000,,,,314ae2896a4b1e1b5c480431ec7452c97047a75460a7d5354cc5aae466819647,,OLD,,,ROOT_FOLDER,UNCLASSIFIED,P3,NOT_REVIEWED,VERY_HIGH,NO,,,UNKNOWN,resolution_class=VERY_HIGH
AST-000636,/Users/fredrick/Documents/Vayva-Tech/vayva-polyrepo/123Design/Images & Videos,OLD/IMG 2014-05-05-CONCEPT SKETCHES - 019.jpg,OLD,,IMG 2014-05-05-CONCEPT SKETCHES - 019.jpg,IMG 2014-05-05-CONCEPT SKETCHES - 019,.jpg,,IMAGE,3023071,2.883,5100,3300,17:11,LANDSCAPE,,,,,,2015-11-03T04:22:10+00:00,2015-11-03T04:22:10+00:00,2014-05-05 14:43:55 +0000,,,,b5ca69252c8f94d027ca6a8d2a8cdcf9047b3d97b59bf9a3891dac35f3050251,,OLD,,,ROOT_FOLDER,UNCLASSIFIED,P3,NOT_REVIEWED,VERY_HIGH,NO,,,UNKNOWN,resolution_class=VERY_HIGH
AST-000637,/Users/fredrick/Documents/Vayva-Tech/vayva-polyrepo/123Design/Images & Videos,OLD/IMG 20140505-CONCEPT SKETCHES - 020.jpg,OLD,,IMG 20140505-CONCEPT SKETCHES - 020.jpg,IMG 20140505-CONCEPT SKETCHES - 020,.jpg,,IMAGE,3523864,3.3606,4961,3203,4961:3203,LANDSCAPE,,,,,,2015-11-03T04:22:10+00:00,2015-11-03T04:22:10+00:00,2014-05-05 12:44:06 +0000,,,,16c905280e063b1ca9e136072f0d6dcc4b7e828bc64203f29aef2e700373462c,,OLD,,,ROOT_FOLDER,UNCLASSIFIED,P3,NOT_REVIEWED,VERY_HIGH,NO,,,UNKNOWN,resolution_class=VERY_HIGH
AST-000638,/Users/fredrick/Documents/Vayva-Tech/vayva-polyrepo/123Design/Images & Videos,OLD/IPM-001_BTD.jpg,OLD,,IPM-001_BTD.jpg,IPM-001_BTD,.jpg,,IMAGE,61615,0.0588,1024,768,4:3,LANDSCAPE,,,,,,2015-11-03T04:28:06+00:00,2015-11-03T04:28:06+00:00,2015-11-03 04:28:06 +0000,,,,eac2fea168c9eb63e3e59f0bebd29a0a5a11116d4cf3822b1b4c5d3044b58ff9,DUP-00311,OLD,,,ROOT_FOLDER,UNCLASSIFIED,P3,NOT_REVIEWED,LOW,NO,,,UNKNOWN,resolution_class=LOW
AST-000639,/Users/fredrick/Documents/Vayva-Tech/vayva-polyrepo/123Design/Images & Videos,OLD/IPM-009_LR.JPG,OLD,,IPM-009_LR.JPG,IPM-009_LR,.jpg,,IMAGE,207685,0.1981,800,533,800:533,LANDSCAPE,,,,,,2015-11-03T04:28:06+00:00,2015-11-03T04:28:06+00:00,2015-11-03 04:28:06 +0000,,,,41e4960f32719890938be040e6c3d53218bf6cce815f24afbd02738e46eea48b,DUP-00312,OLD,,,ROOT_FOLDER,UNCLASSIFIED,P3,NOT_REVIEWED,VERY_LOW,NO,,,UNKNOWN,resolution_class=VERY_LOW
AST-000640,/Users/fredrick/Documents/Vayva-Tech/vayva-polyrepo/123Design/Images & Videos,OLD/IPM-010_LR.JPG,OLD,,IPM-010_LR.JPG,IPM-010_LR,.jpg,,IMAGE,1575297,1.5023,2048,1593,2048:1593,LANDSCAPE,,,,,,2015-11-03T04:28:08+00:00,2015-11-03T04:28:08+00:00,2015-11-03 04:28:08 +0000,,,,4204c9dc057833485603633d8936dae7a8d2561704f2c34b3cdace3eadafb364,DUP-00313,OLD,,,ROOT_FOLDER,UNCLASSIFIED,P3,NOT_REVIEWED,MEDIUM,NO,,,UNKNOWN,resolution_class=MEDIUM
AST-000641,/Users/fredrick/Documents/Vayva-Tech/vayva-polyrepo/123Design/Images & Videos,OLD/IPM-013.JPG,OLD,,IPM-013.JPG,IPM-013,.jpg,,IMAGE,452128,0.4312,2000,1500,4:3,LANDSCAPE,,,,,,2015-11-03T04:28:08+00:00,2015-11-03T04:28:08+00:00,2015-11-03 04:28:08 +0000,,,,f67e18dd404442a724a7e73ac51865ce84a9ba69d8520b781a8d9cf077d9c53b,,OLD,,,ROOT_FOLDER,UNCLASSIFIED,P3,NOT_REVIEWED,MEDIUM,NO,,,UNKNOWN,resolution_class=MEDIUM
AST-000642,/Users/fredrick/Documents/Vayva-Tech/vayva-polyrepo/123Design/Images & Videos,OLD/IPM-1_LR.jpg,OLD,,IPM-1_LR.jpg,IPM-1_LR,.jpg,,IMAGE,900051,0.8584,1600,1200,4:3,LANDSCAPE,,,,,,2015-11-03T04:28:08+00:00,2015-11-03T04:28:08+00:00,2015-11-03 04:28:08 +0000,,,,864d11087dce7f5e64cad686a91483b7aaf32a6655a0d417b5dbdbe4bc5021d2,DUP-00314,OLD,,,ROOT_FOLDER,UNCLASSIFIED,P3,NOT_REVIEWED,LOW,NO,,,UNKNOWN,resolution_class=LOW
AST-000643,/Users/fredrick/Documents/Vayva-Tech/vayva-polyrepo/123Design/Images & Videos,OLD/IPM-2_LR.jpg,OLD,,IPM-2_LR.jpg,IPM-2_LR,.jpg,,IMAGE,1722806,1.643,2448,1632,3:2,LANDSCAPE,,,,,,2015-11-03T04:28:08+00:00,2015-11-03T04:28:08+00:00,2015-11-03 04:28:08 +0000,,,,8a18eecc0384ff42c4c7e3df71e9134d273c6294d77d66e6d07d1dc406f6038b,DUP-00315,OLD,,,ROOT_FOLDER,UNCLASSIFIED,P3,NOT_REVIEWED,MEDIUM,NO,,,UNKNOWN,resolution_class=MEDIUM
AST-000644,/Users/fredrick/Documents/Vayva-Tech/vayva-polyrepo/123Design/Images & Videos,OLD/IPM-3_LR.JPG,OLD,,IPM-3_LR.JPG,IPM-3_LR,.jpg,,IMAGE,572726,0.5462,2000,1200,5:3,LANDSCAPE,,,,,,2015-11-03T04:28:08+00:00,2015-11-03T04:28:08+00:00,2015-11-03 04:28:08 +0000,,,,c8ee46da7ad0e205c1fb0decb113df2e4b0df4ac30f739837cdfb28ed007e7da,,OLD,,,ROOT_FOLDER,UNCLASSIFIED,P3,NOT_REVIEWED,MEDIUM,NO,,,UNKNOWN,resolution_class=MEDIUM
AST-000645,/Users/fredrick/Documents/Vayva-Tech/vayva-polyrepo/123Design/Images & Videos,OLD/JWA-R094.jpeg,OLD,,JWA-R094.jpeg,JWA-R094,.jpeg,,IMAGE,465811,0.4442,1500,844,375:211,LANDSCAPE,,,,,,2016-08-29T14:45:06+00:00,2016-08-29T14:45:06+00:00,2016-08-29 14:45:06 +0000,,,,4cee98bec51b41951dfbac8000e7235e1540db8c09cbc398320c612b11bc4ea4,,OLD,,,ROOT_FOLDER,UNCLASSIFIED,P3,NOT_REVIEWED,LOW,NO,,,UNKNOWN,resolution_class=LOW
AST-000646,/Users/fredrick/Documents/Vayva-Tech/vayva-polyrepo/123Design/Images & Videos,OLD/JWA-R095.jpeg,OLD,,JWA-R095.jpeg,JWA-R095,.jpeg,,IMAGE,112474,0.1073,1500,844,375:211,LANDSCAPE,,,,,,2016-08-29T15:07:42+00:00,2016-08-29T15:07:42+00:00,2016-08-29 15:07:42 +0000,,,,24b57a05d9333f1c242b07be0f9ff41757aed08c5764994cefd19221ed87f3cb,,OLD,,,ROOT_FOLDER,UNCLASSIFIED,P3,NOT_REVIEWED,LOW,NO,,,UNKNOWN,resolution_class=LOW
AST-000647,/Users/fredrick/Documents/Vayva-Tech/vayva-polyrepo/123Design/Images & Videos,OLD/JWA-R096.jpeg,OLD,,JWA-R096.jpeg,JWA-R096,.jpeg,,IMAGE,241024,0.2299,1500,844,375:211,LANDSCAPE,,,,,,2016-08-29T15:42:12+00:00,2016-08-29T15:42:12+00:00,2016-08-29 15:42:12 +0000,,,,d0f608fd08f737ab78ef1a484c72d693f8aec95db3a74f42803bcb7657315ad6,,OLD,,,ROOT_FOLDER,UNCLASSIFIED,P3,NOT_REVIEWED,LOW,NO,,,UNKNOWN,resolution_class=LOW
AST-000648,/Users/fredrick/Documents/Vayva-Tech/vayva-polyrepo/123Design/Images & Videos,OLD/JWA-R097.jpeg,OLD,,JWA-R097.jpeg,JWA-R097,.jpeg,,IMAGE,282672,0.2696,1500,844,375:211,LANDSCAPE,,,,,,2016-08-29T16:04:26+00:00,2016-08-29T16:04:26+00:00,2016-08-29 16:04:26 +0000,,,,6cfce62b050973c99e84cef5d06b4aaae5746fe01377ad3496c3cec0e3cf6c58,,OLD,,,ROOT_FOLDER,UNCLASSIFIED,P3,NOT_REVIEWED,LOW,NO,,,UNKNOWN,resolution_class=LOW
AST-000649,/Users/fredrick/Documents/Vayva-Tech/vayva-polyrepo/123Design/Images & Videos,OLD/JWA-R098.jpg,OLD,,JWA-R098.jpg,JWA-R098,.jpg,,IMAGE,253034,0.2413,1235,684,65:36,LANDSCAPE,,,,,,2016-08-31T19:58:04+00:00,2016-08-31T19:58:04+00:00,2016-08-31 14:57:59 +0000,,,,7c5814c4471ed187508407ef9a8968806cc94e325106029b21bc2deb3b3a4b3f,,OLD,,,ROOT_FOLDER,UNCLASSIFIED,P3,NOT_REVIEWED,LOW,NO,,,UNKNOWN,resolution_class=LOW
AST-000650,/Users/fredrick/Documents/Vayva-Tech/vayva-polyrepo/123Design/Images & Videos,OLD/JWA-R100.jpeg,OLD,,JWA-R100.jpeg,JWA-R100,.jpeg,,IMAGE,274882,0.2621,1500,844,375:211,LANDSCAPE,,,,,,2016-08-29T16:45:48+00:00,2016-08-29T16:45:48+00:00,2016-08-29 16:45:48 +0000,,,,ca67d7a812ce227fd5127cf5ff6b54ed20ce991ce26ae30ada01d56943ad5c5a,,OLD,,,ROOT_FOLDER,UNCLASSIFIED,P3,NOT_REVIEWED,LOW,NO,,,UNKNOWN,resolution_class=LOW
AST-000651,/Users/fredrick/Documents/Vayva-Tech/vayva-polyrepo/123Design/Images & Videos,OLD/JWA-R101.jpeg,OLD,,JWA-R101.jpeg,JWA-R101,.jpeg,,IMAGE,280810,0.2678,1500,844,375:211,LANDSCAPE,,,,,,2016-08-29T16:47:18+00:00,2016-08-29T16:47:18+00:00,2016-08-29 16:47:18 +0000,,,,bac16d6bab12a9259347906e28d698718ccae3a2c4c252f1d511784eab361f76,,OLD,,,ROOT_FOLDER,UNCLASSIFIED,P3,NOT_REVIEWED,LOW,NO,,,UNKNOWN,resolution_class=LOW
AST-000652,/Users/fredrick/Documents/Vayva-Tech/vayva-polyrepo/123Design/Images & Videos,OLD/LAS-R045.JPG,OLD,,LAS-R045.JPG,LAS-R045,.jpg,,IMAGE,634739,0.6053,1600,1068,400:267,LANDSCAPE,,,,,,2015-11-03T04:58:56+00:00,2015-11-03T04:58:56+00:00,2015-11-03 04:58:56 +0000,,,,ecfe2d662dc39f46fa3204d849d0ea1e2cf8718100751cd96eb0e22082afe64c,DUP-00316,OLD,,,ROOT_FOLDER,UNCLASSIFIED,P3,NOT_REVIEWED,LOW,NO,,,UNKNOWN,resolution_class=LOW
AST-000653,/Users/fredrick/Documents/Vayva-Tech/vayva-polyrepo/123Design/Images & Videos,OLD/LAS-R046.JPG,OLD,,LAS-R046.JPG,LAS-R046,.jpg,,IMAGE,151707,0.1447,2000,1200,5:3,LANDSCAPE,,,,,,2015-11-03T04:58:56+00:00,2015-11-03T04:58:56+00:00,2012-09-24 15:03:18 +0000,,,,2e05dc41938004f0e06e2f446bf747cd3b3898f87ad3f451b6b6337a289eb8e6,DUP-00317,OLD,,,ROOT_FOLDER,UNCLASSIFIED,P3,NOT_REVIEWED,MEDIUM,NO,,,UNKNOWN,resolution_class=MEDIUM
AST-000654,/Users/fredrick/Documents/Vayva-Tech/vayva-polyrepo/123Design/Images & Videos,OLD/MCA-R022-2.jpg,OLD,,MCA-R022-2.jpg,MCA-R022-2,.jpg,,IMAGE,561400,0.5354,3780,2517,1260:839,LANDSCAPE,,,,,,2015-11-03T07:01:26+00:00,2015-11-03T07:01:26+00:00,2013-05-30 15:07:45 +0000,,,,16ca24de622de3bcadf467c02ab1b3d16bb4dfac844f6d787bdbf9bfe3c9d9c8,DUP-00318,OLD,,,ROOT_FOLDER,UNCLASSIFIED,P3,NOT_REVIEWED,HIGH,NO,,,UNKNOWN,resolution_class=HIGH
AST-000655,/Users/fredrick/Documents/Vayva-Tech/vayva-polyrepo/123Design/Images & Videos,OLD/MCA-R027.jpg,OLD,,MCA-R027.jpg,MCA-R027,.jpg,,IMAGE,197938,0.1888,2000,1333,2000:1333,LANDSCAPE,,,,,,2015-11-03T07:01:26+00:00,2015-11-03T07:01:26+00:00,2013-05-30 16:32:16 +0000,,,,96d2cfc6a93c4750db548268f169d8dd4c8d86b1837fe00fee0947d2ad6bb009,DUP-00319,OLD,,,ROOT_FOLDER,UNCLASSIFIED,P3,NOT_REVIEWED,MEDIUM,NO,,,UNKNOWN,resolution_class=MEDIUM
AST-000656,/Users/fredrick/Documents/Vayva-Tech/vayva-polyrepo/123Design/Images & Videos,OLD/MCA-R031.jpg,OLD,,MCA-R031.jpg,MCA-R031,.jpg,,IMAGE,883466,0.8425,4000,2664,500:333,LANDSCAPE,,,,,,2015-11-03T07:01:26+00:00,2015-11-03T07:01:26+00:00,2015-11-03 07:01:26 +0000,,,,7d31b3d5e5b512560109f6d14b130041759d9edb8e6bbae8c1f06b3d0a28490d,,OLD,,,ROOT_FOLDER,UNCLASSIFIED,P3,NOT_REVIEWED,HIGH,NO,,,UNKNOWN,resolution_class=HIGH
AST-000657,/Users/fredrick/Documents/Vayva-Tech/vayva-polyrepo/123Design/Images & Videos,OLD/MCA-R032-2.jpg,OLD,,MCA-R032-2.jpg,MCA-R032-2,.jpg,,IMAGE,1626773,1.5514,8333,5000,8333:5000,LANDSCAPE,,,,,,2015-11-03T07:01:50+00:00,2015-11-03T07:01:50+00:00,2013-05-30 18:45:06 +0000,,,,0d47b70e171d40dde4fedbb7fc3979dfd9559a6b2fe1024d349e061492aabe72,DUP-00320,OLD,,,ROOT_FOLDER,UNCLASSIFIED,P3,NOT_REVIEWED,VERY_HIGH,NO,,,UNKNOWN,resolution_class=VERY_HIGH
AST-000658,/Users/fredrick/Documents/Vayva-Tech/vayva-polyrepo/123Design/Images & Videos,OLD/MCA-R033.jpg,OLD,,MCA-R033.jpg,MCA-R033,.jpg,,IMAGE,2021807,1.9281,3000,1998,500:333,LANDSCAPE,,,,,,2015-11-03T07:01:56+00:00,2015-11-03T07:01:56+00:00,2015-11-03 07:01:56 +0000,,,,ea7ba4e0d0410bf8336c8d32a6801fa912089abb4c53bccf74c3138b0023911e,DUP-00321,OLD,,,ROOT_FOLDER,UNCLASSIFIED,P3,NOT_REVIEWED,MEDIUM,NO,,,UNKNOWN,resolution_class=MEDIUM
AST-000659,/Users/fredrick/Documents/Vayva-Tech/vayva-polyrepo/123Design/Images & Videos,OLD/MCA-R034.jpg,OLD,,MCA-R034.jpg,MCA-R034,.jpg,,IMAGE,1285722,1.2262,2000,1332,500:333,LANDSCAPE,,,,,,2015-11-03T07:01:56+00:00,2015-11-03T07:01:56+00:00,2015-11-03 07:01:56 +0000,,,,ff55b0214e43f10316dd0582e5fb874d3c579b2452bda31f5099b328315ff170,DUP-00322,OLD,,,ROOT_FOLDER,UNCLASSIFIED,P3,NOT_REVIEWED,MEDIUM,NO,,,UNKNOWN,resolution_class=MEDIUM
AST-000660,/Users/fredrick/Documents/Vayva-Tech/vayva-polyrepo/123Design/Images & Videos,OLD/MCA-R035.jpg,OLD,,MCA-R035.jpg,MCA-R035,.jpg,,IMAGE,3210292,3.0616,3000,2004,250:167,LANDSCAPE,,,,,,2015-11-03T07:01:56+00:00,2015-11-03T07:01:56+00:00,2015-11-03 07:01:56 +0000,,,,a567910afbb075c333b721d1db7f57945690a2b499325ac84b5f8595eff2bc98,DUP-00323,OLD,,,ROOT_FOLDER,UNCLASSIFIED,P3,NOT_REVIEWED,HIGH,NO,,,UNKNOWN,resolution_class=HIGH
AST-000661,/Users/fredrick/Documents/Vayva-Tech/vayva-polyrepo/123Design/Images & Videos,OLD/MEA-R001-51-2014-07-03.jpg,OLD,,MEA-R001-51-2014-07-03.jpg,MEA-R001-51-2014-07-03,.jpg,,IMAGE,390255,0.3722,1500,1125,4:3,LANDSCAPE,,,,,,2015-11-03T07:19:34+00:00,2015-11-03T07:19:34+00:00,2015-11-03 07:19:34 +0000,,,,e601c6f5d94fe281b318feec428fdf1d6c4d2b411157e4487210a78754a6e463,DUP-00324,OLD,,,ROOT_FOLDER,UNCLASSIFIED,P3,NOT_REVIEWED,LOW,NO,,,UNKNOWN,resolution_class=LOW
AST-000662,/Users/fredrick/Documents/Vayva-Tech/vayva-polyrepo/123Design/Images & Videos,OLD/MEA-R001-52-2014-07-03.jpg,OLD,,MEA-R001-52-2014-07-03.jpg,MEA-R001-52-2014-07-03,.jpg,,IMAGE,413522,0.3944,1500,1125,4:3,LANDSCAPE,,,,,,2015-11-03T07:19:34+00:00,2015-11-03T07:19:34+00:00,2015-11-03 07:19:34 +0000,,,,efb8aa1b7576b92f00aaa77b799669b619d46f752248e2762f8dd567fd1f0a68,DUP-00325,OLD,,,ROOT_FOLDER,UNCLASSIFIED,P3,NOT_REVIEWED,LOW,NO,,,UNKNOWN,resolution_class=LOW
AST-000663,/Users/fredrick/Documents/Vayva-Tech/vayva-polyrepo/123Design/Images & Videos,OLD/MEA-R001-59-2014-07-03.jpg,OLD,,MEA-R001-59-2014-07-03.jpg,MEA-R001-59-2014-07-03,.jpg,,IMAGE,573323,0.5468,1500,1125,4:3,LANDSCAPE,,,,,,2015-11-03T07:19:34+00:00,2015-11-03T07:19:34+00:00,2015-11-03 07:19:34 +0000,,,,1e6c334c159f937529c088c3a3b7c25d1bfc12a228fbda54b64ab6477b53425c,,OLD,,,ROOT_FOLDER,UNCLASSIFIED,P3,NOT_REVIEWED,LOW,NO,,,UNKNOWN,resolution_class=LOW
AST-000664,/Users/fredrick/Documents/Vayva-Tech/vayva-polyrepo/123Design/Images & Videos,OLD/MEA-R001-62-2014-07-03.jpg,OLD,,MEA-R001-62-2014-07-03.jpg,MEA-R001-62-2014-07-03,.jpg,,IMAGE,1140880,1.088,3000,2250,4:3,LANDSCAPE,,,,,,2015-11-03T07:19:34+00:00,2015-11-03T07:19:34+00:00,2015-11-03 07:19:34 +0000,,,,4efaad9efe2f5183467fd5953509b7252a276bc349b8638f8125185c83135bfd,DUP-00326,OLD,,,ROOT_FOLDER,UNCLASSIFIED,P3,NOT_REVIEWED,HIGH,NO,,,UNKNOWN,resolution_class=HIGH
AST-000665,/Users/fredrick/Documents/Vayva-Tech/vayva-polyrepo/123Design/Images & Videos,OLD/MEA-R001-68-2014-07-14.jpg,OLD,,MEA-R001-68-2014-07-14.jpg,MEA-R001-68-2014-07-14,.jpg,,IMAGE,1491096,1.422,3000,2250,4:3,LANDSCAPE,,,,,,2015-11-03T07:19:36+00:00,2015-11-03T07:19:36+00:00,2015-11-03 07:19:36 +0000,,,,5ba11b836f8a80a261635b15aa6c19810c9762cc9cfba22f27dd29a326371eb9,,OLD,,,ROOT_FOLDER,UNCLASSIFIED,P3,NOT_REVIEWED,HIGH,NO,,,UNKNOWN,resolution_class=HIGH
AST-000666,/Users/fredrick/Documents/Vayva-Tech/vayva-polyrepo/123Design/Images & Videos,OLD/OUTSOURCE 60/13 (2).jpg,OUTSOURCE 60,OLD,13 (2).jpg,13 (2),.jpg,,IMAGE,2364309,2.2548,3000,1800,5:3,LANDSCAPE,,,,,,2015-11-04T01:36:30+00:00,2015-11-04T01:36:30+00:00,2015-11-04 01:36:30 +0000,,,,b8462b6b63ede8cceb9ead2be731b2d9586b034c86eef9403cdcc912eed3c5f3,DUP-00267,OLD,OUTSOURCE 60,OUTSOURCE 60,FOLDER_NAME,UNCLASSIFIED,P3,NOT_REVIEWED,MEDIUM,NO,,,UNKNOWN,resolution_class=MEDIUM
AST-000667,/Users/fredrick/Documents/Vayva-Tech/vayva-polyrepo/123Design/Images & Videos,OLD/OUTSOURCE 60/5.png,OUTSOURCE 60,OLD,5.png,5,.png,,IMAGE,9204916,8.7785,1600,1200,4:3,LANDSCAPE,,,,,,2017-12-13T17:17:20+00:00,2017-12-13T17:17:20+00:00,2017-12-13 17:17:20 +0000,,,,a912fede1139fe3d479df6c5273aa6d7c300519b65a57e115f8db639333fc17b,DUP-00269,OLD,OUTSOURCE 60,OUTSOURCE 60,FOLDER_NAME,UNCLASSIFIED,P3,NOT_REVIEWED,LOW,NO,,,UNKNOWN,resolution_class=LOW
AST-000668,/Users/fredrick/Documents/Vayva-Tech/vayva-polyrepo/123Design/Images & Videos,OLD/OUTSOURCE 60/AIL-R028.JPG,OUTSOURCE 60,OLD,AIL-R028.JPG,AIL-R028,.jpg,,IMAGE,1203204,1.1475,2258,1500,1129:750,LANDSCAPE,,,,,,2015-11-02T12:48:28+00:00,2015-11-02T12:48:28+00:00,2015-11-02 12:48:28 +0000,,,,3e0d76fea25561220a50274e4368ff6b0fbfa2317f0b2c638369c56f10723a3d,DUP-00272,OLD,OUTSOURCE 60,OUTSOURCE 60,FOLDER_NAME,UNCLASSIFIED,P3,NOT_REVIEWED,MEDIUM,NO,,,UNKNOWN,resolution_class=MEDIUM
AST-000669,/Users/fredrick/Documents/Vayva-Tech/vayva-polyrepo/123Design/Images & Videos,OLD/OUTSOURCE 60/AIL-R029.JPG,OUTSOURCE 60,OLD,AIL-R029.JPG,AIL-R029,.jpg,,IMAGE,271946,0.2593,1024,682,512:341,LANDSCAPE,,,,,,2015-11-02T12:48:28+00:00,2015-11-02T12:48:28+00:00,2015-11-02 12:48:28 +0000,,,,222ce18ea25cdf0dd90dff5597ac50ac1c9b21bce5f3f713c643015ef9e686a2,DUP-00273,OLD,OUTSOURCE 60,OUTSOURCE 60,FOLDER_NAME,UNCLASSIFIED,P3,NOT_REVIEWED,LOW,NO,,,UNKNOWN,resolution_class=LOW
AST-000670,/Users/fredrick/Documents/Vayva-Tech/vayva-polyrepo/123Design/Images & Videos,OLD/OUTSOURCE 60/BIR-R087-2.jpg,OUTSOURCE 60,OLD,BIR-R087-2.jpg,BIR-R087-2,.jpg,,IMAGE,190732,0.1819,2016,1500,168:125,LANDSCAPE,,,,,,2015-11-02T16:48:24+00:00,2015-11-02T16:48:24+00:00,2012-09-10 14:15:25 +0000,,,,45a016f66fdabbaedf8e8bbedad5bd8f709ed11c73681f25b5b829c1eb898322,DUP-00277,OLD,OUTSOURCE 60,OUTSOURCE 60,FOLDER_NAME,UNCLASSIFIED,P3,NOT_REVIEWED,MEDIUM,NO,,,UNKNOWN,resolution_class=MEDIUM
AST-000671,/Users/fredrick/Documents/Vayva-Tech/vayva-polyrepo/123Design/Images & Videos,OLD/OUTSOURCE 60/BIR-R096.JPG,OUTSOURCE 60,OLD,BIR-R096.JPG,BIR-R096,.jpg,,IMAGE,539727,0.5147,1500,1007,1500:1007,LANDSCAPE,,,,,,2015-11-02T16:48:26+00:00,2015-11-02T16:48:26+00:00,2015-11-02 16:48:26 +0000,,,,36ac69ae6508684738c34d89594371b612b9b1b6f189105c54203b55dc175645,DUP-00278,OLD,OUTSOURCE 60,OUTSOURCE 60,FOLDER_NAME,UNCLASSIFIED,P3,NOT_REVIEWED,LOW,NO,,,UNKNOWN,resolution_class=LOW
AST-000672,/Users/fredrick/Documents/Vayva-Tech/vayva-polyrepo/123Design/Images & Videos,OLD/OUTSOURCE 60/BLO-R027.jpg,OUTSOURCE 60,OLD,BLO-R027.jpg,BLO-R027,.jpg,,IMAGE,990182,0.9443,2000,1124,500:281,LANDSCAPE,,,,,,2015-11-02T19:00:10+00:00,2015-11-02T19:00:10+00:00,2015-11-02 19:00:10 +0000,,,,80b46e96e8e8e6bf124b06ff9b3106fdea5f99719db902ff1b96106430a6d47c,DUP-00280,OLD,OUTSOURCE 60,OUTSOURCE 60,FOLDER_NAME,UNCLASSIFIED,P3,NOT_REVIEWED,MEDIUM,NO,,,UNKNOWN,resolution_class=MEDIUM
AST-000673,/Users/fredrick/Documents/Vayva-Tech/vayva-polyrepo/123Design/Images & Videos,OLD/OUTSOURCE 60/BLO-R029.jpg,OUTSOURCE 60,OLD,BLO-R029.jpg,BLO-R029,.jpg,,IMAGE,1025647,0.9781,2000,1332,500:333,LANDSCAPE,,,,,,2015-11-02T19:00:10+00:00,2015-11-02T19:00:10+00:00,2015-11-02 19:00:10 +0000,,,,c0d51ed3608a4bbde884e395c5610fccc9f3b95c52cdf4985431ba2009f12a0e,DUP-00281,OLD,OUTSOURCE 60,OUTSOURCE 60,FOLDER_NAME,UNCLASSIFIED,P3,NOT_REVIEWED,MEDIUM,NO,,,UNKNOWN,resolution_class=MEDIUM
AST-000674,/Users/fredrick/Documents/Vayva-Tech/vayva-polyrepo/123Design/Images & Videos,OLD/OUTSOURCE 60/BLO-R032.jpg,OUTSOURCE 60,OLD,BLO-R032.jpg,BLO-R032,.jpg,,IMAGE,1794222,1.7111,2000,1500,4:3,LANDSCAPE,,,,,,2015-11-02T19:00:12+00:00,2015-11-02T19:00:12+00:00,2015-11-02 19:00:12 +0000,,,,f089c1bd26d6b55f468ccf245e854013ebbe25ede69b097b7b8a02b7c55087b8,DUP-00282,OLD,OUTSOURCE 60,OUTSOURCE 60,FOLDER_NAME,UNCLASSIFIED,P3,NOT_REVIEWED,MEDIUM,NO,,,UNKNOWN,resolution_class=MEDIUM
AST-000675,/Users/fredrick/Documents/Vayva-Tech/vayva-polyrepo/123Design/Images & Videos,OLD/OUTSOURCE 60/BLO-R035.jpg,OUTSOURCE 60,OLD,BLO-R035.jpg,BLO-R035,.jpg,,IMAGE,823661,0.7855,2000,1332,500:333,LANDSCAPE,,,,,,2015-11-02T19:00:12+00:00,2015-11-02T19:00:12+00:00,2015-11-02 19:00:12 +0000,,,,028f207d98b61d72777fcf7fd92426089eb90cb18495b7c779edea71f9e0f783,DUP-00283,OLD,OUTSOURCE 60,OUTSOURCE 60,FOLDER_NAME,UNCLASSIFIED,P3,NOT_REVIEWED,MEDIUM,NO,,,UNKNOWN,resolution_class=MEDIUM
AST-000676,/Users/fredrick/Documents/Vayva-Tech/vayva-polyrepo/123Design/Images & Videos,OLD/OUTSOURCE 60/BLO-R037.jpg,OUTSOURCE 60,OLD,BLO-R037.jpg,BLO-R037,.jpg,,IMAGE,1054998,1.0061,2000,1252,500:313,LANDSCAPE,,,,,,2015-11-02T19:00:12+00:00,2015-11-02T19:00:12+00:00,2015-11-02 19:00:12 +0000,,,,17c7a13cdeb08acf789aba2c65c6bb920d0cdc88a2377a61cd68e931d58e5e50,DUP-00284,OLD,OUTSOURCE 60,OUTSOURCE 60,FOLDER_NAME,UNCLASSIFIED,P3,NOT_REVIEWED,MEDIUM,NO,,,UNKNOWN,resolution_class=MEDIUM
AST-000677,/Users/fredrick/Documents/Vayva-Tech/vayva-polyrepo/123Design/Images & Videos,OLD/OUTSOURCE 60/BLO-R039-2.jpg,OUTSOURCE 60,OLD,BLO-R039-2.jpg,BLO-R039-2,.jpg,,IMAGE,336561,0.321,2000,1428,500:357,LANDSCAPE,,,,,,2015-11-02T19:00:12+00:00,2015-11-02T19:00:12+00:00,2013-01-03 16:53:01 +0000,,,,e2978eeb3ac39b849c41576c935ddad8adb2cb026fb72d7527a0c9b0af172676,DUP-00285,OLD,OUTSOURCE 60,OUTSOURCE 60,FOLDER_NAME,UNCLASSIFIED,P3,NOT_REVIEWED,MEDIUM,NO,,,UNKNOWN,resolution_class=MEDIUM
AST-000678,/Users/fredrick/Documents/Vayva-Tech/vayva-polyrepo/123Design/Images & Videos,OLD/OUTSOURCE 60/BLO-R041-2.jpg,OUTSOURCE 60,OLD,BLO-R041-2.jpg,BLO-R041-2,.jpg,,IMAGE,302966,0.2889,2000,1333,2000:1333,LANDSCAPE,,,,,,2015-11-02T19:00:12+00:00,2015-11-02T19:00:12+00:00,2013-01-03 17:35:28 +0000,,,,ef2b2c67740bf4afcf209673f20b1bd80dec6d2af7f05c8b4b755e7d694a1a5d,DUP-00286,OLD,OUTSOURCE 60,OUTSOURCE 60,FOLDER_NAME,UNCLASSIFIED,P3,NOT_REVIEWED,MEDIUM,NO,,,UNKNOWN,resolution_class=MEDIUM
AST-000679,/Users/fredrick/Documents/Vayva-Tech/vayva-polyrepo/123Design/Images & Videos,OLD/OUTSOURCE 60/BMY-R001-8.jpg,OUTSOURCE 60,OLD,BMY-R001-8.jpg,BMY-R001-8,.jpg,,IMAGE,1221441,1.1649,3000,2250,4:3,LANDSCAPE,,,,,,2015-11-02T19:30:52+00:00,2015-11-02T19:30:52+00:00,2015-11-02 19:30:52 +0000,,,,ea39507109e49871b47721acce7ed06d1edd31759ab2d7715147be92adbf806b,DUP-00287,OLD,OUTSOURCE 60,OUTSOURCE 60,FOLDER_NAME,UNCLASSIFIED,P3,NOT_REVIEWED,HIGH,NO,,,UNKNOWN,resolution_class=HIGH
AST-000680,/Users/fredrick/Documents/Vayva-Tech/vayva-polyrepo/123Design/Images & Videos,OLD/OUTSOURCE 60/CAT-035.jpg,OUTSOURCE 60,OLD,CAT-035.jpg,CAT-035,.jpg,,IMAGE,818516,0.7806,2500,1500,5:3,LANDSCAPE,,,,,,2015-11-02T19:57:50+00:00,2015-11-02T19:57:50+00:00,2010-05-12 17:09:41 +0000,,,,5529c36156fa57922ebec8a98a4021fcbcf6346b7f69bc4c997e74f99f399170,DUP-00288,OLD,OUTSOURCE 60,OUTSOURCE 60,FOLDER_NAME,UNCLASSIFIED,P3,NOT_REVIEWED,MEDIUM,NO,,,UNKNOWN,resolution_class=MEDIUM
AST-000681,/Users/fredrick/Documents/Vayva-Tech/vayva-polyrepo/123Design/Images & Videos,OLD/OUTSOURCE 60/COV-P047.jpg,OUTSOURCE 60,OLD,COV-P047.jpg,COV-P047,.jpg,,IMAGE,437851,0.4176,1200,800,3:2,LANDSCAPE,,,,,,2015-11-02T20:48:10+00:00,2015-11-02T20:48:10+00:00,2011-09-27 08:29:34 +0000,,,,f6318a0c463a2eceb9a43f2cb77e1b46bcc87aecf8b5d85c67af84df1798e322,DUP-00289,OLD,OUTSOURCE 60,OUTSOURCE 60,FOLDER_NAME,UNCLASSIFIED,P3,NOT_REVIEWED,LOW,NO,,,UNKNOWN,resolution_class=LOW
AST-000682,/Users/fredrick/Documents/Vayva-Tech/vayva-polyrepo/123Design/Images & Videos,OLD/OUTSOURCE 60/COV_0000_O15.jpg,OUTSOURCE 60,OLD,COV_0000_O15.jpg,COV_0000_O15,.jpg,,IMAGE,1151499,1.0982,5100,3300,17:11,LANDSCAPE,,,,,,2015-11-02T20:49:30+00:00,2015-11-02T20:49:30+00:00,2011-09-07 13:17:17 +0000,,,,523ddf14c6de3eeb986fa64593fd049212dbe1a864dd8fc581f6478c7604b0c4,DUP-00290,OLD,OUTSOURCE 60,OUTSOURCE 60,FOLDER_NAME,UNCLASSIFIED,P3,NOT_REVIEWED,VERY_HIGH,NO,,,UNKNOWN,resolution_class=VERY_HIGH
AST-000683,/Users/fredrick/Documents/Vayva-Tech/vayva-polyrepo/123Design/Images & Videos,OLD/OUTSOURCE 60/DIR-R021.jpg,OUTSOURCE 60,OLD,DIR-R021.jpg,DIR-R021,.jpg,,IMAGE,51931,0.0495,700,525,4:3,LANDSCAPE,,,,,,2015-11-02T21:43:08+00:00,2015-11-02T21:43:08+00:00,2015-11-02 21:43:08 +0000,,,,ba547d4c4e9135864217784f9b74b06ddba8c0208c57e15d68314ad677b7e348,DUP-00291,OLD,OUTSOURCE 60,OUTSOURCE 60,FOLDER_NAME,UNCLASSIFIED,P3,NOT_REVIEWED,VERY_LOW,NO,,,UNKNOWN,resolution_class=VERY_LOW
AST-000684,/Users/fredrick/Documents/Vayva-Tech/vayva-polyrepo/123Design/Images & Videos,OLD/OUTSOURCE 60/DSCF0969.JPG,OUTSOURCE 60,OLD,DSCF0969.JPG,DSCF0969,.jpg,,IMAGE,1358409,1.2955,2128,1424,133:89,LANDSCAPE,,,,,,2015-11-03T03:56:00+00:00,2015-11-03T03:56:00+00:00,2011-10-13 09:41:16 +0000,FUJIFILM,FinePix S5Pro  ,,1bbab20b732424b46a9fbb2f20cb9cd52934d1a48c928ff719eb3b677e383ed4,DUP-00292,OLD,OUTSOURCE 60,OUTSOURCE 60,FOLDER_NAME,UNCLASSIFIED,P3,NOT_REVIEWED,MEDIUM,NO,,,UNKNOWN,resolution_class=MEDIUM
AST-000685,/Users/fredrick/Documents/Vayva-Tech/vayva-polyrepo/123Design/Images & Videos,OLD/OUTSOURCE 60/DSC_0305.JPG,OUTSOURCE 60,OLD,DSC_0305.JPG,DSC_0305,.jpg,,IMAGE,2511328,2.395,3008,2000,188:125,LANDSCAPE,,,,,,2015-11-02T19:53:46+00:00,2015-11-02T19:53:46+00:00,2010-03-18 11:43:14 +0000,NIKON CORPORATION,NIKON D40,,a86c2b7ac9a99a2203b773307d54d4ba3cfb31f2a5ccaf245e614f94d3fb812a,DUP-00293,OLD,OUTSOURCE 60,OUTSOURCE 60,FOLDER_NAME,UNCLASSIFIED,P3,NOT_REVIEWED,HIGH,NO,,,UNKNOWN,resolution_class=HIGH
AST-000686,/Users/fredrick/Documents/Vayva-Tech/vayva-polyrepo/123Design/Images & Videos,OLD/OUTSOURCE 60/DSC_0418.JPG,OUTSOURCE 60,OLD,DSC_0418.JPG,DSC_0418,.jpg,,IMAGE,2743893,2.6168,3008,2000,188:125,LANDSCAPE,,,,,,2015-11-02T19:54:10+00:00,2015-11-02T19:54:10+00:00,2010-03-18 12:43:25 +0000,NIKON CORPORATION,NIKON D40,,02e18c789088d71046fee887fa0303cc5dca7229e99cf0b992b7c63e78e1e1da,DUP-00294,OLD,OUTSOURCE 60,OUTSOURCE 60,FOLDER_NAME,UNCLASSIFIED,P3,NOT_REVIEWED,HIGH,NO,,,UNKNOWN,resolution_class=HIGH
AST-000687,/Users/fredrick/Documents/Vayva-Tech/vayva-polyrepo/123Design/Images & Videos,OLD/OUTSOURCE 60/ECH-R018.JPG,OUTSOURCE 60,OLD,ECH-R018.JPG,ECH-R018,.jpg,,IMAGE,690871,0.6589,1600,1004,400:251,LANDSCAPE,,,,,,2015-11-02T22:10:30+00:00,2015-11-02T22:10:30+00:00,2015-11-02 22:10:30 +0000,,,,e9eb5658066c222a0c1dc3d21dc008d3c02beb8b0b28ac631811c390ce2d17c1,DUP-00295,OLD,OUTSOURCE 60,OUTSOURCE 60,FOLDER_NAME,UNCLASSIFIED,P3,NOT_REVIEWED,LOW,NO,,,UNKNOWN,resolution_class=LOW
AST-000688,/Users/fredrick/Documents/Vayva-Tech/vayva-polyrepo/123Design/Images & Videos,OLD/OUTSOURCE 60/ECH-R019.JPG,OUTSOURCE 60,OLD,ECH-R019.JPG,ECH-R019,.jpg,,IMAGE,910127,0.868,1600,1200,4:3,LANDSCAPE,,,,,,2015-11-02T22:10:30+00:00,2015-11-02T22:10:30+00:00,2015-11-02 22:10:30 +0000,,,,d732a68ee2e3c1f7752247b2e83042a61f07cb5c3e1b634be2e59284f836dc0d,DUP-00296,OLD,OUTSOURCE 60,OUTSOURCE 60,FOLDER_NAME,UNCLASSIFIED,P3,NOT_REVIEWED,LOW,NO,,,UNKNOWN,resolution_class=LOW
AST-000689,/Users/fredrick/Documents/Vayva-Tech/vayva-polyrepo/123Design/Images & Videos,OLD/OUTSOURCE 60/GLF-36.jpg,OUTSOURCE 60,OLD,GLF-36.jpg,GLF-36,.jpg,,IMAGE,540916,0.5159,1123,1600,1123:1600,PORTRAIT,,,,,,2015-11-03T01:53:42+00:00,2015-11-03T01:53:42+00:00,2015-11-03 01:53:42 +0000,,,,919931db83eb921787e9160138fac2fd12772cf3bb4e0335d8cb0823f88dc4a5,DUP-00297,OLD,OUTSOURCE 60,OUTSOURCE 60,FOLDER_NAME,UNCLASSIFIED,P3,NOT_REVIEWED,LOW,NO,,,UNKNOWN,resolution_class=LOW
AST-000690,/Users/fredrick/Documents/Vayva-Tech/vayva-polyrepo/123Design/Images & Videos,OLD/OUTSOURCE 60/GRO-R036-2.jpg,OUTSOURCE 60,OLD,GRO-R036-2.jpg,GRO-R036-2,.jpg,,IMAGE,677570,0.6462,2000,1520,25:19,LANDSCAPE,,,,,,2017-02-24T20:49:16+00:00,2017-02-24T20:49:16+00:00,2017-02-24 14:49:11 +0000,,,,088677e3720833ab6be1eab0d4394686be575335b5f186ab0823217c61ee77c0,DUP-00298,OLD,OUTSOURCE 60,OUTSOURCE 60,FOLDER_NAME,UNCLASSIFIED,P3,NOT_REVIEWED,MEDIUM,NO,,,UNKNOWN,resolution_class=MEDIUM
AST-000691,/Users/fredrick/Documents/Vayva-Tech/vayva-polyrepo/123Design/Images & Videos,OLD/OUTSOURCE 60/GSL-013-1.JPG,OUTSOURCE 60,OLD,GSL-013-1.JPG,GSL-013-1,.jpg,,IMAGE,1183420,1.1286,1200,1600,3:4,PORTRAIT,,,,,,2015-11-03T01:59:38+00:00,2015-11-03T01:59:38+00:00,2015-11-03 01:59:38 +0000,,,,4e7b68f201edbeee66e4e79c23a4fd728760af04adb2adcc7f7059acdd4722f5,DUP-00299,OLD,OUTSOURCE 60,OUTSOURCE 60,FOLDER_NAME,UNCLASSIFIED,P3,NOT_REVIEWED,LOW,NO,,,UNKNOWN,resolution_class=LOW
AST-000692,/Users/fredrick/Documents/Vayva-Tech/vayva-polyrepo/123Design/Images & Videos,OLD/OUTSOURCE 60/GSL-014-1.JPG,OUTSOURCE 60,OLD,GSL-014-1.JPG,GSL-014-1,.jpg,,IMAGE,859611,0.8198,1280,1201,1280:1201,LANDSCAPE,,,,,,2015-11-03T01:59:38+00:00,2015-11-03T01:59:38+00:00,2015-11-03 01:59:38 +0000,,,,8f8ae7a675e3495e904bed3c8035f720a8df00a62d4ecfdf2783f63828e44c5c,DUP-00300,OLD,OUTSOURCE 60,OUTSOURCE 60,FOLDER_NAME,UNCLASSIFIED,P3,NOT_REVIEWED,LOW,NO,,,UNKNOWN,resolution_class=LOW
AST-000693,/Users/fredrick/Documents/Vayva-Tech/vayva-polyrepo/123Design/Images & Videos,OLD/OUTSOURCE 60/GUN-R026-2.jpg,OUTSOURCE 60,OLD,GUN-R026-2.jpg,GUN-R026-2,.jpg,,IMAGE,92703,0.0884,1200,800,3:2,LANDSCAPE,,,,,,2015-11-03T03:39:36+00:00,2015-11-03T03:39:36+00:00,2012-02-28 09:10:55 +0000,,,,05eab0b98083ffd12ab7946ce0d907e618ce542853cefa91c4d864b595d56c73,DUP-00301,OLD,OUTSOURCE 60,OUTSOURCE 60,FOLDER_NAME,UNCLASSIFIED,P3,NOT_REVIEWED,LOW,NO,,,UNKNOWN,resolution_class=LOW
AST-000694,/Users/fredrick/Documents/Vayva-Tech/vayva-polyrepo/123Design/Images & Videos,OLD/OUTSOURCE 60/HED-P015a.jpg,OUTSOURCE 60,OLD,HED-P015a.jpg,HED-P015a,.jpg,,IMAGE,621988,0.5932,800,1200,2:3,PORTRAIT,,,,,,2015-11-03T03:59:12+00:00,2015-11-03T03:59:12+00:00,2012-04-19 14:04:01 +0000,,,,4bb590efe981151d14dcd3d5ea0f38a367fb7ab2218772478da4ba5f738afd5a,DUP-00302,OLD,OUTSOURCE 60,OUTSOURCE 60,FOLDER_NAME,UNCLASSIFIED,P3,NOT_REVIEWED,LOW,NO,,,UNKNOWN,resolution_class=LOW
AST-000695,/Users/fredrick/Documents/Vayva-Tech/vayva-polyrepo/123Design/Images & Videos,OLD/OUTSOURCE 60/HED-P016b.jpg,OUTSOURCE 60,OLD,HED-P016b.jpg,HED-P016b,.jpg,,IMAGE,1311527,1.2508,1600,1212,400:303,LANDSCAPE,,,,,,2015-11-03T03:59:12+00:00,2015-11-03T03:59:12+00:00,2010-05-16 13:39:59 +0000,Canon,Canon PowerShot SD1200 IS,,4672b26e7f754d5948e7fc1191e7242a0aac29bf5b5c0c762af21ddc4cc0c445,DUP-00303,OLD,OUTSOURCE 60,OUTSOURCE 60,FOLDER_NAME,UNCLASSIFIED,P3,NOT_REVIEWED,LOW,NO,,,UNKNOWN,resolution_class=LOW
AST-000696,/Users/fredrick/Documents/Vayva-Tech/vayva-polyrepo/123Design/Images & Videos,OLD/OUTSOURCE 60/HED-P018a.jpg,OUTSOURCE 60,OLD,HED-P018a.jpg,HED-P018a,.jpg,,IMAGE,741649,0.7073,1869,1500,623:500,LANDSCAPE,,,,,,2015-11-03T03:59:12+00:00,2015-11-03T03:59:12+00:00,2012-04-19 15:28:15 +0000,,,,0d963285f7337a97bd506e886692784d535129140feb8e5ffc5116c6948f7ee2,DUP-00304,OLD,OUTSOURCE 60,OUTSOURCE 60,FOLDER_NAME,UNCLASSIFIED,P3,NOT_REVIEWED,MEDIUM,NO,,,UNKNOWN,resolution_class=MEDIUM
AST-000697,/Users/fredrick/Documents/Vayva-Tech/vayva-polyrepo/123Design/Images & Videos,OLD/OUTSOURCE 60/HED-R004.jpg,OUTSOURCE 60,OLD,HED-R004.jpg,HED-R004,.jpg,,IMAGE,772931,0.7371,2490,1992,5:4,LANDSCAPE,,,,,,2015-11-03T03:59:12+00:00,2015-11-03T03:59:12+00:00,2012-05-14 11:51:39 +0000,,,,20484ef55eb6b42f52240c2da37fd265c8475ebb040feae9b60557668a1c2e69,DUP-00305,OLD,OUTSOURCE 60,OUTSOURCE 60,FOLDER_NAME,UNCLASSIFIED,P3,NOT_REVIEWED,MEDIUM,NO,,,UNKNOWN,resolution_class=MEDIUM
AST-000698,/Users/fredrick/Documents/Vayva-Tech/vayva-polyrepo/123Design/Images & Videos,OLD/OUTSOURCE 60/HPS-019.JPG,OUTSOURCE 60,OLD,HPS-019.JPG,HPS-019,.jpg,,IMAGE,677937,0.6465,1800,2300,18:23,PORTRAIT,,,,,,2015-11-03T04:02:52+00:00,2015-11-03T04:02:52+00:00,2015-11-03 04:02:52 +0000,,,,61f084064593d3d5cafe857460f568fb31d07f8085eaa11d470e1ada230d291c,DUP-00306,OLD,OUTSOURCE 60,OUTSOURCE 60,FOLDER_NAME,UNCLASSIFIED,P3,NOT_REVIEWED,MEDIUM,NO,,,UNKNOWN,resolution_class=MEDIUM
AST-000699,/Users/fredrick/Documents/Vayva-Tech/vayva-polyrepo/123Design/Images & Videos,OLD/OUTSOURCE 60/HPS-031.jpg,OUTSOURCE 60,OLD,HPS-031.jpg,HPS-031,.jpg,,IMAGE,829280,0.7909,1605,1205,321:241,LANDSCAPE,,,,,,2015-11-03T04:02:54+00:00,2015-11-03T04:02:54+00:00,2015-11-03 04:02:54 +0000,,,,5c9929bbe7675a425f4f3d61bc5b7fa18a63ea3366bd5be0d9d1058ea0453d07,DUP-00307,OLD,OUTSOURCE 60,OUTSOURCE 60,FOLDER_NAME,UNCLASSIFIED,P3,NOT_REVIEWED,LOW,NO,,,UNKNOWN,resolution_class=LOW
AST-000700,/Users/fredrick/Documents/Vayva-Tech/vayva-polyrepo/123Design/Images & Videos,OLD/OUTSOURCE 60/HPS-032.jpg,OUTSOURCE 60,OLD,HPS-032.jpg,HPS-032,.jpg,,IMAGE,497001,0.474,1200,904,150:113,LANDSCAPE,,,,,,2015-11-03T04:02:54+00:00,2015-11-03T04:02:54+00:00,2015-11-03 04:02:54 +0000,,,,f8b5846843232f2c020e7cdee1cd626445f10eb3f7a925eba1e6ea702553d28c,DUP-00308,OLD,OUTSOURCE 60,OUTSOURCE 60,FOLDER_NAME,UNCLASSIFIED,P3,NOT_REVIEWED,LOW,NO,,,UNKNOWN,resolution_class=LOW
AST-000701,/Users/fredrick/Documents/Vayva-Tech/vayva-polyrepo/123Design/Images & Videos,OLD/OUTSOURCE 60/HPS-033.JPG,OUTSOURCE 60,OLD,HPS-033.JPG,HPS-033,.jpg,,IMAGE,1009485,0.9627,1600,1200,4:3,LANDSCAPE,,,,,,2015-11-03T04:02:54+00:00,2015-11-03T04:02:54+00:00,2015-11-03 04:02:54 +0000,,,,c2aa9a6a85f3d741cb8971863b93f9c8ee3fcec5bcf9b5e920d3ee577f476979,DUP-00309,OLD,OUTSOURCE 60,OUTSOURCE 60,FOLDER_NAME,UNCLASSIFIED,P3,NOT_REVIEWED,LOW,NO,,,UNKNOWN,resolution_class=LOW
AST-000702,/Users/fredrick/Documents/Vayva-Tech/vayva-polyrepo/123Design/Images & Videos,OLD/OUTSOURCE 60/HPS-034.jpg,OUTSOURCE 60,OLD,HPS-034.jpg,HPS-034,.jpg,,IMAGE,665791,0.6349,1400,931,200:133,LANDSCAPE,,,,,,2015-11-03T04:02:54+00:00,2015-11-03T04:02:54+00:00,2015-11-03 04:02:54 +0000,,,,6069da92c014d343a75d104da20a057e8d9286db6f48171e9921d53d7f542714,DUP-00310,OLD,OUTSOURCE 60,OUTSOURCE 60,FOLDER_NAME,UNCLASSIFIED,P3,NOT_REVIEWED,LOW,NO,,,UNKNOWN,resolution_class=LOW
AST-000703,/Users/fredrick/Documents/Vayva-Tech/vayva-polyrepo/123Design/Images & Videos,OLD/OUTSOURCE 60/IPM-001_BTD.jpg,OUTSOURCE 60,OLD,IPM-001_BTD.jpg,IPM-001_BTD,.jpg,,IMAGE,61615,0.0588,1024,768,4:3,LANDSCAPE,,,,,,2015-11-03T04:28:06+00:00,2015-11-03T04:28:06+00:00,2015-11-03 04:28:06 +0000,,,,eac2fea168c9eb63e3e59f0bebd29a0a5a11116d4cf3822b1b4c5d3044b58ff9,DUP-00311,OLD,OUTSOURCE 60,OUTSOURCE 60,FOLDER_NAME,UNCLASSIFIED,P3,NOT_REVIEWED,LOW,NO,,,UNKNOWN,resolution_class=LOW
AST-000704,/Users/fredrick/Documents/Vayva-Tech/vayva-polyrepo/123Design/Images & Videos,OLD/OUTSOURCE 60/IPM-009_LR.JPG,OUTSOURCE 60,OLD,IPM-009_LR.JPG,IPM-009_LR,.jpg,,IMAGE,207685,0.1981,800,533,800:533,LANDSCAPE,,,,,,2015-11-03T04:28:06+00:00,2015-11-03T04:28:06+00:00,2015-11-03 04:28:06 +0000,,,,41e4960f32719890938be040e6c3d53218bf6cce815f24afbd02738e46eea48b,DUP-00312,OLD,OUTSOURCE 60,OUTSOURCE 60,FOLDER_NAME,UNCLASSIFIED,P3,NOT_REVIEWED,VERY_LOW,NO,,,UNKNOWN,resolution_class=VERY_LOW
AST-000705,/Users/fredrick/Documents/Vayva-Tech/vayva-polyrepo/123Design/Images & Videos,OLD/OUTSOURCE 60/IPM-010_LR.JPG,OUTSOURCE 60,OLD,IPM-010_LR.JPG,IPM-010_LR,.jpg,,IMAGE,1575297,1.5023,2048,1593,2048:1593,LANDSCAPE,,,,,,2015-11-03T04:28:08+00:00,2015-11-03T04:28:08+00:00,2015-11-03 04:28:08 +0000,,,,4204c9dc057833485603633d8936dae7a8d2561704f2c34b3cdace3eadafb364,DUP-00313,OLD,OUTSOURCE 60,OUTSOURCE 60,FOLDER_NAME,UNCLASSIFIED,P3,NOT_REVIEWED,MEDIUM,NO,,,UNKNOWN,resolution_class=MEDIUM
AST-000706,/Users/fredrick/Documents/Vayva-Tech/vayva-polyrepo/123Design/Images & Videos,OLD/OUTSOURCE 60/IPM-1_LR.jpg,OUTSOURCE 60,OLD,IPM-1_LR.jpg,IPM-1_LR,.jpg,,IMAGE,900051,0.8584,1600,1200,4:3,LANDSCAPE,,,,,,2015-11-03T04:28:08+00:00,2015-11-03T04:28:08+00:00,2015-11-03 04:28:08 +0000,,,,864d11087dce7f5e64cad686a91483b7aaf32a6655a0d417b5dbdbe4bc5021d2,DUP-00314,OLD,OUTSOURCE 60,OUTSOURCE 60,FOLDER_NAME,UNCLASSIFIED,P3,NOT_REVIEWED,LOW,NO,,,UNKNOWN,resolution_class=LOW
AST-000707,/Users/fredrick/Documents/Vayva-Tech/vayva-polyrepo/123Design/Images & Videos,OLD/OUTSOURCE 60/IPM-2_LR.jpg,OUTSOURCE 60,OLD,IPM-2_LR.jpg,IPM-2_LR,.jpg,,IMAGE,1722806,1.643,2448,1632,3:2,LANDSCAPE,,,,,,2015-11-03T04:28:08+00:00,2015-11-03T04:28:08+00:00,2015-11-03 04:28:08 +0000,,,,8a18eecc0384ff42c4c7e3df71e9134d273c6294d77d66e6d07d1dc406f6038b,DUP-00315,OLD,OUTSOURCE 60,OUTSOURCE 60,FOLDER_NAME,UNCLASSIFIED,P3,NOT_REVIEWED,MEDIUM,NO,,,UNKNOWN,resolution_class=MEDIUM
AST-000708,/Users/fredrick/Documents/Vayva-Tech/vayva-polyrepo/123Design/Images & Videos,OLD/OUTSOURCE 60/LAS-R045.JPG,OUTSOURCE 60,OLD,LAS-R045.JPG,LAS-R045,.jpg,,IMAGE,634739,0.6053,1600,1068,400:267,LANDSCAPE,,,,,,2015-11-03T04:58:56+00:00,2015-11-03T04:58:56+00:00,2015-11-03 04:58:56 +0000,,,,ecfe2d662dc39f46fa3204d849d0ea1e2cf8718100751cd96eb0e22082afe64c,DUP-00316,OLD,OUTSOURCE 60,OUTSOURCE 60,FOLDER_NAME,UNCLASSIFIED,P3,NOT_REVIEWED,LOW,NO,,,UNKNOWN,resolution_class=LOW
AST-000709,/Users/fredrick/Documents/Vayva-Tech/vayva-polyrepo/123Design/Images & Videos,OLD/OUTSOURCE 60/LAS-R046.JPG,OUTSOURCE 60,OLD,LAS-R046.JPG,LAS-R046,.jpg,,IMAGE,151707,0.1447,2000,1200,5:3,LANDSCAPE,,,,,,2015-11-03T04:58:56+00:00,2015-11-03T04:58:56+00:00,2012-09-24 15:03:18 +0000,,,,2e05dc41938004f0e06e2f446bf747cd3b3898f87ad3f451b6b6337a289eb8e6,DUP-00317,OLD,OUTSOURCE 60,OUTSOURCE 60,FOLDER_NAME,UNCLASSIFIED,P3,NOT_REVIEWED,MEDIUM,NO,,,UNKNOWN,resolution_class=MEDIUM
AST-000710,/Users/fredrick/Documents/Vayva-Tech/vayva-polyrepo/123Design/Images & Videos,OLD/OUTSOURCE 60/MCA-R022-2.jpg,OUTSOURCE 60,OLD,MCA-R022-2.jpg,MCA-R022-2,.jpg,,IMAGE,561400,0.5354,3780,2517,1260:839,LANDSCAPE,,,,,,2015-11-03T07:01:26+00:00,2015-11-03T07:01:26+00:00,2013-05-30 15:07:45 +0000,,,,16ca24de622de3bcadf467c02ab1b3d16bb4dfac844f6d787bdbf9bfe3c9d9c8,DUP-00318,OLD,OUTSOURCE 60,OUTSOURCE 60,FOLDER_NAME,UNCLASSIFIED,P3,NOT_REVIEWED,HIGH,NO,,,UNKNOWN,resolution_class=HIGH
AST-000711,/Users/fredrick/Documents/Vayva-Tech/vayva-polyrepo/123Design/Images & Videos,OLD/OUTSOURCE 60/MCA-R027.jpg,OUTSOURCE 60,OLD,MCA-R027.jpg,MCA-R027,.jpg,,IMAGE,197938,0.1888,2000,1333,2000:1333,LANDSCAPE,,,,,,2015-11-03T07:01:26+00:00,2015-11-03T07:01:26+00:00,2013-05-30 16:32:16 +0000,,,,96d2cfc6a93c4750db548268f169d8dd4c8d86b1837fe00fee0947d2ad6bb009,DUP-00319,OLD,OUTSOURCE 60,OUTSOURCE 60,FOLDER_NAME,UNCLASSIFIED,P3,NOT_REVIEWED,MEDIUM,NO,,,UNKNOWN,resolution_class=MEDIUM
AST-000712,/Users/fredrick/Documents/Vayva-Tech/vayva-polyrepo/123Design/Images & Videos,OLD/OUTSOURCE 60/MCA-R032-2.jpg,OUTSOURCE 60,OLD,MCA-R032-2.jpg,MCA-R032-2,.jpg,,IMAGE,1626773,1.5514,8333,5000,8333:5000,LANDSCAPE,,,,,,2015-11-03T07:01:50+00:00,2015-11-03T07:01:50+00:00,2013-05-30 18:45:06 +0000,,,,0d47b70e171d40dde4fedbb7fc3979dfd9559a6b2fe1024d349e061492aabe72,DUP-00320,OLD,OUTSOURCE 60,OUTSOURCE 60,FOLDER_NAME,UNCLASSIFIED,P3,NOT_REVIEWED,VERY_HIGH,NO,,,UNKNOWN,resolution_class=VERY_HIGH
AST-000713,/Users/fredrick/Documents/Vayva-Tech/vayva-polyrepo/123Design/Images & Videos,OLD/OUTSOURCE 60/MCA-R033.jpg,OUTSOURCE 60,OLD,MCA-R033.jpg,MCA-R033,.jpg,,IMAGE,2021807,1.9281,3000,1998,500:333,LANDSCAPE,,,,,,2015-11-03T07:01:56+00:00,2015-11-03T07:01:56+00:00,2015-11-03 07:01:56 +0000,,,,ea7ba4e0d0410bf8336c8d32a6801fa912089abb4c53bccf74c3138b0023911e,DUP-00321,OLD,OUTSOURCE 60,OUTSOURCE 60,FOLDER_NAME,UNCLASSIFIED,P3,NOT_REVIEWED,MEDIUM,NO,,,UNKNOWN,resolution_class=MEDIUM
AST-000714,/Users/fredrick/Documents/Vayva-Tech/vayva-polyrepo/123Design/Images & Videos,OLD/OUTSOURCE 60/MCA-R034.jpg,OUTSOURCE 60,OLD,MCA-R034.jpg,MCA-R034,.jpg,,IMAGE,1285722,1.2262,2000,1332,500:333,LANDSCAPE,,,,,,2015-11-03T07:01:56+00:00,2015-11-03T07:01:56+00:00,2015-11-03 07:01:56 +0000,,,,ff55b0214e43f10316dd0582e5fb874d3c579b2452bda31f5099b328315ff170,DUP-00322,OLD,OUTSOURCE 60,OUTSOURCE 60,FOLDER_NAME,UNCLASSIFIED,P3,NOT_REVIEWED,MEDIUM,NO,,,UNKNOWN,resolution_class=MEDIUM
AST-000715,/Users/fredrick/Documents/Vayva-Tech/vayva-polyrepo/123Design/Images & Videos,OLD/OUTSOURCE 60/MCA-R035.jpg,OUTSOURCE 60,OLD,MCA-R035.jpg,MCA-R035,.jpg,,IMAGE,3210292,3.0616,3000,2004,250:167,LANDSCAPE,,,,,,2015-11-03T07:01:56+00:00,2015-11-03T07:01:56+00:00,2015-11-03 07:01:56 +0000,,,,a567910afbb075c333b721d1db7f57945690a2b499325ac84b5f8595eff2bc98,DUP-00323,OLD,OUTSOURCE 60,OUTSOURCE 60,FOLDER_NAME,UNCLASSIFIED,P3,NOT_REVIEWED,HIGH,NO,,,UNKNOWN,resolution_class=HIGH
AST-000716,/Users/fredrick/Documents/Vayva-Tech/vayva-polyrepo/123Design/Images & Videos,OLD/OUTSOURCE 60/MEA-R001-51-2014-07-03.jpg,OUTSOURCE 60,OLD,MEA-R001-51-2014-07-03.jpg,MEA-R001-51-2014-07-03,.jpg,,IMAGE,390255,0.3722,1500,1125,4:3,LANDSCAPE,,,,,,2015-11-03T07:19:34+00:00,2015-11-03T07:19:34+00:00,2015-11-03 07:19:34 +0000,,,,e601c6f5d94fe281b318feec428fdf1d6c4d2b411157e4487210a78754a6e463,DUP-00324,OLD,OUTSOURCE 60,OUTSOURCE 60,FOLDER_NAME,UNCLASSIFIED,P3,NOT_REVIEWED,LOW,NO,,,UNKNOWN,resolution_class=LOW
AST-000717,/Users/fredrick/Documents/Vayva-Tech/vayva-polyrepo/123Design/Images & Videos,OLD/OUTSOURCE 60/MEA-R001-52-2014-07-03.jpg,OUTSOURCE 60,OLD,MEA-R001-52-2014-07-03.jpg,MEA-R001-52-2014-07-03,.jpg,,IMAGE,413522,0.3944,1500,1125,4:3,LANDSCAPE,,,,,,2015-11-03T07:19:34+00:00,2015-11-03T07:19:34+00:00,2015-11-03 07:19:34 +0000,,,,efb8aa1b7576b92f00aaa77b799669b619d46f752248e2762f8dd567fd1f0a68,DUP-00325,OLD,OUTSOURCE 60,OUTSOURCE 60,FOLDER_NAME,UNCLASSIFIED,P3,NOT_REVIEWED,LOW,NO,,,UNKNOWN,resolution_class=LOW
AST-000718,/Users/fredrick/Documents/Vayva-Tech/vayva-polyrepo/123Design/Images & Videos,OLD/OUTSOURCE 60/MEA-R001-62-2014-07-03.jpg,OUTSOURCE 60,OLD,MEA-R001-62-2014-07-03.jpg,MEA-R001-62-2014-07-03,.jpg,,IMAGE,1140880,1.088,3000,2250,4:3,LANDSCAPE,,,,,,2015-11-03T07:19:34+00:00,2015-11-03T07:19:34+00:00,2015-11-03 07:19:34 +0000,,,,4efaad9efe2f5183467fd5953509b7252a276bc349b8638f8125185c83135bfd,DUP-00326,OLD,OUTSOURCE 60,OUTSOURCE 60,FOLDER_NAME,UNCLASSIFIED,P3,NOT_REVIEWED,HIGH,NO,,,UNKNOWN,resolution_class=HIGH
AST-000719,/Users/fredrick/Documents/Vayva-Tech/vayva-polyrepo/123Design/Images & Videos,OLD/OUTSOURCE 60/OUTSOURCE 60.zip,OUTSOURCE 60,OLD,OUTSOURCE 60.zip,OUTSOURCE 60,.zip,,ARCHIVE,78251418,74.6264,,,,,,,,,,2018-10-02T04:14:04+00:00,2018-10-02T04:14:04+00:00,,,,,b1f229f40f998a9b1b11733a6ff52e499a5fa741be7e5af5e2237ec851d9fd74,,OLD,OUTSOURCE 60,OUTSOURCE 60,FOLDER_NAME,UNCLASSIFIED,P3,NOT_REVIEWED,,NO,,,UNKNOWN,
AST-000720,/Users/fredrick/Documents/Vayva-Tech/vayva-polyrepo/123Design/Images & Videos,OLD/OUTSOURCE 60/SHE-R021.jpg,OUTSOURCE 60,OLD,SHE-R021.jpg,SHE-R021,.jpg,,IMAGE,1774274,1.6921,2000,1500,4:3,LANDSCAPE,,,,,,2015-11-03T13:14:58+00:00,2015-11-03T13:14:58+00:00,2015-11-03 13:14:58 +0000,,,,8a00814d4ee6732d23a63350604867bd55401be269d15251f8c2ec360279f1d3,DUP-00327,OLD,OUTSOURCE 60,OUTSOURCE 60,FOLDER_NAME,UNCLASSIFIED,P3,NOT_REVIEWED,MEDIUM,NO,,,UNKNOWN,resolution_class=MEDIUM
AST-000721,/Users/fredrick/Documents/Vayva-Tech/vayva-polyrepo/123Design/Images & Videos,OLD/OUTSOURCE 60/SHE-R024.jpg,OUTSOURCE 60,OLD,SHE-R024.jpg,SHE-R024,.jpg,,IMAGE,1673418,1.5959,2000,1500,4:3,LANDSCAPE,,,,,,2015-11-03T13:15:02+00:00,2015-11-03T13:15:02+00:00,2015-11-03 13:15:02 +0000,,,,0390e7f94f735c72a52699dd040cfa1715f177577c2443b7fca820907827f5fb,DUP-00328,OLD,OUTSOURCE 60,OUTSOURCE 60,FOLDER_NAME,UNCLASSIFIED,P3,NOT_REVIEWED,MEDIUM,NO,,,UNKNOWN,resolution_class=MEDIUM
AST-000722,/Users/fredrick/Documents/Vayva-Tech/vayva-polyrepo/123Design/Images & Videos,OLD/OUTSOURCE 60/TRA-R109.jpg,OUTSOURCE 60,OLD,TRA-R109.jpg,TRA-R109,.jpg,,IMAGE,924434,0.8816,2000,1332,500:333,LANDSCAPE,,,,,,2015-11-03T21:14:18+00:00,2015-11-03T21:14:18+00:00,2015-11-03 21:14:18 +0000,,,,c456254ac2d8c6262d7d2f7cd22007fae76a89e4ca7f38d189898c8571121f54,DUP-00329,OLD,OUTSOURCE 60,OUTSOURCE 60,FOLDER_NAME,UNCLASSIFIED,P3,NOT_REVIEWED,MEDIUM,NO,,,UNKNOWN,resolution_class=MEDIUM
AST-000723,/Users/fredrick/Documents/Vayva-Tech/vayva-polyrepo/123Design/Images & Videos,OLD/OUTSOURCE 60/TRA-R114.JPG,OUTSOURCE 60,OLD,TRA-R114.JPG,TRA-R114,.jpg,,IMAGE,381696,0.364,2000,1200,5:3,LANDSCAPE,,,,,,2015-11-03T21:14:18+00:00,2015-11-03T21:14:18+00:00,2015-11-03 21:14:18 +0000,,,,032b3e34d7be5534ab4769bd8075e592e22c70a011ca8e151714764489c5d84c,DUP-00330,OLD,OUTSOURCE 60,OUTSOURCE 60,FOLDER_NAME,UNCLASSIFIED,P3,NOT_REVIEWED,MEDIUM,NO,,,UNKNOWN,resolution_class=MEDIUM
AST-000724,/Users/fredrick/Documents/Vayva-Tech/vayva-polyrepo/123Design/Images & Videos,OLD/OUTSOURCE 60/TRA-R121.jpg,OUTSOURCE 60,OLD,TRA-R121.jpg,TRA-R121,.jpg,,IMAGE,437404,0.4171,2000,1200,5:3,LANDSCAPE,,,,,,2015-11-03T21:14:18+00:00,2015-11-03T21:14:18+00:00,2015-11-03 21:14:18 +0000,,,,2f31b3e3731a38066e1ae8e509ec4c4b7aacc22ba628212a415cb15aec2dfa7a,DUP-00331,OLD,OUTSOURCE 60,OUTSOURCE 60,FOLDER_NAME,UNCLASSIFIED,P3,NOT_REVIEWED,MEDIUM,NO,,,UNKNOWN,resolution_class=MEDIUM
AST-000725,/Users/fredrick/Documents/Vayva-Tech/vayva-polyrepo/123Design/Images & Videos,OLD/OUTSOURCE 60/TRB-R086.jpg,OUTSOURCE 60,OLD,TRB-R086.jpg,TRB-R086,.jpg,,IMAGE,716151,0.683,2000,1428,500:357,LANDSCAPE,,,,,,2015-11-03T22:26:10+00:00,2015-11-03T22:26:10+00:00,2015-11-03 22:26:10 +0000,,,,7b3d08e78509cf6e54f22839130c9397fcf3bcf888424343307e60067462fcd3,DUP-00332,OLD,OUTSOURCE 60,OUTSOURCE 60,FOLDER_NAME,UNCLASSIFIED,P3,NOT_REVIEWED,MEDIUM,NO,,,UNKNOWN,resolution_class=MEDIUM
AST-000726,/Users/fredrick/Documents/Vayva-Tech/vayva-polyrepo/123Design/Images & Videos,OLD/OUTSOURCE 60/TRB-R094.JPG,OUTSOURCE 60,OLD,TRB-R094.JPG,TRB-R094,.jpg,,IMAGE,161430,0.154,2000,1500,4:3,LANDSCAPE,,,,,,2015-11-03T22:26:10+00:00,2015-11-03T22:26:10+00:00,2013-04-26 09:48:51 +0000,,,,0b730be6c07e69609ba5ebea54cb0d87cb7f6432c59cf5ba4ca5794fa054a899,DUP-00333,OLD,OUTSOURCE 60,OUTSOURCE 60,FOLDER_NAME,UNCLASSIFIED,P3,NOT_REVIEWED,MEDIUM,NO,,,UNKNOWN,resolution_class=MEDIUM
AST-000727,/Users/fredrick/Documents/Vayva-Tech/vayva-polyrepo/123Design/Images & Videos,OLD/OUTSOURCE 60/TRC-R052.jpg,OUTSOURCE 60,OLD,TRC-R052.jpg,TRC-R052,.jpg,,IMAGE,1978274,1.8866,2000,2000,1:1,SQUARE,,,,,,2015-11-03T22:40:48+00:00,2015-11-03T22:40:48+00:00,2015-11-03 22:40:48 +0000,,,,75b86631ab308cfc80742f59051e34cc698a83e57bec28179f560124e6590d31,DUP-00334,OLD,OUTSOURCE 60,OUTSOURCE 60,FOLDER_NAME,UNCLASSIFIED,P3,NOT_REVIEWED,MEDIUM,NO,,,UNKNOWN,resolution_class=MEDIUM
AST-000728,/Users/fredrick/Documents/Vayva-Tech/vayva-polyrepo/123Design/Images & Videos,OLD/OUTSOURCE 60/TRD-R066-2.jpg,OUTSOURCE 60,OLD,TRD-R066-2.jpg,TRD-R066-2,.jpg,,IMAGE,141967,0.1354,1500,1125,4:3,LANDSCAPE,,,,,,2015-11-03T22:43:04+00:00,2015-11-03T22:43:04+00:00,2013-01-08 10:14:16 +0000,,,,b4d10216e8dc844d83e2a35fbc4ebb76029162f140b3e3473bc41ec5616645dd,DUP-00335,OLD,OUTSOURCE 60,OUTSOURCE 60,FOLDER_NAME,UNCLASSIFIED,P3,NOT_REVIEWED,LOW,NO,,,UNKNOWN,resolution_class=LOW
AST-000729,/Users/fredrick/Documents/Vayva-Tech/vayva-polyrepo/123Design/Images & Videos,OLD/OUTSOURCE 60/TRD-R067-2.jpg,OUTSOURCE 60,OLD,TRD-R067-2.jpg,TRD-R067-2,.jpg,,IMAGE,150920,0.1439,1600,1067,1600:1067,LANDSCAPE,,,,,,2015-11-03T22:43:06+00:00,2015-11-03T22:43:06+00:00,2013-01-08 10:48:52 +0000,,,,7832cebd8e87f41759a95eaafd35ccf53c4f9d6c8f302138c203d06edabe6a11,DUP-00336,OLD,OUTSOURCE 60,OUTSOURCE 60,FOLDER_NAME,UNCLASSIFIED,P3,NOT_REVIEWED,LOW,NO,,,UNKNOWN,resolution_class=LOW
AST-000730,/Users/fredrick/Documents/Vayva-Tech/vayva-polyrepo/123Design/Images & Videos,OLD/OUTSOURCE 60/TRY-R026.jpg,OUTSOURCE 60,OLD,TRY-R026.jpg,TRY-R026,.jpg,,IMAGE,292061,0.2785,2000,1484,500:371,LANDSCAPE,,,,,,2015-11-03T22:57:10+00:00,2015-11-03T22:57:10+00:00,2012-10-11 08:47:49 +0000,,,,2fc7dc7dfd284ee6ff587fc3615018ae68fdd35e587fc240c74e835e7071c84c,DUP-00337,OLD,OUTSOURCE 60,OUTSOURCE 60,FOLDER_NAME,UNCLASSIFIED,P3,NOT_REVIEWED,MEDIUM,NO,,,UNKNOWN,resolution_class=MEDIUM
AST-000731,/Users/fredrick/Documents/Vayva-Tech/vayva-polyrepo/123Design/Images & Videos,OLD/OUTSOURCE 60/TRY-R032.jpg,OUTSOURCE 60,OLD,TRY-R032.jpg,TRY-R032,.jpg,,IMAGE,227398,0.2169,2000,1332,500:333,LANDSCAPE,,,,,,2015-11-03T22:57:14+00:00,2015-11-03T22:57:14+00:00,2012-10-11 13:33:48 +0000,,,,8df2d13c46096751991e0714bb51003982a46c9dbbd429964e8dc12a0eb4a6b3,DUP-00338,OLD,OUTSOURCE 60,OUTSOURCE 60,FOLDER_NAME,UNCLASSIFIED,P3,NOT_REVIEWED,MEDIUM,NO,,,UNKNOWN,resolution_class=MEDIUM
AST-000732,/Users/fredrick/Documents/Vayva-Tech/vayva-polyrepo/123Design/Images & Videos,OLD/OUTSOURCE 60/TRY-R033.JPG,OUTSOURCE 60,OLD,TRY-R033.JPG,TRY-R033,.jpg,,IMAGE,1268186,1.2094,2000,1200,5:3,LANDSCAPE,,,,,,2015-11-03T22:57:18+00:00,2015-11-03T22:57:18+00:00,2015-11-03 22:57:18 +0000,,,,1205b4262e54de36f2351ab095c2fed0cdbb8f25afa6a5eeab2da4c084d42967,DUP-00339,OLD,OUTSOURCE 60,OUTSOURCE 60,FOLDER_NAME,UNCLASSIFIED,P3,NOT_REVIEWED,MEDIUM,NO,,,UNKNOWN,resolution_class=MEDIUM
AST-000733,/Users/fredrick/Documents/Vayva-Tech/vayva-polyrepo/123Design/Images & Videos,OLD/OUTSOURCE 60/TRY-R038.jpg,OUTSOURCE 60,OLD,TRY-R038.jpg,TRY-R038,.jpg,,IMAGE,276701,0.2639,2000,1460,100:73,LANDSCAPE,,,,,,2015-11-03T22:57:18+00:00,2015-11-03T22:57:18+00:00,2012-11-14 15:14:20 +0000,,,,461b6ad8c7d032c48a33d8a280685286366deab06ef424d09cba9ea21e9bf1be,DUP-00340,OLD,OUTSOURCE 60,OUTSOURCE 60,FOLDER_NAME,UNCLASSIFIED,P3,NOT_REVIEWED,MEDIUM,NO,,,UNKNOWN,resolution_class=MEDIUM
AST-000734,/Users/fredrick/Documents/Vayva-Tech/vayva-polyrepo/123Design/Images & Videos,OLD/OUTSOURCE 60/VEN-rendering.jpg,OUTSOURCE 60,OLD,VEN-rendering.jpg,VEN-rendering,.jpg,,IMAGE,1572153,1.4993,2000,1330,200:133,LANDSCAPE,,,,,,2015-11-04T00:24:00+00:00,2015-11-04T00:24:00+00:00,2010-05-18 10:07:05 +0000,,,,2ad044513632196a7ce0149f15a934f9819ef54d4a3802506bbeffa4aa801597,DUP-00341,OLD,OUTSOURCE 60,OUTSOURCE 60,FOLDER_NAME,UNCLASSIFIED,P3,NOT_REVIEWED,MEDIUM,NO,,,UNKNOWN,resolution_class=MEDIUM
AST-000735,/Users/fredrick/Documents/Vayva-Tech/vayva-polyrepo/123Design/Images & Videos,OLD/OUTSOURCE 60/VEN-rendering2.jpg,OUTSOURCE 60,OLD,VEN-rendering2.jpg,VEN-rendering2,.jpg,,IMAGE,2374296,2.2643,2500,1875,4:3,LANDSCAPE,,,,,,2015-11-04T00:24:00+00:00,2015-11-04T00:24:00+00:00,2015-11-04 00:24:00 +0000,,,,b6c31f20a618ffd4197477343550c96a1acf3d68ccd6135a33b758602379d0c4,DUP-00342,OLD,OUTSOURCE 60,OUTSOURCE 60,FOLDER_NAME,UNCLASSIFIED,P3,NOT_REVIEWED,MEDIUM,NO,,,UNKNOWN,resolution_class=MEDIUM
AST-000736,/Users/fredrick/Documents/Vayva-Tech/vayva-polyrepo/123Design/Images & Videos,OLD/OUTSOURCE 60/VEN-rendering9.jpg,OUTSOURCE 60,OLD,VEN-rendering9.jpg,VEN-rendering9,.jpg,,IMAGE,483458,0.4611,1200,1600,3:4,PORTRAIT,,,,,,2015-11-04T00:24:00+00:00,2015-11-04T00:24:00+00:00,2015-11-04 00:24:00 +0000,,,,2a5ab6301540c23506eb791ad13f90f7f5bc29ca719f38552f6291d0e78add78,DUP-00343,OLD,OUTSOURCE 60,OUTSOURCE 60,FOLDER_NAME,UNCLASSIFIED,P3,NOT_REVIEWED,LOW,NO,,,UNKNOWN,resolution_class=LOW
AST-000737,/Users/fredrick/Documents/Vayva-Tech/vayva-polyrepo/123Design/Images & Videos,OLD/OUTSOURCE 60/bot-002a.jpg,OUTSOURCE 60,OLD,bot-002a.jpg,bot-002a,.jpg,,IMAGE,718916,0.6856,1600,1036,400:259,LANDSCAPE,,,,,,2015-11-04T00:23:26+00:00,2015-11-04T00:23:26+00:00,2015-11-04 00:23:26 +0000,,,,ec1218f48023f31af876823b0304338925db33b717fa92b905f9466b1b19d8a4,DUP-00344,OLD,OUTSOURCE 60,OUTSOURCE 60,FOLDER_NAME,UNCLASSIFIED,P3,NOT_REVIEWED,LOW,NO,,,UNKNOWN,resolution_class=LOW
AST-000738,/Users/fredrick/Documents/Vayva-Tech/vayva-polyrepo/123Design/Images & Videos,OLD/OUTSOURCE 60/bot-004.jpg,OUTSOURCE 60,OLD,bot-004.jpg,bot-004,.jpg,,IMAGE,396784,0.3784,1200,1600,3:4,PORTRAIT,,,,,,2015-11-04T00:23:26+00:00,2015-11-04T00:23:26+00:00,2015-11-04 00:23:26 +0000,,,,5894ea54427f36aa0fe8c6d54e2b8a3725a816e0f32b33cf00ead818f92b093d,DUP-00345,OLD,OUTSOURCE 60,OUTSOURCE 60,FOLDER_NAME,UNCLASSIFIED,P3,NOT_REVIEWED,LOW,NO,,,UNKNOWN,resolution_class=LOW
AST-000739,/Users/fredrick/Documents/Vayva-Tech/vayva-polyrepo/123Design/Images & Videos,OLD/OUTSOURCE 60/carseat.jpg,OUTSOURCE 60,OLD,carseat.jpg,carseat,.jpg,,IMAGE,2191098,2.0896,5100,3300,17:11,LANDSCAPE,,,,,,2015-11-02T20:14:32+00:00,2015-11-02T20:14:32+00:00,2013-07-18 15:04:23 +0000,,,,4faf3ed47faed1850d43b82d2a398e28a9b39d18bd86ea74c61109dc8ee43225,DUP-00346,OLD,OUTSOURCE 60,OUTSOURCE 60,FOLDER_NAME,UNCLASSIFIED,P3,NOT_REVIEWED,VERY_HIGH,NO,,,UNKNOWN,resolution_class=VERY_HIGH
AST-000740,/Users/fredrick/Documents/Vayva-Tech/vayva-polyrepo/123Design/Images & Videos,OLD/OUTSOURCE 60/gun-p018.jpg,OUTSOURCE 60,OLD,gun-p018.jpg,gun-p018,.jpg,,IMAGE,608885,0.5807,1600,1132,400:283,LANDSCAPE,,,,,,2015-11-03T03:39:24+00:00,2015-11-03T03:39:24+00:00,2012-01-20 11:40:21 +0000,,,,38c3e6546e72c20f77d47d6fae5f96ef30428724fc1b5c3f219014733f9e9330,DUP-00347,OLD,OUTSOURCE 60,OUTSOURCE 60,FOLDER_NAME,UNCLASSIFIED,P3,NOT_REVIEWED,LOW,NO,,,UNKNOWN,resolution_class=LOW
AST-000741,/Users/fredrick/Documents/Vayva-Tech/vayva-polyrepo/123Design/Images & Videos,OLD/OUTSOURCE 60/gun-p021.jpg,OUTSOURCE 60,OLD,gun-p021.jpg,gun-p021,.jpg,,IMAGE,465971,0.4444,800,1200,2:3,PORTRAIT,,,,,,2015-11-03T03:39:28+00:00,2015-11-03T03:39:28+00:00,2012-01-20 15:54:56 +0000,,,,626d3e90c3ba03cd875f95c2178191f80b126deab2b6187917692d41b6287382,DUP-00348,OLD,OUTSOURCE 60,OUTSOURCE 60,FOLDER_NAME,UNCLASSIFIED,P3,NOT_REVIEWED,LOW,NO,,,UNKNOWN,resolution_class=LOW
AST-000742,/Users/fredrick/Documents/Vayva-Tech/vayva-polyrepo/123Design/Images & Videos,OLD/OUTSOURCE 60/gun-p023.jpg,OUTSOURCE 60,OLD,gun-p023.jpg,gun-p023,.jpg,,IMAGE,507939,0.4844,1183,900,1183:900,LANDSCAPE,,,,,,2015-11-03T03:39:28+00:00,2015-11-03T03:39:28+00:00,2012-01-20 16:51:34 +0000,,,,d1ba180d98ac3deecf0fdb5eb78aaca26725be4997e7f1233c387d961d4aaf52,DUP-00349,OLD,OUTSOURCE 60,OUTSOURCE 60,FOLDER_NAME,UNCLASSIFIED,P3,NOT_REVIEWED,LOW,NO,,,UNKNOWN,resolution_class=LOW
AST-000743,/Users/fredrick/Documents/Vayva-Tech/vayva-polyrepo/123Design/Images & Videos,OLD/OUTSOURCE 60/gun-p047.jpg,OUTSOURCE 60,OLD,gun-p047.jpg,gun-p047,.jpg,,IMAGE,709860,0.677,963,1200,321:400,PORTRAIT,,,,,,2015-11-03T03:39:30+00:00,2015-11-03T03:39:30+00:00,2012-01-25 14:36:55 +0000,,,,3d6dbb726df315c99983bc1363056dc9dd6b49b5eca193344ae50c41a56ecb37,DUP-00350,OLD,OUTSOURCE 60,OUTSOURCE 60,FOLDER_NAME,UNCLASSIFIED,P3,NOT_REVIEWED,LOW,NO,,,UNKNOWN,resolution_class=LOW
AST-000744,/Users/fredrick/Documents/Vayva-Tech/vayva-polyrepo/123Design/Images & Videos,OLD/OUTSOURCE 60/ipm-008_LR.jpg,OUTSOURCE 60,OLD,ipm-008_LR.jpg,ipm-008_LR,.jpg,,IMAGE,1572515,1.4997,2000,1547,2000:1547,LANDSCAPE,,,,,,2015-11-03T04:28:06+00:00,2015-11-03T04:28:06+00:00,2015-11-03 04:28:06 +0000,,,,5fac91cf05291af479a58ce813b65a17a6f2c71defdc31a92cddbab93b14bc4f,DUP-00351,OLD,OUTSOURCE 60,OUTSOURCE 60,FOLDER_NAME,UNCLASSIFIED,P3,NOT_REVIEWED,MEDIUM,NO,,,UNKNOWN,resolution_class=MEDIUM
AST-000745,/Users/fredrick/Documents/Vayva-Tech/vayva-polyrepo/123Design/Images & Videos,OLD/OUTSOURCE 60/ipm-011_LR.jpg,OUTSOURCE 60,OLD,ipm-011_LR.jpg,ipm-011_LR,.jpg,,IMAGE,633182,0.6038,1280,853,1280:853,LANDSCAPE,,,,,,2015-11-03T04:28:08+00:00,2015-11-03T04:28:08+00:00,2010-11-21 16:28:47 +0000,,,,6da8e91a644b29fefeec66807f9c74ab9d7bafd60cddd62f286a2a381642d17a,DUP-00352,OLD,OUTSOURCE 60,OUTSOURCE 60,FOLDER_NAME,UNCLASSIFIED,P3,NOT_REVIEWED,LOW,NO,,,UNKNOWN,resolution_class=LOW
AST-000746,/Users/fredrick/Documents/Vayva-Tech/vayva-polyrepo/123Design/Images & Videos,OLD/OUTSOURCE 60/unnamed.jpg,OUTSOURCE 60,OLD,unnamed.jpg,unnamed,.jpg,,IMAGE,793451,0.7567,2100,1500,7:5,LANDSCAPE,,,,,,2018-01-22T07:54:32+00:00,2018-01-22T07:54:32+00:00,2015-08-07 15:26:04 +0000,NIKON CORPORATION,NIKON D7100,,7b765293ce8b78a1d7e3e4f80870bdea7f14ea50934c141148e75371ceff092a,DUP-00353,OLD,OUTSOURCE 60,OUTSOURCE 60,FOLDER_NAME,UNCLASSIFIED,P3,NOT_REVIEWED,MEDIUM,NO,,,UNKNOWN,resolution_class=MEDIUM
AST-000747,/Users/fredrick/Documents/Vayva-Tech/vayva-polyrepo/123Design/Images & Videos,OLD/SHE-R016.jpg,OLD,,SHE-R016.jpg,SHE-R016,.jpg,,IMAGE,1474466,1.4062,2000,1500,4:3,LANDSCAPE,,,,,,2015-11-03T13:14:52+00:00,2015-11-03T13:14:52+00:00,2015-11-03 13:14:52 +0000,,,,5ee97299fca1e688b17b4a5817cc48552d9cfed09a77a1ebd8e0ce4f18d0ddba,,OLD,,,ROOT_FOLDER,UNCLASSIFIED,P3,NOT_REVIEWED,MEDIUM,NO,,,UNKNOWN,resolution_class=MEDIUM
AST-000748,/Users/fredrick/Documents/Vayva-Tech/vayva-polyrepo/123Design/Images & Videos,OLD/SHE-R021 - Copy.jpg,OLD,,SHE-R021 - Copy.jpg,SHE-R021 - Copy,.jpg,,IMAGE,1774274,1.6921,2000,1500,4:3,LANDSCAPE,,,,,,2015-11-03T13:14:58+00:00,2015-11-03T13:14:58+00:00,2015-11-03 13:14:58 +0000,,,,8a00814d4ee6732d23a63350604867bd55401be269d15251f8c2ec360279f1d3,DUP-00327,OLD,,,ROOT_FOLDER,UNCLASSIFIED,P3,NOT_REVIEWED,MEDIUM,NO,,,UNKNOWN,resolution_class=MEDIUM
AST-000749,/Users/fredrick/Documents/Vayva-Tech/vayva-polyrepo/123Design/Images & Videos,OLD/SHE-R021.jpg,OLD,,SHE-R021.jpg,SHE-R021,.jpg,,IMAGE,1774274,1.6921,2000,1500,4:3,LANDSCAPE,,,,,,2015-11-03T13:14:58+00:00,2015-11-03T13:14:58+00:00,2015-11-03 13:14:58 +0000,,,,8a00814d4ee6732d23a63350604867bd55401be269d15251f8c2ec360279f1d3,DUP-00327,OLD,,,ROOT_FOLDER,UNCLASSIFIED,P3,NOT_REVIEWED,MEDIUM,NO,,,UNKNOWN,resolution_class=MEDIUM
AST-000750,/Users/fredrick/Documents/Vayva-Tech/vayva-polyrepo/123Design/Images & Videos,OLD/SHE-R022 - Copy - Copy.jpg,OLD,,SHE-R022 - Copy - Copy.jpg,SHE-R022 - Copy - Copy,.jpg,,IMAGE,1616440,1.5416,2000,1500,4:3,LANDSCAPE,,,,,,2015-11-03T13:15:00+00:00,2015-11-03T13:15:00+00:00,2015-11-03 13:15:00 +0000,,,,77a4b067fb3eaabfe70e69533677d04c9e75d6735698cfb843ea22e6458f2b2f,DUP-00354,OLD,,,ROOT_FOLDER,UNCLASSIFIED,P3,NOT_REVIEWED,MEDIUM,NO,,,UNKNOWN,resolution_class=MEDIUM
AST-000751,/Users/fredrick/Documents/Vayva-Tech/vayva-polyrepo/123Design/Images & Videos,OLD/SHE-R022 - Copy.jpg,OLD,,SHE-R022 - Copy.jpg,SHE-R022 - Copy,.jpg,,IMAGE,1616440,1.5416,2000,1500,4:3,LANDSCAPE,,,,,,2015-11-03T13:15:00+00:00,2015-11-03T13:15:00+00:00,2015-11-03 13:15:00 +0000,,,,77a4b067fb3eaabfe70e69533677d04c9e75d6735698cfb843ea22e6458f2b2f,DUP-00354,OLD,,,ROOT_FOLDER,UNCLASSIFIED,P3,NOT_REVIEWED,MEDIUM,NO,,,UNKNOWN,resolution_class=MEDIUM
AST-000752,/Users/fredrick/Documents/Vayva-Tech/vayva-polyrepo/123Design/Images & Videos,OLD/SHE-R022.jpg,OLD,,SHE-R022.jpg,SHE-R022,.jpg,,IMAGE,1616440,1.5416,2000,1500,4:3,LANDSCAPE,,,,,,2015-11-03T13:15:00+00:00,2015-11-03T13:15:00+00:00,2015-11-03 13:15:00 +0000,,,,77a4b067fb3eaabfe70e69533677d04c9e75d6735698cfb843ea22e6458f2b2f,DUP-00354,OLD,,,ROOT_FOLDER,UNCLASSIFIED,P3,NOT_REVIEWED,MEDIUM,NO,,,UNKNOWN,resolution_class=MEDIUM
AST-000753,/Users/fredrick/Documents/Vayva-Tech/vayva-polyrepo/123Design/Images & Videos,OLD/SHE-R024 - Copy - Copy.jpg,OLD,,SHE-R024 - Copy - Copy.jpg,SHE-R024 - Copy - Copy,.jpg,,IMAGE,1673418,1.5959,2000,1500,4:3,LANDSCAPE,,,,,,2015-11-03T13:15:02+00:00,2015-11-03T13:15:02+00:00,2015-11-03 13:15:02 +0000,,,,0390e7f94f735c72a52699dd040cfa1715f177577c2443b7fca820907827f5fb,DUP-00328,OLD,,,ROOT_FOLDER,UNCLASSIFIED,P3,NOT_REVIEWED,MEDIUM,NO,,,UNKNOWN,resolution_class=MEDIUM
AST-000754,/Users/fredrick/Documents/Vayva-Tech/vayva-polyrepo/123Design/Images & Videos,OLD/SHE-R024 - Copy.jpg,OLD,,SHE-R024 - Copy.jpg,SHE-R024 - Copy,.jpg,,IMAGE,1673418,1.5959,2000,1500,4:3,LANDSCAPE,,,,,,2015-11-03T13:15:02+00:00,2015-11-03T13:15:02+00:00,2015-11-03 13:15:02 +0000,,,,0390e7f94f735c72a52699dd040cfa1715f177577c2443b7fca820907827f5fb,DUP-00328,OLD,,,ROOT_FOLDER,UNCLASSIFIED,P3,NOT_REVIEWED,MEDIUM,NO,,,UNKNOWN,resolution_class=MEDIUM
AST-000755,/Users/fredrick/Documents/Vayva-Tech/vayva-polyrepo/123Design/Images & Videos,OLD/SHE-R024.jpg,OLD,,SHE-R024.jpg,SHE-R024,.jpg,,IMAGE,1673418,1.5959,2000,1500,4:3,LANDSCAPE,,,,,,2015-11-03T13:15:02+00:00,2015-11-03T13:15:02+00:00,2015-11-03 13:15:02 +0000,,,,0390e7f94f735c72a52699dd040cfa1715f177577c2443b7fca820907827f5fb,DUP-00328,OLD,,,ROOT_FOLDER,UNCLASSIFIED,P3,NOT_REVIEWED,MEDIUM,NO,,,UNKNOWN,resolution_class=MEDIUM
AST-000756,/Users/fredrick/Documents/Vayva-Tech/vayva-polyrepo/123Design/Images & Videos,OLD/SMD-025.jpg,OLD,,SMD-025.jpg,SMD-025,.jpg,,IMAGE,650899,0.6207,1200,900,4:3,LANDSCAPE,,,,,,2015-11-03T13:31:38+00:00,2015-11-03T13:31:38+00:00,2015-11-03 13:31:38 +0000,,,,d32caf1a721f12be9f6433a9efde45d8cbe01b945ee1a46427e4f5a916b9b271,,OLD,,,ROOT_FOLDER,UNCLASSIFIED,P3,NOT_REVIEWED,LOW,NO,,,UNKNOWN,resolution_class=LOW
AST-000757,/Users/fredrick/Documents/Vayva-Tech/vayva-polyrepo/123Design/Images & Videos,OLD/SMD-030.jpg,OLD,,SMD-030.jpg,SMD-030,.jpg,,IMAGE,880195,0.8394,2000,1500,4:3,LANDSCAPE,,,,,,2015-11-03T13:31:38+00:00,2015-11-03T13:31:38+00:00,2015-11-03 13:31:38 +0000,,,,42b8fdec0f8b668dc9f674a637b18cd8d516a9140a92e6a746f97353202fce46,,OLD,,,ROOT_FOLDER,UNCLASSIFIED,P3,NOT_REVIEWED,MEDIUM,NO,,,UNKNOWN,resolution_class=MEDIUM
AST-000758,/Users/fredrick/Documents/Vayva-Tech/vayva-polyrepo/123Design/Images & Videos,OLD/SMD-031.jpg,OLD,,SMD-031.jpg,SMD-031,.jpg,,IMAGE,815710,0.7779,2000,1500,4:3,LANDSCAPE,,,,,,2015-11-03T13:31:38+00:00,2015-11-03T13:31:38+00:00,2015-11-03 13:31:38 +0000,,,,cff89e3ffe4a569aa6cf79fb85ee4fbb57eec878fe0a2b2fd083afb7f00a9140,,OLD,,,ROOT_FOLDER,UNCLASSIFIED,P3,NOT_REVIEWED,MEDIUM,NO,,,UNKNOWN,resolution_class=MEDIUM
AST-000759,/Users/fredrick/Documents/Vayva-Tech/vayva-polyrepo/123Design/Images & Videos,OLD/SMD-034.jpg,OLD,,SMD-034.jpg,SMD-034,.jpg,,IMAGE,176024,0.1679,549,366,3:2,LANDSCAPE,,,,,,2015-11-03T13:31:38+00:00,2015-11-03T13:31:38+00:00,2015-11-03 13:31:38 +0000,,,,f23f2e5c896cc0d480f289d6b519a4038d107e3ca897456cc7eb2cb4daaa63e4,,OLD,,,ROOT_FOLDER,UNCLASSIFIED,P3,NOT_REVIEWED,VERY_LOW,NO,,,UNKNOWN,resolution_class=VERY_LOW
AST-000760,/Users/fredrick/Documents/Vayva-Tech/vayva-polyrepo/123Design/Images & Videos,OLD/SMD-043.jpg,OLD,,SMD-043.jpg,SMD-043,.jpg,,IMAGE,910840,0.8686,1004,1500,251:375,PORTRAIT,,,,,,2015-11-03T13:31:42+00:00,2015-11-03T13:31:42+00:00,2015-11-03 13:31:42 +0000,,,,7f5bc378850876353a4b1ac064db7e326a858efb11b8b9d935c5ca5a1b2a86dc,,OLD,,,ROOT_FOLDER,UNCLASSIFIED,P3,NOT_REVIEWED,LOW,NO,,,UNKNOWN,resolution_class=LOW
AST-000761,/Users/fredrick/Documents/Vayva-Tech/vayva-polyrepo/123Design/Images & Videos,OLD/SMD-046.jpg,OLD,,SMD-046.jpg,SMD-046,.jpg,,IMAGE,782318,0.7461,1300,867,1300:867,LANDSCAPE,,,,,,2015-11-03T13:31:42+00:00,2015-11-03T13:31:42+00:00,2011-01-10 09:56:21 +0000,,,,cfee40e362b2583274926162141dad7bb7e05950f662d15f6a3135cb736bfea5,,OLD,,,ROOT_FOLDER,UNCLASSIFIED,P3,NOT_REVIEWED,LOW,NO,,,UNKNOWN,resolution_class=LOW
AST-000762,/Users/fredrick/Documents/Vayva-Tech/vayva-polyrepo/123Design/Images & Videos,OLD/SMD-049.jpg,OLD,,SMD-049.jpg,SMD-049,.jpg,,IMAGE,991742,0.9458,1600,1062,800:531,LANDSCAPE,,,,,,2015-11-03T13:31:44+00:00,2015-11-03T13:31:44+00:00,2015-11-03 13:31:44 +0000,,,,5093d48f0e3e3e3c02c8aa189e040cb4047dad179c1852466db3454131d66f31,,OLD,,,ROOT_FOLDER,UNCLASSIFIED,P3,NOT_REVIEWED,LOW,NO,,,UNKNOWN,resolution_class=LOW
AST-000763,/Users/fredrick/Documents/Vayva-Tech/vayva-polyrepo/123Design/Images & Videos,OLD/SMD-051.jpg,OLD,,SMD-051.jpg,SMD-051,.jpg,,IMAGE,1046520,0.998,2000,1500,4:3,LANDSCAPE,,,,,,2015-11-03T13:31:44+00:00,2015-11-03T13:31:44+00:00,2015-11-03 13:31:44 +0000,,,,0f96361d17451497b89183570a3ecf4760157b5928c5d3dad0906d7a54894ee2,,OLD,,,ROOT_FOLDER,UNCLASSIFIED,P3,NOT_REVIEWED,MEDIUM,NO,,,UNKNOWN,resolution_class=MEDIUM
AST-000764,/Users/fredrick/Documents/Vayva-Tech/vayva-polyrepo/123Design/Images & Videos,OLD/SMD-059.jpg,OLD,,SMD-059.jpg,SMD-059,.jpg,,IMAGE,710601,0.6777,2000,1500,4:3,LANDSCAPE,,,,,,2015-11-03T13:31:44+00:00,2015-11-03T13:31:44+00:00,2015-11-03 13:31:44 +0000,,,,1f4ab8e790870843feebed322af59a62665c3c6f6e080e93a12f9a5bd98e00b6,,OLD,,,ROOT_FOLDER,UNCLASSIFIED,P3,NOT_REVIEWED,MEDIUM,NO,,,UNKNOWN,resolution_class=MEDIUM
AST-000765,/Users/fredrick/Documents/Vayva-Tech/vayva-polyrepo/123Design/Images & Videos,OLD/SMD-060.jpg,OLD,,SMD-060.jpg,SMD-060,.jpg,,IMAGE,725447,0.6918,2000,1500,4:3,LANDSCAPE,,,,,,2015-11-03T13:31:44+00:00,2015-11-03T13:31:44+00:00,2011-01-10 16:26:06 +0000,,,,5b7063ed1ce7cdd144d0b0a15ffd1996aa9acaeb7081406d87dd87e5ba358161,,OLD,,,ROOT_FOLDER,UNCLASSIFIED,P3,NOT_REVIEWED,MEDIUM,NO,,,UNKNOWN,resolution_class=MEDIUM
AST-000766,/Users/fredrick/Documents/Vayva-Tech/vayva-polyrepo/123Design/Images & Videos,OLD/SMD-062.jpg,OLD,,SMD-062.jpg,SMD-062,.jpg,,IMAGE,782090,0.7459,1448,1384,181:173,LANDSCAPE,,,,,,2015-11-03T13:31:44+00:00,2015-11-03T13:31:44+00:00,2011-01-10 17:00:17 +0000,,,,8e9b7d0383efd7ed11f070b872aec1d6a7f9915a11c51e29448f7b6ebf49ee08,,OLD,,,ROOT_FOLDER,UNCLASSIFIED,P3,NOT_REVIEWED,MEDIUM,NO,,,UNKNOWN,resolution_class=MEDIUM
AST-000767,/Users/fredrick/Documents/Vayva-Tech/vayva-polyrepo/123Design/Images & Videos,OLD/STH-R01.jpg,OLD,,STH-R01.jpg,STH-R01,.jpg,,IMAGE,1768481,1.6866,2000,2831,2000:2831,PORTRAIT,,,,,,2015-11-03T18:17:08+00:00,2015-11-03T18:17:08+00:00,2014-10-31 09:41:28 +0000,,,,c9e038ff540f540ae9bad394f9efd6f6d2a518be9bfaa1197db3b0a19398ea72,,OLD,,,ROOT_FOLDER,UNCLASSIFIED,P3,NOT_REVIEWED,MEDIUM,NO,,,UNKNOWN,resolution_class=MEDIUM
AST-000768,/Users/fredrick/Documents/Vayva-Tech/vayva-polyrepo/123Design/Images & Videos,OLD/StandingPoseGreenman2.jpg,OLD,,StandingPoseGreenman2.jpg,StandingPoseGreenman2,.jpg,,IMAGE,136770,0.1304,1401,1401,1:1,SQUARE,,,,,,2015-11-02T16:48:32+00:00,2015-11-02T16:48:32+00:00,2012-09-12 11:22:12 +0000,,,,64f2719b7a61fb4c1f838250ed4f9f4d9d4bc19c0256ec6a9c9b857d5bd00d42,,OLD,,,ROOT_FOLDER,UNCLASSIFIED,P3,NOT_REVIEWED,LOW,NO,,,UNKNOWN,resolution_class=LOW
AST-000769,/Users/fredrick/Documents/Vayva-Tech/vayva-polyrepo/123Design/Images & Videos,OLD/TRA-R107.jpg,OLD,,TRA-R107.jpg,TRA-R107,.jpg,,IMAGE,383025,0.3653,2000,1200,5:3,LANDSCAPE,,,,,,2015-11-03T21:14:12+00:00,2015-11-03T21:14:12+00:00,2015-11-03 21:14:12 +0000,,,,6a7f41772d8214d6b6a2505e4b691bd99ed280069d6d2458be2e10a6e85ba351,,OLD,,,ROOT_FOLDER,UNCLASSIFIED,P3,NOT_REVIEWED,MEDIUM,NO,,,UNKNOWN,resolution_class=MEDIUM
AST-000770,/Users/fredrick/Documents/Vayva-Tech/vayva-polyrepo/123Design/Images & Videos,OLD/TRA-R109.jpg,OLD,,TRA-R109.jpg,TRA-R109,.jpg,,IMAGE,924434,0.8816,2000,1332,500:333,LANDSCAPE,,,,,,2015-11-03T21:14:18+00:00,2015-11-03T21:14:18+00:00,2015-11-03 21:14:18 +0000,,,,c456254ac2d8c6262d7d2f7cd22007fae76a89e4ca7f38d189898c8571121f54,DUP-00329,OLD,,,ROOT_FOLDER,UNCLASSIFIED,P3,NOT_REVIEWED,MEDIUM,NO,,,UNKNOWN,resolution_class=MEDIUM
AST-000771,/Users/fredrick/Documents/Vayva-Tech/vayva-polyrepo/123Design/Images & Videos,OLD/TRA-R114.JPG,OLD,,TRA-R114.JPG,TRA-R114,.jpg,,IMAGE,381696,0.364,2000,1200,5:3,LANDSCAPE,,,,,,2015-11-03T21:14:18+00:00,2015-11-03T21:14:18+00:00,2015-11-03 21:14:18 +0000,,,,032b3e34d7be5534ab4769bd8075e592e22c70a011ca8e151714764489c5d84c,DUP-00330,OLD,,,ROOT_FOLDER,UNCLASSIFIED,P3,NOT_REVIEWED,MEDIUM,NO,,,UNKNOWN,resolution_class=MEDIUM
AST-000772,/Users/fredrick/Documents/Vayva-Tech/vayva-polyrepo/123Design/Images & Videos,OLD/TRA-R115.JPG,OLD,,TRA-R115.JPG,TRA-R115,.jpg,,IMAGE,326680,0.3115,2000,1200,5:3,LANDSCAPE,,,,,,2015-11-03T21:14:18+00:00,2015-11-03T21:14:18+00:00,2015-11-03 21:14:18 +0000,,,,28905231cfb5882a4bb5a20d773b58486142faee04e55c4d2244c20db522666e,,OLD,,,ROOT_FOLDER,UNCLASSIFIED,P3,NOT_REVIEWED,MEDIUM,NO,,,UNKNOWN,resolution_class=MEDIUM
AST-000773,/Users/fredrick/Documents/Vayva-Tech/vayva-polyrepo/123Design/Images & Videos,OLD/TRA-R121.jpg,OLD,,TRA-R121.jpg,TRA-R121,.jpg,,IMAGE,437404,0.4171,2000,1200,5:3,LANDSCAPE,,,,,,2015-11-03T21:14:18+00:00,2015-11-03T21:14:18+00:00,2015-11-03 21:14:18 +0000,,,,2f31b3e3731a38066e1ae8e509ec4c4b7aacc22ba628212a415cb15aec2dfa7a,DUP-00331,OLD,,,ROOT_FOLDER,UNCLASSIFIED,P3,NOT_REVIEWED,MEDIUM,NO,,,UNKNOWN,resolution_class=MEDIUM
AST-000774,/Users/fredrick/Documents/Vayva-Tech/vayva-polyrepo/123Design/Images & Videos,OLD/TRA-R124.jpg,OLD,,TRA-R124.jpg,TRA-R124,.jpg,,IMAGE,309228,0.2949,2000,1200,5:3,LANDSCAPE,,,,,,2015-11-03T21:14:20+00:00,2015-11-03T21:14:20+00:00,2015-11-03 21:14:20 +0000,,,,9c5c2780000afd84becde8d696899da3e718bac2ca04b15a8d0bd20b44db2c2f,,OLD,,,ROOT_FOLDER,UNCLASSIFIED,P3,NOT_REVIEWED,MEDIUM,NO,,,UNKNOWN,resolution_class=MEDIUM
AST-000775,/Users/fredrick/Documents/Vayva-Tech/vayva-polyrepo/123Design/Images & Videos,OLD/TRB-R086.jpg,OLD,,TRB-R086.jpg,TRB-R086,.jpg,,IMAGE,716151,0.683,2000,1428,500:357,LANDSCAPE,,,,,,2015-11-03T22:26:10+00:00,2015-11-03T22:26:10+00:00,2015-11-03 22:26:10 +0000,,,,7b3d08e78509cf6e54f22839130c9397fcf3bcf888424343307e60067462fcd3,DUP-00332,OLD,,,ROOT_FOLDER,UNCLASSIFIED,P3,NOT_REVIEWED,MEDIUM,NO,,,UNKNOWN,resolution_class=MEDIUM
AST-000776,/Users/fredrick/Documents/Vayva-Tech/vayva-polyrepo/123Design/Images & Videos,OLD/TRB-R092.JPG,OLD,,TRB-R092.JPG,TRB-R092,.jpg,,IMAGE,164137,0.1565,2000,1500,4:3,LANDSCAPE,,,,,,2015-11-03T22:26:10+00:00,2015-11-03T22:26:10+00:00,2013-04-26 09:49:31 +0000,,,,3555bb9b94e5bab40a76f1269d0202610a974e751cff376c7e483aac688e87a3,,OLD,,,ROOT_FOLDER,UNCLASSIFIED,P3,NOT_REVIEWED,MEDIUM,NO,,,UNKNOWN,resolution_class=MEDIUM
AST-000777,/Users/fredrick/Documents/Vayva-Tech/vayva-polyrepo/123Design/Images & Videos,OLD/TRB-R094.JPG,OLD,,TRB-R094.JPG,TRB-R094,.jpg,,IMAGE,161430,0.154,2000,1500,4:3,LANDSCAPE,,,,,,2015-11-03T22:26:10+00:00,2015-11-03T22:26:10+00:00,2013-04-26 09:48:51 +0000,,,,0b730be6c07e69609ba5ebea54cb0d87cb7f6432c59cf5ba4ca5794fa054a899,DUP-00333,OLD,,,ROOT_FOLDER,UNCLASSIFIED,P3,NOT_REVIEWED,MEDIUM,NO,,,UNKNOWN,resolution_class=MEDIUM
AST-000778,/Users/fredrick/Documents/Vayva-Tech/vayva-polyrepo/123Design/Images & Videos,OLD/TRB-R095.JPG,OLD,,TRB-R095.JPG,TRB-R095,.jpg,,IMAGE,145466,0.1387,2000,1500,4:3,LANDSCAPE,,,,,,2015-11-03T22:26:10+00:00,2015-11-03T22:26:10+00:00,2013-04-29 09:32:05 +0000,,,,73b67a4a458bf0622c4ffab6ed634995b4b8fab655190388c01ef0fdea2f9a2a,,OLD,,,ROOT_FOLDER,UNCLASSIFIED,P3,NOT_REVIEWED,MEDIUM,NO,,,UNKNOWN,resolution_class=MEDIUM
AST-000779,/Users/fredrick/Documents/Vayva-Tech/vayva-polyrepo/123Design/Images & Videos,OLD/TRC-R049.jpg,OLD,,TRC-R049.jpg,TRC-R049,.jpg,,IMAGE,660293,0.6297,2000,1288,250:161,LANDSCAPE,,,,,,2015-11-03T22:40:46+00:00,2015-11-03T22:40:46+00:00,2015-11-03 22:40:46 +0000,,,,813db2792708f5dbf82936e5fa310ddbad5a2a9064c50fbdfa74fafe13fdd465,,OLD,,,ROOT_FOLDER,UNCLASSIFIED,P3,NOT_REVIEWED,MEDIUM,NO,,,UNKNOWN,resolution_class=MEDIUM
AST-000780,/Users/fredrick/Documents/Vayva-Tech/vayva-polyrepo/123Design/Images & Videos,OLD/TRC-R052.jpg,OLD,,TRC-R052.jpg,TRC-R052,.jpg,,IMAGE,1978274,1.8866,2000,2000,1:1,SQUARE,,,,,,2015-11-03T22:40:48+00:00,2015-11-03T22:40:48+00:00,2015-11-03 22:40:48 +0000,,,,75b86631ab308cfc80742f59051e34cc698a83e57bec28179f560124e6590d31,DUP-00334,OLD,,,ROOT_FOLDER,UNCLASSIFIED,P3,NOT_REVIEWED,MEDIUM,NO,,,UNKNOWN,resolution_class=MEDIUM
AST-000781,/Users/fredrick/Documents/Vayva-Tech/vayva-polyrepo/123Design/Images & Videos,OLD/TRC-R053.jpg,OLD,,TRC-R053.jpg,TRC-R053,.jpg,,IMAGE,2817252,2.6867,3000,2226,500:371,LANDSCAPE,,,,,,2015-11-03T22:40:50+00:00,2015-11-03T22:40:50+00:00,2015-11-03 22:40:50 +0000,,,,5625adb4230b93e34273d5b97e0d86f3dcdb39520cf86d0fa711c8d0c959695a,,OLD,,,ROOT_FOLDER,UNCLASSIFIED,P3,NOT_REVIEWED,HIGH,NO,,,UNKNOWN,resolution_class=HIGH
AST-000782,/Users/fredrick/Documents/Vayva-Tech/vayva-polyrepo/123Design/Images & Videos,OLD/TRD-R066-2.jpg,OLD,,TRD-R066-2.jpg,TRD-R066-2,.jpg,,IMAGE,141967,0.1354,1500,1125,4:3,LANDSCAPE,,,,,,2015-11-03T22:43:04+00:00,2015-11-03T22:43:04+00:00,2013-01-08 10:14:16 +0000,,,,b4d10216e8dc844d83e2a35fbc4ebb76029162f140b3e3473bc41ec5616645dd,DUP-00335,OLD,,,ROOT_FOLDER,UNCLASSIFIED,P3,NOT_REVIEWED,LOW,NO,,,UNKNOWN,resolution_class=LOW
AST-000783,/Users/fredrick/Documents/Vayva-Tech/vayva-polyrepo/123Design/Images & Videos,OLD/TRD-R067-2 - Copy.jpg,OLD,,TRD-R067-2 - Copy.jpg,TRD-R067-2 - Copy,.jpg,,IMAGE,150920,0.1439,1600,1067,1600:1067,LANDSCAPE,,,,,,2015-11-03T22:43:06+00:00,2015-11-03T22:43:06+00:00,2013-01-08 10:48:52 +0000,,,,7832cebd8e87f41759a95eaafd35ccf53c4f9d6c8f302138c203d06edabe6a11,DUP-00336,OLD,,,ROOT_FOLDER,UNCLASSIFIED,P3,NOT_REVIEWED,LOW,NO,,,UNKNOWN,resolution_class=LOW
AST-000784,/Users/fredrick/Documents/Vayva-Tech/vayva-polyrepo/123Design/Images & Videos,OLD/TRD-R067-2.jpg,OLD,,TRD-R067-2.jpg,TRD-R067-2,.jpg,,IMAGE,150920,0.1439,1600,1067,1600:1067,LANDSCAPE,,,,,,2015-11-03T22:43:06+00:00,2015-11-03T22:43:06+00:00,2013-01-08 10:48:52 +0000,,,,7832cebd8e87f41759a95eaafd35ccf53c4f9d6c8f302138c203d06edabe6a11,DUP-00336,OLD,,,ROOT_FOLDER,UNCLASSIFIED,P3,NOT_REVIEWED,LOW,NO,,,UNKNOWN,resolution_class=LOW
AST-000785,/Users/fredrick/Documents/Vayva-Tech/vayva-polyrepo/123Design/Images & Videos,OLD/TRD-R068-2 - Copy.jpg,OLD,,TRD-R068-2 - Copy.jpg,TRD-R068-2 - Copy,.jpg,,IMAGE,157937,0.1506,2000,1336,250:167,LANDSCAPE,,,,,,2015-11-03T22:43:08+00:00,2015-11-03T22:43:08+00:00,2013-01-08 10:54:28 +0000,,,,4c6275defe600ec032793d9e41bba0ad04d8a92256fff0ad1178ea282ebdfcc3,DUP-00355,OLD,,,ROOT_FOLDER,UNCLASSIFIED,P3,NOT_REVIEWED,MEDIUM,NO,,,UNKNOWN,resolution_class=MEDIUM
AST-000786,/Users/fredrick/Documents/Vayva-Tech/vayva-polyrepo/123Design/Images & Videos,OLD/TRD-R068-2.jpg,OLD,,TRD-R068-2.jpg,TRD-R068-2,.jpg,,IMAGE,157937,0.1506,2000,1336,250:167,LANDSCAPE,,,,,,2015-11-03T22:43:08+00:00,2015-11-03T22:43:08+00:00,2013-01-08 10:54:28 +0000,,,,4c6275defe600ec032793d9e41bba0ad04d8a92256fff0ad1178ea282ebdfcc3,DUP-00355,OLD,,,ROOT_FOLDER,UNCLASSIFIED,P3,NOT_REVIEWED,MEDIUM,NO,,,UNKNOWN,resolution_class=MEDIUM
AST-000787,/Users/fredrick/Documents/Vayva-Tech/vayva-polyrepo/123Design/Images & Videos,OLD/TRY-R026.jpg,OLD,,TRY-R026.jpg,TRY-R026,.jpg,,IMAGE,292061,0.2785,2000,1484,500:371,LANDSCAPE,,,,,,2015-11-03T22:57:10+00:00,2015-11-03T22:57:10+00:00,2012-10-11 08:47:49 +0000,,,,2fc7dc7dfd284ee6ff587fc3615018ae68fdd35e587fc240c74e835e7071c84c,DUP-00337,OLD,,,ROOT_FOLDER,UNCLASSIFIED,P3,NOT_REVIEWED,MEDIUM,NO,,,UNKNOWN,resolution_class=MEDIUM
AST-000788,/Users/fredrick/Documents/Vayva-Tech/vayva-polyrepo/123Design/Images & Videos,OLD/TRY-R032.jpg,OLD,,TRY-R032.jpg,TRY-R032,.jpg,,IMAGE,227398,0.2169,2000,1332,500:333,LANDSCAPE,,,,,,2015-11-03T22:57:14+00:00,2015-11-03T22:57:14+00:00,2012-10-11 13:33:48 +0000,,,,8df2d13c46096751991e0714bb51003982a46c9dbbd429964e8dc12a0eb4a6b3,DUP-00338,OLD,,,ROOT_FOLDER,UNCLASSIFIED,P3,NOT_REVIEWED,MEDIUM,NO,,,UNKNOWN,resolution_class=MEDIUM
AST-000789,/Users/fredrick/Documents/Vayva-Tech/vayva-polyrepo/123Design/Images & Videos,OLD/TRY-R033.JPG,OLD,,TRY-R033.JPG,TRY-R033,.jpg,,IMAGE,1268186,1.2094,2000,1200,5:3,LANDSCAPE,,,,,,2015-11-03T22:57:18+00:00,2015-11-03T22:57:18+00:00,2015-11-03 22:57:18 +0000,,,,1205b4262e54de36f2351ab095c2fed0cdbb8f25afa6a5eeab2da4c084d42967,DUP-00339,OLD,,,ROOT_FOLDER,UNCLASSIFIED,P3,NOT_REVIEWED,MEDIUM,NO,,,UNKNOWN,resolution_class=MEDIUM
AST-000790,/Users/fredrick/Documents/Vayva-Tech/vayva-polyrepo/123Design/Images & Videos,OLD/TRY-R038.jpg,OLD,,TRY-R038.jpg,TRY-R038,.jpg,,IMAGE,276701,0.2639,2000,1460,100:73,LANDSCAPE,,,,,,2015-11-03T22:57:18+00:00,2015-11-03T22:57:18+00:00,2012-11-14 15:14:20 +0000,,,,461b6ad8c7d032c48a33d8a280685286366deab06ef424d09cba9ea21e9bf1be,DUP-00340,OLD,,,ROOT_FOLDER,UNCLASSIFIED,P3,NOT_REVIEWED,MEDIUM,NO,,,UNKNOWN,resolution_class=MEDIUM
AST-000791,/Users/fredrick/Documents/Vayva-Tech/vayva-polyrepo/123Design/Images & Videos,OLD/TRY-R042-2.jpg,OLD,,TRY-R042-2.jpg,TRY-R042-2,.jpg,,IMAGE,90824,0.0866,1200,672,25:14,LANDSCAPE,,,,,,2015-11-03T22:57:22+00:00,2015-11-03T22:57:22+00:00,2012-11-14 16:53:33 +0000,,,,47aab45bf38f822b89279ce6f5d06942d164f58ee81fb93c6180e85816da8108,,OLD,,,ROOT_FOLDER,UNCLASSIFIED,P3,NOT_REVIEWED,LOW,NO,,,UNKNOWN,resolution_class=LOW
AST-000792,/Users/fredrick/Documents/Vayva-Tech/vayva-polyrepo/123Design/Images & Videos,OLD/VEN-r10-logo.jpg,OLD,,VEN-r10-logo.jpg,VEN-r10-logo,.jpg,,IMAGE,483931,0.4615,798,1576,399:788,PORTRAIT,,,,,,2015-11-04T00:23:58+00:00,2015-11-04T00:23:58+00:00,2010-05-21 15:45:43 +0000,,,,c75605369b19c5eaf5763cb8c38505549d41497aaece153ffd9da9136eddbf7d,,OLD,,,ROOT_FOLDER,UNCLASSIFIED,P3,NOT_REVIEWED,LOW,NO,,,UNKNOWN,resolution_class=LOW
AST-000793,/Users/fredrick/Documents/Vayva-Tech/vayva-polyrepo/123Design/Images & Videos,OLD/VEN-rendering.jpg,OLD,,VEN-rendering.jpg,VEN-rendering,.jpg,,IMAGE,1572153,1.4993,2000,1330,200:133,LANDSCAPE,,,,,,2015-11-04T00:24:00+00:00,2015-11-04T00:24:00+00:00,2010-05-18 10:07:05 +0000,,,,2ad044513632196a7ce0149f15a934f9819ef54d4a3802506bbeffa4aa801597,DUP-00341,OLD,,,ROOT_FOLDER,UNCLASSIFIED,P3,NOT_REVIEWED,MEDIUM,NO,,,UNKNOWN,resolution_class=MEDIUM
AST-000794,/Users/fredrick/Documents/Vayva-Tech/vayva-polyrepo/123Design/Images & Videos,OLD/VEN-rendering2.jpg,OLD,,VEN-rendering2.jpg,VEN-rendering2,.jpg,,IMAGE,2374296,2.2643,2500,1875,4:3,LANDSCAPE,,,,,,2015-11-04T00:24:00+00:00,2015-11-04T00:24:00+00:00,2015-11-04 00:24:00 +0000,,,,b6c31f20a618ffd4197477343550c96a1acf3d68ccd6135a33b758602379d0c4,DUP-00342,OLD,,,ROOT_FOLDER,UNCLASSIFIED,P3,NOT_REVIEWED,MEDIUM,NO,,,UNKNOWN,resolution_class=MEDIUM
AST-000795,/Users/fredrick/Documents/Vayva-Tech/vayva-polyrepo/123Design/Images & Videos,OLD/VEN-rendering9.jpg,OLD,,VEN-rendering9.jpg,VEN-rendering9,.jpg,,IMAGE,483458,0.4611,1200,1600,3:4,PORTRAIT,,,,,,2015-11-04T00:24:00+00:00,2015-11-04T00:24:00+00:00,2015-11-04 00:24:00 +0000,,,,2a5ab6301540c23506eb791ad13f90f7f5bc29ca719f38552f6291d0e78add78,DUP-00343,OLD,,,ROOT_FOLDER,UNCLASSIFIED,P3,NOT_REVIEWED,LOW,NO,,,UNKNOWN,resolution_class=LOW
AST-000796,/Users/fredrick/Documents/Vayva-Tech/vayva-polyrepo/123Design/Images & Videos,OLD/_AER_27.jpg,OLD,,_AER_27.jpg,_AER_27,.jpg,,IMAGE,246536,0.2351,1896,1836,158:153,LANDSCAPE,,,,,,2015-11-02T12:31:00+00:00,2015-11-02T12:31:00+00:00,2011-02-07 15:55:03 +0000,,,,e53c8adec47c43cb45ef1993e681a0749cdd9ded7853e02189a15678fa858ddd,,OLD,,,ROOT_FOLDER,UNCLASSIFIED,P3,NOT_REVIEWED,MEDIUM,NO,,,UNKNOWN,resolution_class=MEDIUM
AST-000797,/Users/fredrick/Documents/Vayva-Tech/vayva-polyrepo/123Design/Images & Videos,OLD/avivs.jpg,OLD,,avivs.jpg,avivs,.jpg,,IMAGE,266888,0.2545,917,917,1:1,SQUARE,,,,,,2019-08-16T19:03:05+00:00,2019-08-16T19:03:05+00:00,2019-08-16 19:03:05 +0000,,,,2778d65398b058b36202c1644acac52cf15ddd0250ae467dc29805679ff6e492,,OLD,,,ROOT_FOLDER,UNCLASSIFIED,P3,NOT_REVIEWED,LOW,NO,,,UNKNOWN,resolution_class=LOW
AST-000798,/Users/fredrick/Documents/Vayva-Tech/vayva-polyrepo/123Design/Images & Videos,OLD/b.jpg,OLD,,b.jpg,b,.jpg,,IMAGE,2353546,2.2445,3000,1800,5:3,LANDSCAPE,,,,,,2015-11-04T01:36:32+00:00,2015-11-04T01:36:32+00:00,2015-11-04 01:36:32 +0000,,,,ceacb3d2dd410dc5f6d179c780c3e30a0d250f0f38f43efececd618454dba5b9,,OLD,,,ROOT_FOLDER,UNCLASSIFIED,P3,NOT_REVIEWED,MEDIUM,NO,,,UNKNOWN,resolution_class=MEDIUM
AST-000799,/Users/fredrick/Documents/Vayva-Tech/vayva-polyrepo/123Design/Images & Videos,OLD/bot-002a.jpg,OLD,,bot-002a.jpg,bot-002a,.jpg,,IMAGE,718916,0.6856,1600,1036,400:259,LANDSCAPE,,,,,,2015-11-04T00:23:26+00:00,2015-11-04T00:23:26+00:00,2015-11-04 00:23:26 +0000,,,,ec1218f48023f31af876823b0304338925db33b717fa92b905f9466b1b19d8a4,DUP-00344,OLD,,,ROOT_FOLDER,UNCLASSIFIED,P3,NOT_REVIEWED,LOW,NO,,,UNKNOWN,resolution_class=LOW
AST-000800,/Users/fredrick/Documents/Vayva-Tech/vayva-polyrepo/123Design/Images & Videos,OLD/bot-004.jpg,OLD,,bot-004.jpg,bot-004,.jpg,,IMAGE,396784,0.3784,1200,1600,3:4,PORTRAIT,,,,,,2015-11-04T00:23:26+00:00,2015-11-04T00:23:26+00:00,2015-11-04 00:23:26 +0000,,,,5894ea54427f36aa0fe8c6d54e2b8a3725a816e0f32b33cf00ead818f92b093d,DUP-00345,OLD,,,ROOT_FOLDER,UNCLASSIFIED,P3,NOT_REVIEWED,LOW,NO,,,UNKNOWN,resolution_class=LOW
AST-000801,/Users/fredrick/Documents/Vayva-Tech/vayva-polyrepo/123Design/Images & Videos,OLD/bot-008.jpg,OLD,,bot-008.jpg,bot-008,.jpg,,IMAGE,529727,0.5052,1200,1600,3:4,PORTRAIT,,,,,,2015-11-04T00:23:26+00:00,2015-11-04T00:23:26+00:00,2015-11-04 00:23:26 +0000,,,,6af9bbae1573caf8bdc0e3e736af83e387fcd825ac1c37ebcdca1a9cc58d8058,,OLD,,,ROOT_FOLDER,UNCLASSIFIED,P3,NOT_REVIEWED,LOW,NO,,,UNKNOWN,resolution_class=LOW
AST-000802,/Users/fredrick/Documents/Vayva-Tech/vayva-polyrepo/123Design/Images & Videos,OLD/bot-010.jpg,OLD,,bot-010.jpg,bot-010,.jpg,,IMAGE,559021,0.5331,1200,1600,3:4,PORTRAIT,,,,,,2015-11-04T00:23:26+00:00,2015-11-04T00:23:26+00:00,2015-11-04 00:23:26 +0000,,,,59166b355cf125a6da2a46e02658a39edf26a6eb4f2ca9b0b07be15d64b1ede6,,OLD,,,ROOT_FOLDER,UNCLASSIFIED,P3,NOT_REVIEWED,LOW,NO,,,UNKNOWN,resolution_class=LOW
AST-000803,/Users/fredrick/Documents/Vayva-Tech/vayva-polyrepo/123Design/Images & Videos,OLD/carseat.jpg,OLD,,carseat.jpg,carseat,.jpg,,IMAGE,2191098,2.0896,5100,3300,17:11,LANDSCAPE,,,,,,2015-11-02T20:14:32+00:00,2015-11-02T20:14:32+00:00,2013-07-18 15:04:23 +0000,,,,4faf3ed47faed1850d43b82d2a398e28a9b39d18bd86ea74c61109dc8ee43225,DUP-00346,OLD,,,ROOT_FOLDER,UNCLASSIFIED,P3,NOT_REVIEWED,VERY_HIGH,NO,,,UNKNOWN,resolution_class=VERY_HIGH
AST-000804,/Users/fredrick/Documents/Vayva-Tech/vayva-polyrepo/123Design/Images & Videos,OLD/cup-001.jpg,OLD,,cup-001.jpg,cup-001,.jpg,,IMAGE,246999,0.2356,1200,900,4:3,LANDSCAPE,,,,,,2015-11-02T20:49:36+00:00,2015-11-02T20:49:36+00:00,2010-09-30 14:10:59 +0000,,,,663cdefca21a62b295cd9694521d01d080a79c8ea47c58d4eca8f7f9ddacecc5,,OLD,,,ROOT_FOLDER,UNCLASSIFIED,P3,NOT_REVIEWED,LOW,NO,,,UNKNOWN,resolution_class=LOW
AST-000805,/Users/fredrick/Documents/Vayva-Tech/vayva-polyrepo/123Design/Images & Videos,OLD/cup-006.jpg,OLD,,cup-006.jpg,cup-006,.jpg,,IMAGE,214456,0.2045,909,700,909:700,LANDSCAPE,,,,,,2015-11-02T20:49:36+00:00,2015-11-02T20:49:36+00:00,2010-09-30 15:20:41 +0000,,,,ba381facc1c7dda558e2b6fcc35c05a13027fab561237e8b592304a5aa009c2e,,OLD,,,ROOT_FOLDER,UNCLASSIFIED,P3,NOT_REVIEWED,LOW,NO,,,UNKNOWN,resolution_class=LOW
AST-000806,/Users/fredrick/Documents/Vayva-Tech/vayva-polyrepo/123Design/Images & Videos,OLD/cup-008.jpg,OLD,,cup-008.jpg,cup-008,.jpg,,IMAGE,106947,0.102,640,480,4:3,LANDSCAPE,,,,,,2015-11-02T20:49:36+00:00,2015-11-02T20:49:36+00:00,2015-11-02 20:49:36 +0000,,,,536275ce94d84a0417acff601cd28c186d0fcfda4c5fff3bd4b181af255a65bb,,OLD,,,ROOT_FOLDER,UNCLASSIFIED,P3,NOT_REVIEWED,VERY_LOW,NO,,,UNKNOWN,resolution_class=VERY_LOW
AST-000807,/Users/fredrick/Documents/Vayva-Tech/vayva-polyrepo/123Design/Images & Videos,OLD/cup-011.jpg,OLD,,cup-011.jpg,cup-011,.jpg,,IMAGE,52649,0.0502,223,303,223:303,PORTRAIT,,,,,,2015-11-02T20:49:36+00:00,2015-11-02T20:49:36+00:00,2010-10-01 08:57:39 +0000,,,,ec859cd2c5b0f81f6554f327d0d618c954870686d3e9cdf0ab414ed17a9d43d5,,OLD,,,ROOT_FOLDER,UNCLASSIFIED,P3,NOT_REVIEWED,VERY_LOW,NO,,,UNKNOWN,resolution_class=VERY_LOW
AST-000808,/Users/fredrick/Documents/Vayva-Tech/vayva-polyrepo/123Design/Images & Videos,OLD/desktop.jpg,OLD,,desktop.jpg,desktop,.jpg,,IMAGE,1808325,1.7246,5100,3300,17:11,LANDSCAPE,,,,,,2015-11-02T20:14:32+00:00,2015-11-02T20:14:32+00:00,2013-07-18 15:02:48 +0000,,,,79071f3a7fa72b0752c2c9486af259e2b44cc80cc8828799245089a9dad7cf39,,OLD,,,ROOT_FOLDER,UNCLASSIFIED,P3,NOT_REVIEWED,VERY_HIGH,NO,,,UNKNOWN,resolution_class=VERY_HIGH
AST-000809,/Users/fredrick/Documents/Vayva-Tech/vayva-polyrepo/123Design/Images & Videos,OLD/gun-p018.jpg,OLD,,gun-p018.jpg,gun-p018,.jpg,,IMAGE,608885,0.5807,1600,1132,400:283,LANDSCAPE,,,,,,2015-11-03T03:39:24+00:00,2015-11-03T03:39:24+00:00,2012-01-20 11:40:21 +0000,,,,38c3e6546e72c20f77d47d6fae5f96ef30428724fc1b5c3f219014733f9e9330,DUP-00347,OLD,,,ROOT_FOLDER,UNCLASSIFIED,P3,NOT_REVIEWED,LOW,NO,,,UNKNOWN,resolution_class=LOW
AST-000810,/Users/fredrick/Documents/Vayva-Tech/vayva-polyrepo/123Design/Images & Videos,OLD/gun-p020.jpg,OLD,,gun-p020.jpg,gun-p020,.jpg,,IMAGE,624120,0.5952,1200,977,1200:977,LANDSCAPE,,,,,,2015-11-03T03:39:28+00:00,2015-11-03T03:39:28+00:00,2012-01-20 15:05:46 +0000,,,,2f305ad847420ec853a0aa8497ac22c26b505c1921c6480a1a83e330a9148146,,OLD,,,ROOT_FOLDER,UNCLASSIFIED,P3,NOT_REVIEWED,LOW,NO,,,UNKNOWN,resolution_class=LOW
AST-000811,/Users/fredrick/Documents/Vayva-Tech/vayva-polyrepo/123Design/Images & Videos,OLD/gun-p021.jpg,OLD,,gun-p021.jpg,gun-p021,.jpg,,IMAGE,465971,0.4444,800,1200,2:3,PORTRAIT,,,,,,2015-11-03T03:39:28+00:00,2015-11-03T03:39:28+00:00,2012-01-20 15:54:56 +0000,,,,626d3e90c3ba03cd875f95c2178191f80b126deab2b6187917692d41b6287382,DUP-00348,OLD,,,ROOT_FOLDER,UNCLASSIFIED,P3,NOT_REVIEWED,LOW,NO,,,UNKNOWN,resolution_class=LOW
AST-000812,/Users/fredrick/Documents/Vayva-Tech/vayva-polyrepo/123Design/Images & Videos,OLD/gun-p023.jpg,OLD,,gun-p023.jpg,gun-p023,.jpg,,IMAGE,507939,0.4844,1183,900,1183:900,LANDSCAPE,,,,,,2015-11-03T03:39:28+00:00,2015-11-03T03:39:28+00:00,2012-01-20 16:51:34 +0000,,,,d1ba180d98ac3deecf0fdb5eb78aaca26725be4997e7f1233c387d961d4aaf52,DUP-00349,OLD,,,ROOT_FOLDER,UNCLASSIFIED,P3,NOT_REVIEWED,LOW,NO,,,UNKNOWN,resolution_class=LOW
AST-000813,/Users/fredrick/Documents/Vayva-Tech/vayva-polyrepo/123Design/Images & Videos,OLD/gun-p047.jpg,OLD,,gun-p047.jpg,gun-p047,.jpg,,IMAGE,709860,0.677,963,1200,321:400,PORTRAIT,,,,,,2015-11-03T03:39:30+00:00,2015-11-03T03:39:30+00:00,2012-01-25 14:36:55 +0000,,,,3d6dbb726df315c99983bc1363056dc9dd6b49b5eca193344ae50c41a56ecb37,DUP-00350,OLD,,,ROOT_FOLDER,UNCLASSIFIED,P3,NOT_REVIEWED,LOW,NO,,,UNKNOWN,resolution_class=LOW
AST-000814,/Users/fredrick/Documents/Vayva-Tech/vayva-polyrepo/123Design/Images & Videos,OLD/helmet-research1.jpg,OLD,,helmet-research1.jpg,helmet-research1,.jpg,,IMAGE,1089467,1.039,4134,2923,4134:2923,LANDSCAPE,,,,,,2015-11-03T16:23:52+00:00,2015-11-03T16:23:52+00:00,2011-03-16 10:43:21 +0000,,,,c199c8f2a345ca92dbdd8c53a25bf16c2c750b883611f3c54ed8a0d187b82821,,OLD,,,ROOT_FOLDER,UNCLASSIFIED,P3,NOT_REVIEWED,VERY_HIGH,NO,,,UNKNOWN,resolution_class=VERY_HIGH
AST-000815,/Users/fredrick/Documents/Vayva-Tech/vayva-polyrepo/123Design/Images & Videos,OLD/helmet-research2.jpg,OLD,,helmet-research2.jpg,helmet-research2,.jpg,,IMAGE,1141325,1.0885,4134,2923,4134:2923,LANDSCAPE,,,,,,2015-11-03T16:23:52+00:00,2015-11-03T16:23:52+00:00,2011-03-16 10:43:37 +0000,,,,7e67ce1abda5edac3ecd88ae6aa488ef0816302bbee7270932447d79548ecbfc,,OLD,,,ROOT_FOLDER,UNCLASSIFIED,P3,NOT_REVIEWED,VERY_HIGH,NO,,,UNKNOWN,resolution_class=VERY_HIGH
AST-000816,/Users/fredrick/Documents/Vayva-Tech/vayva-polyrepo/123Design/Images & Videos,OLD/helmet-research3.jpg,OLD,,helmet-research3.jpg,helmet-research3,.jpg,,IMAGE,994020,0.948,4134,2923,4134:2923,LANDSCAPE,,,,,,2015-11-03T16:23:52+00:00,2015-11-03T16:23:52+00:00,2011-03-16 10:44:44 +0000,,,,edb8433d845e4d2ba9350f0368738edc0c8253404a6d5227ed230743ddee5cf7,,OLD,,,ROOT_FOLDER,UNCLASSIFIED,P3,NOT_REVIEWED,VERY_HIGH,NO,,,UNKNOWN,resolution_class=VERY_HIGH
AST-000817,/Users/fredrick/Documents/Vayva-Tech/vayva-polyrepo/123Design/Images & Videos,OLD/helmet-research4.jpg,OLD,,helmet-research4.jpg,helmet-research4,.jpg,,IMAGE,719981,0.6866,4134,2923,4134:2923,LANDSCAPE,,,,,,2015-11-03T16:23:52+00:00,2015-11-03T16:23:52+00:00,2011-03-16 10:45:22 +0000,,,,542186339d0918ee11bb8b2ef6ab33e57076803a89b79929d7117c3b7939228e,,OLD,,,ROOT_FOLDER,UNCLASSIFIED,P3,NOT_REVIEWED,VERY_HIGH,NO,,,UNKNOWN,resolution_class=VERY_HIGH
AST-000818,/Users/fredrick/Documents/Vayva-Tech/vayva-polyrepo/123Design/Images & Videos,OLD/images.jpg,OLD,,images.jpg,images,.jpg,,IMAGE,6263,0.006,358,141,358:141,LANDSCAPE,,,,,,2019-08-16T18:03:56+00:00,2019-08-16T18:03:56+00:00,2019-08-16 18:03:56 +0000,,,,055a8edeaa5c8039ee06c6e73154228b4900ec14da990961c94484d92bb2810e,DUP-00270,OLD,,,ROOT_FOLDER,UNCLASSIFIED,P3,NOT_REVIEWED,VERY_LOW,NO,,,UNKNOWN,resolution_class=VERY_LOW
AST-000819,/Users/fredrick/Documents/Vayva-Tech/vayva-polyrepo/123Design/Images & Videos,OLD/ipm-008_LR.jpg,OLD,,ipm-008_LR.jpg,ipm-008_LR,.jpg,,IMAGE,1572515,1.4997,2000,1547,2000:1547,LANDSCAPE,,,,,,2015-11-03T04:28:06+00:00,2015-11-03T04:28:06+00:00,2015-11-03 04:28:06 +0000,,,,5fac91cf05291af479a58ce813b65a17a6f2c71defdc31a92cddbab93b14bc4f,DUP-00351,OLD,,,ROOT_FOLDER,UNCLASSIFIED,P3,NOT_REVIEWED,MEDIUM,NO,,,UNKNOWN,resolution_class=MEDIUM
AST-000820,/Users/fredrick/Documents/Vayva-Tech/vayva-polyrepo/123Design/Images & Videos,OLD/ipm-011_LR.jpg,OLD,,ipm-011_LR.jpg,ipm-011_LR,.jpg,,IMAGE,633182,0.6038,1280,853,1280:853,LANDSCAPE,,,,,,2015-11-03T04:28:08+00:00,2015-11-03T04:28:08+00:00,2010-11-21 16:28:47 +0000,,,,6da8e91a644b29fefeec66807f9c74ab9d7bafd60cddd62f286a2a381642d17a,DUP-00352,OLD,,,ROOT_FOLDER,UNCLASSIFIED,P3,NOT_REVIEWED,LOW,NO,,,UNKNOWN,resolution_class=LOW
AST-000821,/Users/fredrick/Documents/Vayva-Tech/vayva-polyrepo/123Design/Images & Videos,OLD/mouse print.jpg,OLD,,mouse print.jpg,mouse print,.jpg,,IMAGE,1848529,1.7629,5100,3300,17:11,LANDSCAPE,,,,,,2015-11-02T20:14:36+00:00,2015-11-02T20:14:36+00:00,2013-07-18 14:59:17 +0000,,,,d34ac9d2ab5f05e63eabeaeb4c50138ba08e83dccf1ca5efe6d85f5ec7118399,,OLD,,,ROOT_FOLDER,UNCLASSIFIED,P3,NOT_REVIEWED,VERY_HIGH,NO,,,UNKNOWN,resolution_class=VERY_HIGH
AST-000822,/Users/fredrick/Documents/Vayva-Tech/vayva-polyrepo/123Design/Images & Videos,OLD/option1_pers4.jpg,OLD,,option1_pers4.jpg,option1_pers4,.jpg,,IMAGE,285725,0.2725,1024,768,4:3,LANDSCAPE,,,,,,2015-11-03T01:55:10+00:00,2015-11-03T01:55:10+00:00,2015-11-03 01:55:10 +0000,,,,fcf323eaa9977f9bff1fde9e055f274788d621df0e5b027e7cdf662f1b497ff6,,OLD,,,ROOT_FOLDER,UNCLASSIFIED,P3,NOT_REVIEWED,LOW,NO,,,UNKNOWN,resolution_class=LOW
AST-000823,/Users/fredrick/Documents/Vayva-Tech/vayva-polyrepo/123Design/Images & Videos,OLD/option3_detail.jpg,OLD,,option3_detail.jpg,option3_detail,.jpg,,IMAGE,395154,0.3768,1024,768,4:3,LANDSCAPE,,,,,,2015-11-03T01:55:10+00:00,2015-11-03T01:55:10+00:00,2015-11-03 01:55:10 +0000,,,,5c6b438124570440dd73046f77d21cac04e8cc84b2f0b50fc37172c1b4d5f453,,OLD,,,ROOT_FOLDER,UNCLASSIFIED,P3,NOT_REVIEWED,LOW,NO,,,UNKNOWN,resolution_class=LOW
AST-000824,/Users/fredrick/Documents/Vayva-Tech/vayva-polyrepo/123Design/Images & Videos,OLD/option3_detail2.jpg,OLD,,option3_detail2.jpg,option3_detail2,.jpg,,IMAGE,421186,0.4017,1000,750,4:3,LANDSCAPE,,,,,,2015-11-03T01:55:10+00:00,2015-11-03T01:55:10+00:00,2015-11-03 01:55:10 +0000,,,,29900795d2dd716ebbdf5918eaa996fcb31e7d30756269f7b6c8d368b4ec20c7,,OLD,,,ROOT_FOLDER,UNCLASSIFIED,P3,NOT_REVIEWED,LOW,NO,,,UNKNOWN,resolution_class=LOW
AST-000825,/Users/fredrick/Documents/Vayva-Tech/vayva-polyrepo/123Design/Images & Videos,OLD/option3_detail3.jpg,OLD,,option3_detail3.jpg,option3_detail3,.jpg,,IMAGE,433538,0.4135,1000,750,4:3,LANDSCAPE,,,,,,2015-11-03T01:55:10+00:00,2015-11-03T01:55:10+00:00,2015-11-03 01:55:10 +0000,,,,f06f7a6d8ec59270303c6285e22d61fd0f0986ecd5e39f4e967c13345c103a56,,OLD,,,ROOT_FOLDER,UNCLASSIFIED,P3,NOT_REVIEWED,LOW,NO,,,UNKNOWN,resolution_class=LOW
AST-000826,/Users/fredrick/Documents/Vayva-Tech/vayva-polyrepo/123Design/Images & Videos,OLD/pic 2.jpg,OLD,,pic 2.jpg,pic 2,.jpg,,IMAGE,296625,0.2829,800,800,1:1,SQUARE,,,,,,2015-11-03T01:55:12+00:00,2015-11-03T01:55:12+00:00,2015-11-03 01:55:12 +0000,,,,5042baa4573e0916edc0a46969581e6a777d8f53d3627efc81d39c99fec27d65,,OLD,,,ROOT_FOLDER,UNCLASSIFIED,P3,NOT_REVIEWED,LOW,NO,,,UNKNOWN,resolution_class=LOW
AST-000827,/Users/fredrick/Documents/Vayva-Tech/vayva-polyrepo/123Design/Images & Videos,OLD/pic 3.jpg,OLD,,pic 3.jpg,pic 3,.jpg,,IMAGE,297480,0.2837,800,800,1:1,SQUARE,,,,,,2015-11-03T01:55:12+00:00,2015-11-03T01:55:12+00:00,2015-11-03 01:55:12 +0000,,,,a51d3c59aac24694341ce33279c69b47429d3cfbffd264318d1a9865947c9d66,,OLD,,,ROOT_FOLDER,UNCLASSIFIED,P3,NOT_REVIEWED,LOW,NO,,,UNKNOWN,resolution_class=LOW
AST-000828,/Users/fredrick/Documents/Vayva-Tech/vayva-polyrepo/123Design/Images & Videos,OLD/rrsport2030_by_bembli-d6auc9i.jpg,OLD,,rrsport2030_by_bembli-d6auc9i.jpg,rrsport2030_by_bembli-d6auc9i,.jpg,,IMAGE,82555,0.0787,900,477,100:53,LANDSCAPE,,,,,,2015-11-02T20:14:38+00:00,2015-11-02T20:14:38+00:00,2015-11-02 20:14:38 +0000,,,,f4c11023e60b45a018e9cb42cacd40d714df45e4045a7673aad8db6f4776ec59,,OLD,,,ROOT_FOLDER,UNCLASSIFIED,P3,NOT_REVIEWED,VERY_LOW,NO,,,UNKNOWN,resolution_class=VERY_LOW
AST-000829,/Users/fredrick/Documents/Vayva-Tech/vayva-polyrepo/123Design/Images & Videos,OLD/spaceship_by_bembli-d66cfdv.jpg,OLD,,spaceship_by_bembli-d66cfdv.jpg,spaceship_by_bembli-d66cfdv,.jpg,,IMAGE,98362,0.0938,1280,603,1280:603,LANDSCAPE,,,,,,2015-11-02T20:14:38+00:00,2015-11-02T20:14:38+00:00,2015-11-02 20:14:38 +0000,,,,ac5de79abee4e54fec4c753f4f4722037c006dfac9c1bbb97b5ee7edf097eef8,,OLD,,,ROOT_FOLDER,UNCLASSIFIED,P3,NOT_REVIEWED,LOW,NO,,,UNKNOWN,resolution_class=LOW
AST-000830,/Users/fredrick/Documents/Vayva-Tech/vayva-polyrepo/123Design/Images & Videos,OLD/unnamed.jpg,OLD,,unnamed.jpg,unnamed,.jpg,,IMAGE,793451,0.7567,2100,1500,7:5,LANDSCAPE,,,,,,2018-01-22T07:54:32+00:00,2018-01-22T07:54:32+00:00,2015-08-07 15:26:04 +0000,NIKON CORPORATION,NIKON D7100,,7b765293ce8b78a1d7e3e4f80870bdea7f14ea50934c141148e75371ceff092a,DUP-00353,OLD,,,ROOT_FOLDER,UNCLASSIFIED,P3,NOT_REVIEWED,MEDIUM,NO,,,UNKNOWN,resolution_class=MEDIUM
AST-000831,/Users/fredrick/Documents/Vayva-Tech/vayva-polyrepo/123Design/Images & Videos,OLD/xxx12.jpg,OLD,,xxx12.jpg,xxx12,.jpg,,IMAGE,4354019,4.1523,5100,3300,17:11,LANDSCAPE,,,,,,2015-11-02T21:50:02+00:00,2015-11-02T21:50:02+00:00,2015-02-25 08:58:46 +0000,,,,6388194a0bab39e5f2f5f06840c0844b05a3faad38eb8e7cbe376bba9d53b373,,OLD,,,ROOT_FOLDER,UNCLASSIFIED,P3,NOT_REVIEWED,VERY_HIGH,NO,,,UNKNOWN,resolution_class=VERY_HIGH
AST-000832,/Users/fredrick/Documents/Vayva-Tech/vayva-polyrepo/123Design/Images & Videos,OUTDOORS/All-in-One Grill/All_in_One_Grill-2.jpg,All-in-One Grill,OUTDOORS,All_in_One_Grill-2.jpg,All_in_One_Grill-2,.jpg,,IMAGE,10357,0.0099,400,240,5:3,LANDSCAPE,,,,,,2015-11-04T01:42:43+00:00,2015-11-04T01:42:43+00:00,2015-11-04 01:42:43 +0000,,,,c75f77d890b3f79c77a35897981c1c563023be7b2de6f282a5ae45fb28f6e8b0,,OUTDOORS,All-in-One Grill,All-in-One Grill,FOLDER_NAME,UNCLASSIFIED,P1,NOT_REVIEWED,VERY_LOW,NO,,,UNKNOWN,resolution_class=VERY_LOW
AST-000833,/Users/fredrick/Documents/Vayva-Tech/vayva-polyrepo/123Design/Images & Videos,OUTDOORS/All-in-One Grill/Outdoor Products_main_img.jpg,All-in-One Grill,OUTDOORS,Outdoor Products_main_img.jpg,Outdoor Products_main_img,.jpg,,IMAGE,116019,0.1106,660,369,220:123,LANDSCAPE,,,,,,2015-11-04T01:42:43+00:00,2015-11-04T01:42:43+00:00,2010-06-24 15:00:26 +0000,,,,cf190e35c3d200e01ba0e2d51a058da4b5d32f80571531b0c90af65bddb9e25d,DUP-00068,OUTDOORS,All-in-One Grill,All-in-One Grill,FOLDER_NAME,UNCLASSIFIED,P1,NOT_REVIEWED,VERY_LOW,NO,,,UNKNOWN,resolution_class=VERY_LOW
AST-000834,/Users/fredrick/Documents/Vayva-Tech/vayva-polyrepo/123Design/Images & Videos,OUTDOORS/Diving Goggle (with Camera)/goggles1.jpg,Diving Goggle (with Camera),OUTDOORS,goggles1.jpg,goggles1,.jpg,,IMAGE,25695,0.0245,660,428,165:107,LANDSCAPE,,,,,,2015-11-04T01:42:43+00:00,2015-11-04T01:42:43+00:00,2015-11-04 01:42:43 +0000,,,,a66779d765ac20e3bb99ace89adda6819417d20eae386457f57ce47109eb16c6,DUP-00161,OUTDOORS,Diving Goggle (with Camera),Diving Goggle (with Camera),FOLDER_NAME,UNCLASSIFIED,P1,NOT_REVIEWED,VERY_LOW,NO,,,UNKNOWN,resolution_class=VERY_LOW
AST-000835,/Users/fredrick/Documents/Vayva-Tech/vayva-polyrepo/123Design/Images & Videos,OUTDOORS/Diving Goggle (with Camera)/goggles2.jpg,Diving Goggle (with Camera),OUTDOORS,goggles2.jpg,goggles2,.jpg,,IMAGE,23573,0.0225,660,439,660:439,LANDSCAPE,,,,,,2015-11-04T01:42:43+00:00,2015-11-04T01:42:43+00:00,2015-11-04 01:42:43 +0000,,,,06e95472a7e8e07ac173033c65834adbe3b6fb3b25445162b1c5be28a70e4031,DUP-00162,OUTDOORS,Diving Goggle (with Camera),Diving Goggle (with Camera),FOLDER_NAME,UNCLASSIFIED,P1,NOT_REVIEWED,VERY_LOW,NO,,,UNKNOWN,resolution_class=VERY_LOW
AST-000836,/Users/fredrick/Documents/Vayva-Tech/vayva-polyrepo/123Design/Images & Videos,OUTDOORS/Diving Goggle (with Camera)/goggles3.jpg,Diving Goggle (with Camera),OUTDOORS,goggles3.jpg,goggles3,.jpg,,IMAGE,83169,0.0793,660,495,4:3,LANDSCAPE,,,,,,2015-11-04T01:42:43+00:00,2015-11-04T01:42:43+00:00,2015-11-04 01:42:43 +0000,,,,38532d8e2f662a889c35aa5ccdfe2f0b47aeb0cb478fdea23889b6c15dfddf4d,DUP-00163,OUTDOORS,Diving Goggle (with Camera),Diving Goggle (with Camera),FOLDER_NAME,UNCLASSIFIED,P1,NOT_REVIEWED,VERY_LOW,NO,,,UNKNOWN,resolution_class=VERY_LOW
AST-000837,/Users/fredrick/Documents/Vayva-Tech/vayva-polyrepo/123Design/Images & Videos,OUTDOORS/LED Street Light/windsor30.jpg,LED Street Light,OUTDOORS,windsor30.jpg,windsor30,.jpg,,IMAGE,69295,0.0661,660,401,660:401,LANDSCAPE,,,,,,2015-11-04T01:42:43+00:00,2015-11-04T01:42:43+00:00,2015-11-04 01:42:43 +0000,,,,9fb79a622cafef5b18631474ba820bb65d178e36fab0a1e2a1975489ac86f523,DUP-00264,OUTDOORS,LED Street Light,LED Street Light,FOLDER_NAME,UNCLASSIFIED,P1,NOT_REVIEWED,VERY_LOW,NO,,,UNKNOWN,resolution_class=VERY_LOW
AST-000838,/Users/fredrick/Documents/Vayva-Tech/vayva-polyrepo/123Design/Images & Videos,OUTDOORS/LED Street Light/windsor30_1.jpg,LED Street Light,OUTDOORS,windsor30_1.jpg,windsor30_1,.jpg,,IMAGE,22209,0.0212,660,401,660:401,LANDSCAPE,,,,,,2015-11-04T01:42:43+00:00,2015-11-04T01:42:43+00:00,2015-11-04 01:42:43 +0000,,,,6c38306a523999b2d60b01da002b1227bdeebbd39004205cd6dfb8b66eafffda,DUP-00265,OUTDOORS,LED Street Light,LED Street Light,FOLDER_NAME,UNCLASSIFIED,P1,NOT_REVIEWED,VERY_LOW,NO,,,UNKNOWN,resolution_class=VERY_LOW
AST-000839,/Users/fredrick/Documents/Vayva-Tech/vayva-polyrepo/123Design/Images & Videos,OUTDOORS/Mosquito Deleto/Mosquito_Deleto.jpg,Mosquito Deleto,OUTDOORS,Mosquito_Deleto.jpg,Mosquito_Deleto,.jpg,,IMAGE,25354,0.0242,660,310,66:31,LANDSCAPE,,,,,,2015-11-04T01:42:43+00:00,2015-11-04T01:42:43+00:00,2015-11-04 01:42:43 +0000,,,,3422025b700df2a96f3bae554612b6f7b5410d2e5c35919044d9d67f9ee8ef6e,DUP-00064,OUTDOORS,Mosquito Deleto,Mosquito Deleto,FOLDER_NAME,UNCLASSIFIED,P1,NOT_REVIEWED,VERY_LOW,NO,,,UNKNOWN,resolution_class=VERY_LOW
AST-000840,/Users/fredrick/Documents/Vayva-Tech/vayva-polyrepo/123Design/Images & Videos,OUTDOORS/Mosquito Deleto/Mosquito_Deleto_2.jpg,Mosquito Deleto,OUTDOORS,Mosquito_Deleto_2.jpg,Mosquito_Deleto_2,.jpg,,IMAGE,42880,0.0409,400,284,100:71,LANDSCAPE,,,,,,2015-11-04T01:42:43+00:00,2015-11-04T01:42:43+00:00,2010-07-08 17:12:59 +0000,,,,3d19c7a8ca28e54f688c1588219a8afdc139493e8485cc2a9b028f4b5a4708ee,DUP-00065,OUTDOORS,Mosquito Deleto,Mosquito Deleto,FOLDER_NAME,UNCLASSIFIED,P1,NOT_REVIEWED,VERY_LOW,NO,,,UNKNOWN,resolution_class=VERY_LOW
AST-000841,/Users/fredrick/Documents/Vayva-Tech/vayva-polyrepo/123Design/Images & Videos,OUTDOORS/Waterproof Case/waterproof_case-1.jpg,Waterproof Case,OUTDOORS,waterproof_case-1.jpg,waterproof_case-1,.jpg,,IMAGE,33765,0.0322,660,341,60:31,LANDSCAPE,,,,,,2015-11-04T01:42:43+00:00,2015-11-04T01:42:43+00:00,2015-11-04 01:42:43 +0000,,,,584f92f9091fcb5f4db6ba404d0a7a288681c4c74327c45728990b20137b24e9,DUP-00263,OUTDOORS,Waterproof Case,Waterproof Case,FOLDER_NAME,UNCLASSIFIED,P1,NOT_REVIEWED,VERY_LOW,NO,,,UNKNOWN,resolution_class=VERY_LOW
AST-000842,/Users/fredrick/Documents/Vayva-Tech/vayva-polyrepo/123Design/Images & Videos,OUTDOORS/Waterproof Case/waterproof_case-2.jpg,Waterproof Case,OUTDOORS,waterproof_case-2.jpg,waterproof_case-2,.jpg,,IMAGE,66706,0.0636,400,284,100:71,LANDSCAPE,,,,,,2015-11-04T01:42:43+00:00,2015-11-04T01:42:43+00:00,2015-11-04 01:42:43 +0000,,,,098d07ff1f156d77e5512e370de57e4581bb967e718ffd1d0b02ce70a9816499,,OUTDOORS,Waterproof Case,Waterproof Case,FOLDER_NAME,UNCLASSIFIED,P1,NOT_REVIEWED,VERY_LOW,NO,,,UNKNOWN,resolution_class=VERY_LOW
AST-000843,/Users/fredrick/Documents/Vayva-Tech/vayva-polyrepo/123Design/Images & Videos,PROTOTYPING/ABS + RTV Tooling/ipm_prototype1.jpg,ABS + RTV Tooling,PROTOTYPING,ipm_prototype1.jpg,ipm_prototype1,.jpg,,IMAGE,63233,0.0603,660,439,660:439,LANDSCAPE,,,,,,2015-11-04T01:42:43+00:00,2015-11-04T01:42:43+00:00,2015-11-04 01:42:43 +0000,,,,9c15538374c1ffc6460223972f9eabcf80f97985f9d539af7485ae8adc75a134,DUP-00180,PROTOTYPING,ABS + RTV Tooling,ABS + RTV Tooling,FOLDER_NAME,UNCLASSIFIED,P1,NOT_REVIEWED,VERY_LOW,NO,,,UNKNOWN,resolution_class=VERY_LOW
AST-000844,/Users/fredrick/Documents/Vayva-Tech/vayva-polyrepo/123Design/Images & Videos,PROTOTYPING/ABS + RTV Tooling/ipm_prototype2.jpg,ABS + RTV Tooling,PROTOTYPING,ipm_prototype2.jpg,ipm_prototype2,.jpg,,IMAGE,57995,0.0553,660,439,660:439,LANDSCAPE,,,,,,2015-11-04T01:42:43+00:00,2015-11-04T01:42:43+00:00,2015-11-04 01:42:43 +0000,,,,9fff11bc76099f39cae7c69f63189be7eaa18a8757cf115267ed718a530cc2a7,DUP-00181,PROTOTYPING,ABS + RTV Tooling,ABS + RTV Tooling,FOLDER_NAME,UNCLASSIFIED,P1,NOT_REVIEWED,VERY_LOW,NO,,,UNKNOWN,resolution_class=VERY_LOW
AST-000845,/Users/fredrick/Documents/Vayva-Tech/vayva-polyrepo/123Design/Images & Videos,PROTOTYPING/ABS + RTV Tooling/ipm_prototype3.jpg,ABS + RTV Tooling,PROTOTYPING,ipm_prototype3.jpg,ipm_prototype3,.jpg,,IMAGE,85196,0.0812,660,439,660:439,LANDSCAPE,,,,,,2015-11-04T01:42:43+00:00,2015-11-04T01:42:43+00:00,2015-11-04 01:42:43 +0000,,,,6908bb10b3a341e7a4c74c567e890e10bf472542eed8f837ef0e5f9f08facdc0,DUP-00182,PROTOTYPING,ABS + RTV Tooling,ABS + RTV Tooling,FOLDER_NAME,UNCLASSIFIED,P1,NOT_REVIEWED,VERY_LOW,NO,,,UNKNOWN,resolution_class=VERY_LOW
AST-000846,/Users/fredrick/Documents/Vayva-Tech/vayva-polyrepo/123Design/Images & Videos,PROTOTYPING/Acrylic FormingBending/prototype_guitar_support.jpg,Acrylic FormingBending,PROTOTYPING,prototype_guitar_support.jpg,prototype_guitar_support,.jpg,,IMAGE,29374,0.028,660,439,660:439,LANDSCAPE,,,,,,2015-11-04T01:42:43+00:00,2015-11-04T01:42:43+00:00,2015-11-04 01:42:43 +0000,,,,1bfb598aaad1b91adf452c75817380552a18739ae6ac2e8eac1dd1e884c99269,DUP-00222,PROTOTYPING,Acrylic FormingBending,Acrylic FormingBending,FOLDER_NAME,UNCLASSIFIED,P1,NOT_REVIEWED,VERY_LOW,NO,,,UNKNOWN,resolution_class=VERY_LOW
AST-000847,/Users/fredrick/Documents/Vayva-Tech/vayva-polyrepo/123Design/Images & Videos,PROTOTYPING/Acrylic FormingBending/prototype_guitar_support2.jpg,Acrylic FormingBending,PROTOTYPING,prototype_guitar_support2.jpg,prototype_guitar_support2,.jpg,,IMAGE,33552,0.032,660,476,165:119,LANDSCAPE,,,,,,2015-11-04T01:42:43+00:00,2015-11-04T01:42:43+00:00,2015-11-04 01:42:43 +0000,,,,c292bb7d3a576828bae74f632ff95b73ce1cd92f72fad8f62c19d719cab8d9d4,DUP-00223,PROTOTYPING,Acrylic FormingBending,Acrylic FormingBending,FOLDER_NAME,UNCLASSIFIED,P1,NOT_REVIEWED,VERY_LOW,NO,,,UNKNOWN,resolution_class=VERY_LOW
AST-000848,/Users/fredrick/Documents/Vayva-Tech/vayva-polyrepo/123Design/Images & Videos,PROTOTYPING/Carbon Fiber Molding/prototype_carbon_fiber.jpg,Carbon Fiber Molding,PROTOTYPING,prototype_carbon_fiber.jpg,prototype_carbon_fiber,.jpg,,IMAGE,38041,0.0363,660,403,660:403,LANDSCAPE,,,,,,2015-11-04T01:42:43+00:00,2015-11-04T01:42:43+00:00,2015-11-04 01:42:43 +0000,,,,468e715e1b83f7c2c0d2ceab3825789ad424e843bd274721fec88cde73611b88,DUP-00218,PROTOTYPING,Carbon Fiber Molding,Carbon Fiber Molding,FOLDER_NAME,UNCLASSIFIED,P1,NOT_REVIEWED,VERY_LOW,NO,,,UNKNOWN,resolution_class=VERY_LOW
AST-000849,/Users/fredrick/Documents/Vayva-Tech/vayva-polyrepo/123Design/Images & Videos,PROTOTYPING/Carbon Fiber Molding/prototype_carbon_fiber2.jpg,Carbon Fiber Molding,PROTOTYPING,prototype_carbon_fiber2.jpg,prototype_carbon_fiber2,.jpg,,IMAGE,51351,0.049,660,439,660:439,LANDSCAPE,,,,,,2015-11-04T01:42:43+00:00,2015-11-04T01:42:43+00:00,2015-11-04 01:42:43 +0000,,,,5a780e0225662f45b668a3e9e88d4ae85ed914fc14b5f613dee1af773ae34166,DUP-00219,PROTOTYPING,Carbon Fiber Molding,Carbon Fiber Molding,FOLDER_NAME,UNCLASSIFIED,P1,NOT_REVIEWED,VERY_LOW,NO,,,UNKNOWN,resolution_class=VERY_LOW
AST-000850,/Users/fredrick/Documents/Vayva-Tech/vayva-polyrepo/123Design/Images & Videos,PROTOTYPING/FDM Printing/prototype_fdm.jpg,FDM Printing,PROTOTYPING,prototype_fdm.jpg,prototype_fdm,.jpg,,IMAGE,27204,0.0259,660,456,55:38,LANDSCAPE,,,,,,2015-11-04T01:42:43+00:00,2015-11-04T01:42:43+00:00,2015-11-04 01:42:43 +0000,,,,95cc8bd61063f059d33cd8459d724aafa82f39322d66521ada09ba95fa36a6d8,DUP-00221,PROTOTYPING,FDM Printing,FDM Printing,FOLDER_NAME,UNCLASSIFIED,P1,NOT_REVIEWED,VERY_LOW,NO,,,UNKNOWN,resolution_class=VERY_LOW
AST-000851,/Users/fredrick/Documents/Vayva-Tech/vayva-polyrepo/123Design/Images & Videos,PROTOTYPING/Multi Level Prototyping/therapy_bike.jpg,Multi Level Prototyping,PROTOTYPING,therapy_bike.jpg,therapy_bike,.jpg,,IMAGE,76699,0.0731,660,439,660:439,LANDSCAPE,,,,,,2015-11-04T01:42:43+00:00,2015-11-04T01:42:43+00:00,2015-11-04 01:42:43 +0000,,,,d206e3eb036a74d6b3ff4ba7624eb985bdc19034658280bff302c2d930c61f52,DUP-00254,PROTOTYPING,Multi Level Prototyping,Multi Level Prototyping,FOLDER_NAME,UNCLASSIFIED,P1,NOT_REVIEWED,VERY_LOW,NO,,,UNKNOWN,resolution_class=VERY_LOW
AST-000852,/Users/fredrick/Documents/Vayva-Tech/vayva-polyrepo/123Design/Images & Videos,PROTOTYPING/Multi Level Prototyping/therapy_bike2.jpg,Multi Level Prototyping,PROTOTYPING,therapy_bike2.jpg,therapy_bike2,.jpg,,IMAGE,68869,0.0657,660,439,660:439,LANDSCAPE,,,,,,2015-11-04T01:42:43+00:00,2015-11-04T01:42:43+00:00,2015-11-04 01:42:43 +0000,,,,eda058e906a6676a6d1901cb327c53a2b72727d1b92fbd01bc240361a968030c,DUP-00255,PROTOTYPING,Multi Level Prototyping,Multi Level Prototyping,FOLDER_NAME,UNCLASSIFIED,P1,NOT_REVIEWED,VERY_LOW,NO,,,UNKNOWN,resolution_class=VERY_LOW
AST-000853,/Users/fredrick/Documents/Vayva-Tech/vayva-polyrepo/123Design/Images & Videos,"PROTOTYPING/Rubber Coating, Silkscreening/prototype_camera_hd.jpg","Rubber Coating, Silkscreening",PROTOTYPING,prototype_camera_hd.jpg,prototype_camera_hd,.jpg,,IMAGE,35919,0.0343,660,507,220:169,LANDSCAPE,,,,,,2015-11-04T01:42:43+00:00,2015-11-04T01:42:43+00:00,2015-11-04 01:42:43 +0000,,,,5ed521a78177fef320cc81d4897bceae4a660ede67563716937de4db7317ff18,DUP-00217,PROTOTYPING,"Rubber Coating, Silkscreening","Rubber Coating, Silkscreening",FOLDER_NAME,UNCLASSIFIED,P1,NOT_REVIEWED,VERY_LOW,NO,,,UNKNOWN,resolution_class=VERY_LOW
AST-000854,/Users/fredrick/Documents/Vayva-Tech/vayva-polyrepo/123Design/Images & Videos,"PROTOTYPING/Rubber Coating, Silkscreening/prototype_remote1.jpg","Rubber Coating, Silkscreening",PROTOTYPING,prototype_remote1.jpg,prototype_remote1,.jpg,,IMAGE,26893,0.0256,660,439,660:439,LANDSCAPE,,,,,,2015-11-04T01:42:43+00:00,2015-11-04T01:42:43+00:00,2015-11-04 01:42:43 +0000,,,,201f56ec6897dc4f1c305cc328b69f58ebfa48e552a2ce5fc8d22b6c0f2a8e24,DUP-00224,PROTOTYPING,"Rubber Coating, Silkscreening","Rubber Coating, Silkscreening",FOLDER_NAME,UNCLASSIFIED,P1,NOT_REVIEWED,VERY_LOW,NO,,,UNKNOWN,resolution_class=VERY_LOW
AST-000855,/Users/fredrick/Documents/Vayva-Tech/vayva-polyrepo/123Design/Images & Videos,"PROTOTYPING/Rubber Coating, Silkscreening/prototype_remote2.jpg","Rubber Coating, Silkscreening",PROTOTYPING,prototype_remote2.jpg,prototype_remote2,.jpg,,IMAGE,32725,0.0312,660,439,660:439,LANDSCAPE,,,,,,2015-11-04T01:42:43+00:00,2015-11-04T01:42:43+00:00,2015-11-04 01:42:43 +0000,,,,d0f79379f6ebb35a2a4cc4a6f3b26ea4220b5afd5d4ee5ec3eed9a6f7d757ce7,DUP-00225,PROTOTYPING,"Rubber Coating, Silkscreening","Rubber Coating, Silkscreening",FOLDER_NAME,UNCLASSIFIED,P1,NOT_REVIEWED,VERY_LOW,NO,,,UNKNOWN,resolution_class=VERY_LOW
AST-000856,/Users/fredrick/Documents/Vayva-Tech/vayva-polyrepo/123Design/Images & Videos,"PROTOTYPING/Rubber Coating, Silkscreening/prototype_remote3.jpg","Rubber Coating, Silkscreening",PROTOTYPING,prototype_remote3.jpg,prototype_remote3,.jpg,,IMAGE,21136,0.0202,660,439,660:439,LANDSCAPE,,,,,,2015-11-04T01:42:43+00:00,2015-11-04T01:42:43+00:00,2015-11-04 01:42:43 +0000,,,,4a118629f1af84383a317b2a7239974ad562c1fb0ce9411595a81cdf2e209fda,DUP-00226,PROTOTYPING,"Rubber Coating, Silkscreening","Rubber Coating, Silkscreening",FOLDER_NAME,UNCLASSIFIED,P1,NOT_REVIEWED,VERY_LOW,NO,,,UNKNOWN,resolution_class=VERY_LOW
AST-000857,/Users/fredrick/Documents/Vayva-Tech/vayva-polyrepo/123Design/Images & Videos,PROTOTYPING/SLA  SLS/prototype_clip_fdm.jpg,SLA  SLS,PROTOTYPING,prototype_clip_fdm.jpg,prototype_clip_fdm,.jpg,,IMAGE,27403,0.0261,660,463,660:463,LANDSCAPE,,,,,,2015-11-04T01:42:43+00:00,2015-11-04T01:42:43+00:00,2015-11-04 01:42:43 +0000,,,,dbd0d5ae6c8904fd217ad406453229bdc8dc27f9a1ca4d2b645686456d70c17e,DUP-00220,PROTOTYPING,SLA  SLS,SLA  SLS,FOLDER_NAME,UNCLASSIFIED,P1,NOT_REVIEWED,VERY_LOW,NO,,,UNKNOWN,resolution_class=VERY_LOW
AST-000858,/Users/fredrick/Documents/Vayva-Tech/vayva-polyrepo/123Design/Images & Videos,PROTOTYPING/Sheet Metal + RTV Tooling/PAP1.jpg,Sheet Metal + RTV Tooling,PROTOTYPING,PAP1.jpg,PAP1,.jpg,,IMAGE,29940,0.0286,660,439,660:439,LANDSCAPE,,,,,,2015-11-04T01:42:43+00:00,2015-11-04T01:42:43+00:00,2015-11-04 01:42:43 +0000,,,,ec9c81726aafdeb7c7c4ca777c162af1dcff46bd754c4b378d447da1bd64376c,DUP-00069,PROTOTYPING,Sheet Metal + RTV Tooling,Sheet Metal + RTV Tooling,FOLDER_NAME,UNCLASSIFIED,P1,NOT_REVIEWED,VERY_LOW,NO,,,UNKNOWN,resolution_class=VERY_LOW
AST-000859,/Users/fredrick/Documents/Vayva-Tech/vayva-polyrepo/123Design/Images & Videos,PROTOTYPING/Sheet Metal + RTV Tooling/pap2.jpg,Sheet Metal + RTV Tooling,PROTOTYPING,pap2.jpg,pap2,.jpg,,IMAGE,40440,0.0386,660,439,660:439,LANDSCAPE,,,,,,2015-11-04T01:42:43+00:00,2015-11-04T01:42:43+00:00,2015-11-04 01:42:43 +0000,,,,22098f560ca0733d1370b169b95872c1170b084141496feead820eb2c548b02d,DUP-00205,PROTOTYPING,Sheet Metal + RTV Tooling,Sheet Metal + RTV Tooling,FOLDER_NAME,UNCLASSIFIED,P1,NOT_REVIEWED,VERY_LOW,NO,,,UNKNOWN,resolution_class=VERY_LOW
AST-000860,/Users/fredrick/Documents/Vayva-Tech/vayva-polyrepo/123Design/Images & Videos,PROTOTYPING/Sheet Metal + RTV Tooling/pap3.jpg,Sheet Metal + RTV Tooling,PROTOTYPING,pap3.jpg,pap3,.jpg,,IMAGE,43788,0.0418,660,439,660:439,LANDSCAPE,,,,,,2015-11-04T01:42:43+00:00,2015-11-04T01:42:43+00:00,2015-11-04 01:42:43 +0000,,,,3d70143163c3569bdbb43fd172a9ecc1a8bf2be7a45fd7e146f6c881441c77dd,DUP-00206,PROTOTYPING,Sheet Metal + RTV Tooling,Sheet Metal + RTV Tooling,FOLDER_NAME,UNCLASSIFIED,P1,NOT_REVIEWED,VERY_LOW,NO,,,UNKNOWN,resolution_class=VERY_LOW
AST-000861,/Users/fredrick/Documents/Vayva-Tech/vayva-polyrepo/123Design/Images & Videos,PROTOTYPING/Sheet Metal + RTV Tooling/pap4.jpg,Sheet Metal + RTV Tooling,PROTOTYPING,pap4.jpg,pap4,.jpg,,IMAGE,32796,0.0313,660,439,660:439,LANDSCAPE,,,,,,2015-11-04T01:42:43+00:00,2015-11-04T01:42:43+00:00,2015-11-04 01:42:43 +0000,,,,c5afa1e5caef7423d2a476777d1696984a08dd978be7007f3cc5f863e275f2a4,DUP-00207,PROTOTYPING,Sheet Metal + RTV Tooling,Sheet Metal + RTV Tooling,FOLDER_NAME,UNCLASSIFIED,P1,NOT_REVIEWED,VERY_LOW,NO,,,UNKNOWN,resolution_class=VERY_LOW
AST-000862,/Users/fredrick/Documents/Vayva-Tech/vayva-polyrepo/123Design/Images & Videos,PROTOTYPING/Sheet Metal + RTV Tooling/pap5.jpg,Sheet Metal + RTV Tooling,PROTOTYPING,pap5.jpg,pap5,.jpg,,IMAGE,33994,0.0324,660,439,660:439,LANDSCAPE,,,,,,2015-11-04T01:42:43+00:00,2015-11-04T01:42:43+00:00,2015-11-04 01:42:43 +0000,,,,c0ca61f09208a331f5347288378fcb042b7377e1e11d5d74e9fb07f717849fb9,DUP-00208,PROTOTYPING,Sheet Metal + RTV Tooling,Sheet Metal + RTV Tooling,FOLDER_NAME,UNCLASSIFIED,P1,NOT_REVIEWED,VERY_LOW,NO,,,UNKNOWN,resolution_class=VERY_LOW
AST-000863,/Users/fredrick/Documents/Vayva-Tech/vayva-polyrepo/123Design/Images & Videos,PROTOTYPING/Sheet Metal + RTV Tooling/pap6.jpg,Sheet Metal + RTV Tooling,PROTOTYPING,pap6.jpg,pap6,.jpg,,IMAGE,37006,0.0353,660,439,660:439,LANDSCAPE,,,,,,2015-11-04T01:42:43+00:00,2015-11-04T01:42:43+00:00,2015-11-04 01:42:43 +0000,,,,e1cd50257d640cf8559e05ca48897c1a5965642bb80e4770581752a3c9fbc688,DUP-00209,PROTOTYPING,Sheet Metal + RTV Tooling,Sheet Metal + RTV Tooling,FOLDER_NAME,UNCLASSIFIED,P1,NOT_REVIEWED,VERY_LOW,NO,,,UNKNOWN,resolution_class=VERY_LOW
AST-000864,/Users/fredrick/Documents/Vayva-Tech/vayva-polyrepo/123Design/Images & Videos,SPEC/DBLL/123_design_blog_new_products_DUMB_BELL_(1).jpg,DBLL,SPEC,123_design_blog_new_products_DUMB_BELL_(1).jpg,123_design_blog_new_products_DUMB_BELL_(1),.jpg,,IMAGE,190901,0.1821,1600,900,16:9,LANDSCAPE,,,,,,2019-08-16T14:23:55+00:00,2019-08-16T14:23:55+00:00,2019-08-16 14:23:55 +0000,,,,fc1a142c7099f3b1326a38d40aa1ca32b191ed906457fe9c9b04baf8b2b32142,,SPEC,DBLL,DBLL,FOLDER_NAME,UNCLASSIFIED,P1,NOT_REVIEWED,LOW,NO,,,UNKNOWN,resolution_class=LOW
AST-000865,/Users/fredrick/Documents/Vayva-Tech/vayva-polyrepo/123Design/Images & Videos,SPEC/DBLL/123_design_blog_new_products_DUMB_BELL_(2).jpg,DBLL,SPEC,123_design_blog_new_products_DUMB_BELL_(2).jpg,123_design_blog_new_products_DUMB_BELL_(2),.jpg,,IMAGE,231461,0.2207,1600,1067,1600:1067,LANDSCAPE,,,,,,2019-08-16T14:23:34+00:00,2019-08-16T14:23:34+00:00,2019-08-16 14:23:34 +0000,,,,7e8d83f97be98f9af57139d47b2dc54bd511adb112cc4074fde64e0cfe13b2e4,,SPEC,DBLL,DBLL,FOLDER_NAME,UNCLASSIFIED,P1,NOT_REVIEWED,LOW,NO,,,UNKNOWN,resolution_class=LOW
AST-000866,/Users/fredrick/Documents/Vayva-Tech/vayva-polyrepo/123Design/Images & Videos,SPEC/DBLL/123_design_blog_new_products_DUMB_BELL_(3).jpg,DBLL,SPEC,123_design_blog_new_products_DUMB_BELL_(3).jpg,123_design_blog_new_products_DUMB_BELL_(3),.jpg,,IMAGE,227054,0.2165,1600,1067,1600:1067,LANDSCAPE,,,,,,2019-08-16T14:23:40+00:00,2019-08-16T14:23:40+00:00,2019-08-16 14:23:40 +0000,,,,fa82f8d4ea9b3d7f8466027e83c598f9ea96f537fad522e433e9db26a1773144,,SPEC,DBLL,DBLL,FOLDER_NAME,UNCLASSIFIED,P1,NOT_REVIEWED,LOW,NO,,,UNKNOWN,resolution_class=LOW
AST-000867,/Users/fredrick/Documents/Vayva-Tech/vayva-polyrepo/123Design/Images & Videos,SPEC/DBLL/123_design_blog_new_products_DUMB_BELL_(4).jpg,DBLL,SPEC,123_design_blog_new_products_DUMB_BELL_(4).jpg,123_design_blog_new_products_DUMB_BELL_(4),.jpg,,IMAGE,76478,0.0729,1600,1067,1600:1067,LANDSCAPE,,,,,,2019-08-16T14:23:46+00:00,2019-08-16T14:23:46+00:00,2019-08-16 14:23:46 +0000,,,,09275706b6560121460dbf4b33d8a88dcb84b7a1a2c231ee8b2c30791e24d645,,SPEC,DBLL,DBLL,FOLDER_NAME,UNCLASSIFIED,P1,NOT_REVIEWED,LOW,NO,,,UNKNOWN,resolution_class=LOW
AST-000868,/Users/fredrick/Documents/Vayva-Tech/vayva-polyrepo/123Design/Images & Videos,SPEC/DBLL/123_design_blog_new_products_DUMB_BELL_(5).jpg,DBLL,SPEC,123_design_blog_new_products_DUMB_BELL_(5).jpg,123_design_blog_new_products_DUMB_BELL_(5),.jpg,,IMAGE,163394,0.1558,1600,1067,1600:1067,LANDSCAPE,,,,,,2019-08-16T14:23:48+00:00,2019-08-16T14:23:48+00:00,2019-08-16 14:23:48 +0000,,,,5b4c67044129f9bd7122d4e70e8650c04e389555fb717dc80c12a6519e474fa4,,SPEC,DBLL,DBLL,FOLDER_NAME,UNCLASSIFIED,P1,NOT_REVIEWED,LOW,NO,,,UNKNOWN,resolution_class=LOW
AST-000869,/Users/fredrick/Documents/Vayva-Tech/vayva-polyrepo/123Design/Images & Videos,SPEC/DBLL/123_design_blog_new_products_DUMB_BELL_(6).jpg,DBLL,SPEC,123_design_blog_new_products_DUMB_BELL_(6).jpg,123_design_blog_new_products_DUMB_BELL_(6),.jpg,,IMAGE,125877,0.12,1600,1067,1600:1067,LANDSCAPE,,,,,,2019-08-16T14:23:45+00:00,2019-08-16T14:23:45+00:00,2019-08-16 14:23:45 +0000,,,,6753399a8c8c795668069a7eff0d71366123a8ac7c4d2099a90e50c7f609a417,,SPEC,DBLL,DBLL,FOLDER_NAME,UNCLASSIFIED,P1,NOT_REVIEWED,LOW,NO,,,UNKNOWN,resolution_class=LOW
AST-000870,/Users/fredrick/Documents/Vayva-Tech/vayva-polyrepo/123Design/Images & Videos,SPEC/DBLL/123_design_blog_new_products_DUMB_BELL_icon.jpg,DBLL,SPEC,123_design_blog_new_products_DUMB_BELL_icon.jpg,123_design_blog_new_products_DUMB_BELL_icon,.jpg,,IMAGE,164415,0.1568,902,902,1:1,SQUARE,,,,,,2019-08-16T16:38:00+00:00,2019-08-16T16:38:00+00:00,2019-08-16 16:38:00 +0000,,,,05a23bbae585cac2d5b0ee383af719169195aa3509a3c906f87e66f9d60ba39e,,SPEC,DBLL,DBLL,FOLDER_NAME,UNCLASSIFIED,P1,NOT_REVIEWED,LOW,NO,,,UNKNOWN,resolution_class=LOW
AST-000871,/Users/fredrick/Documents/Vayva-Tech/vayva-polyrepo/123Design/Images & Videos,SPEC/DBLL/AdobeStock_214657508.jpeg,DBLL,SPEC,AdobeStock_214657508.jpeg,AdobeStock_214657508,.jpeg,,IMAGE,8326485,7.9408,7360,4912,460:307,LANDSCAPE,,,,,,2019-08-16T15:23:48+00:00,2019-08-16T15:23:48+00:00,2017-03-10 14:10:43 +0000,NIKON CORPORATION,NIKON D810,,af62e375fa610e6e73093cfb2983ea7484872bed40e4f683c2d9a94772b481a1,,SPEC,DBLL,DBLL,FOLDER_NAME,UNCLASSIFIED,P1,NOT_REVIEWED,VERY_HIGH,NO,,,UNKNOWN,resolution_class=VERY_HIGH
AST-000872,/Users/fredrick/Documents/Vayva-Tech/vayva-polyrepo/123Design/Images & Videos,SPEC/DBLL/AdobeStock_214657508.jpg,DBLL,SPEC,AdobeStock_214657508.jpg,AdobeStock_214657508,.jpg,,IMAGE,6222119,5.9339,7360,4912,460:307,LANDSCAPE,,,,,,2019-08-16T15:27:29+00:00,2019-08-16T15:27:29+00:00,2019-08-16 15:27:29 +0000,,,,4e416e3e9c80b954b8d03cd26391097370409c9254f7e5a8e00608f696c369ba,DUP-00356,SPEC,DBLL,DBLL,FOLDER_NAME,UNCLASSIFIED,P1,NOT_REVIEWED,VERY_HIGH,NO,,,UNKNOWN,resolution_class=VERY_HIGH
AST-000873,/Users/fredrick/Documents/Vayva-Tech/vayva-polyrepo/123Design/Images & Videos,SPEC/DBLL/AdobeStock_214657508_tmp14089,DBLL,SPEC,AdobeStock_214657508_tmp14089,AdobeStock_214657508_tmp14089,,,UNKNOWN,6222119,5.9339,,,,,,,,,,2019-08-16T15:27:29+00:00,2019-08-16T15:27:29+00:00,,,,,4e416e3e9c80b954b8d03cd26391097370409c9254f7e5a8e00608f696c369ba,DUP-00356,SPEC,DBLL,DBLL,FOLDER_NAME,UNCLASSIFIED,P1,NOT_REVIEWED,,NO,,,UNKNOWN,
AST-000874,/Users/fredrick/Documents/Vayva-Tech/vayva-polyrepo/123Design/Images & Videos,SPEC/DBLL/AdobeStock_268562538.jpeg,DBLL,SPEC,AdobeStock_268562538.jpeg,AdobeStock_268562538,.jpeg,,IMAGE,4236813,4.0405,6230,4154,3115:2077,LANDSCAPE,,,,,,2019-08-16T15:23:01+00:00,2019-08-16T15:23:01+00:00,2019-04-27 13:40:37 +0000,Canon,Canon EOS 5D Mark IV,,714385cde75910919ff92763a0ba58fa41e0d0c601261ce459489b8a206ba3c3,,SPEC,DBLL,DBLL,FOLDER_NAME,UNCLASSIFIED,P1,NOT_REVIEWED,VERY_HIGH,NO,,,UNKNOWN,resolution_class=VERY_HIGH
AST-000875,/Users/fredrick/Documents/Vayva-Tech/vayva-polyrepo/123Design/Images & Videos,SPEC/DBLL/AdobeStock_268562538.jpg,DBLL,SPEC,AdobeStock_268562538.jpg,AdobeStock_268562538,.jpg,,IMAGE,3563771,3.3987,6230,4154,3115:2077,LANDSCAPE,,,,,,2019-08-16T15:30:02+00:00,2019-08-16T15:30:02+00:00,2019-08-16 15:30:02 +0000,,,,d3bd08060ce106bcc71562402cfa9f3cc9ecb9ef147f3db66d9ab90de85a018c,DUP-00357,SPEC,DBLL,DBLL,FOLDER_NAME,UNCLASSIFIED,P1,NOT_REVIEWED,VERY_HIGH,NO,,,UNKNOWN,resolution_class=VERY_HIGH
AST-000876,/Users/fredrick/Documents/Vayva-Tech/vayva-polyrepo/123Design/Images & Videos,SPEC/DBLL/AdobeStock_268562538_tmp29848,DBLL,SPEC,AdobeStock_268562538_tmp29848,AdobeStock_268562538_tmp29848,,,UNKNOWN,3563771,3.3987,,,,,,,,,,2019-08-16T15:30:02+00:00,2019-08-16T15:30:02+00:00,,,,,d3bd08060ce106bcc71562402cfa9f3cc9ecb9ef147f3db66d9ab90de85a018c,DUP-00357,SPEC,DBLL,DBLL,FOLDER_NAME,UNCLASSIFIED,P1,NOT_REVIEWED,,NO,,,UNKNOWN,
AST-000877,/Users/fredrick/Documents/Vayva-Tech/vayva-polyrepo/123Design/Images & Videos,SPEC/DBLL/AdobeStock_26856253ww8.jpg,DBLL,SPEC,AdobeStock_26856253ww8.jpg,AdobeStock_26856253ww8,.jpg,,IMAGE,3445404,3.2858,6230,4154,3115:2077,LANDSCAPE,,,,,,2019-08-16T21:15:59+00:00,2019-08-16T21:15:59+00:00,2019-08-16 21:15:59 +0000,,,,d62592022239bdd516e8ff01c892a337a592eb8b261f7848b06b56070e5dcf76,,SPEC,DBLL,DBLL,FOLDER_NAME,UNCLASSIFIED,P1,NOT_REVIEWED,VERY_HIGH,NO,,,UNKNOWN,resolution_class=VERY_HIGH
AST-000878,/Users/fredrick/Documents/Vayva-Tech/vayva-polyrepo/123Design/Images & Videos,SPEC/DBLL/WhatsApp Image 2019-08-19 at 3.37.32 PM.jpeg,DBLL,SPEC,WhatsApp Image 2019-08-19 at 3.37.32 PM.jpeg,WhatsApp Image 2019-08-19 at 3.37.32 PM,.jpeg,,IMAGE,377993,0.3605,1408,1066,704:533,LANDSCAPE,,,,,,2019-08-19T21:02:23+00:00,2019-08-19T21:02:23+00:00,2019-08-19 16:02:20 +0000,,,,ae1f2195ba4221570f27c940dfd374b9371bb137813bd5b154a8833f04a7c5fe,,SPEC,DBLL,DBLL,FOLDER_NAME,UNCLASSIFIED,P1,NOT_REVIEWED,LOW,NO,,,UNKNOWN,resolution_class=LOW
AST-000879,/Users/fredrick/Documents/Vayva-Tech/vayva-polyrepo/123Design/Images & Videos,SPEC/RACK/123_design_blog_new_products_1 (1).jpg,RACK,SPEC,123_design_blog_new_products_1 (1).jpg,123_design_blog_new_products_1 (1),.jpg,,IMAGE,154477,0.1473,1280,854,640:427,LANDSCAPE,,,,,,2019-08-16T21:20:40+00:00,2019-08-16T21:20:40+00:00,2019-08-16 21:20:40 +0000,,,,0efb82bd43364b2cce21064954452160bf947e5cd305b4fa76b4897eb0975a95,,SPEC,RACK,RACK,FOLDER_NAME,UNCLASSIFIED,P1,NOT_REVIEWED,LOW,NO,,,UNKNOWN,resolution_class=LOW
AST-000880,/Users/fredrick/Documents/Vayva-Tech/vayva-polyrepo/123Design/Images & Videos,SPEC/RACK/123_design_blog_new_products_1 (2).jpg,RACK,SPEC,123_design_blog_new_products_1 (2).jpg,123_design_blog_new_products_1 (2),.jpg,,IMAGE,56851,0.0542,1280,854,640:427,LANDSCAPE,,,,,,2019-08-16T21:20:46+00:00,2019-08-16T21:20:46+00:00,2019-08-16 21:20:46 +0000,,,,29ac8c6377d5a7d99f0b5688043741944b21f7073bbea5a0f86e3c8ad6cb6cbb,,SPEC,RACK,RACK,FOLDER_NAME,UNCLASSIFIED,P1,NOT_REVIEWED,LOW,NO,,,UNKNOWN,resolution_class=LOW
AST-000881,/Users/fredrick/Documents/Vayva-Tech/vayva-polyrepo/123Design/Images & Videos,SPEC/RACK/123_design_blog_new_products_1 (3).jpg,RACK,SPEC,123_design_blog_new_products_1 (3).jpg,123_design_blog_new_products_1 (3),.jpg,,IMAGE,66557,0.0635,1280,854,640:427,LANDSCAPE,,,,,,2019-08-16T21:20:51+00:00,2019-08-16T21:20:51+00:00,2019-08-16 21:20:51 +0000,,,,5ca111542c1ad6a0de0df2956a47b3d067f8914ddf5b8bc97ee1aceb146840d1,,SPEC,RACK,RACK,FOLDER_NAME,UNCLASSIFIED,P1,NOT_REVIEWED,LOW,NO,,,UNKNOWN,resolution_class=LOW
AST-000882,/Users/fredrick/Documents/Vayva-Tech/vayva-polyrepo/123Design/Images & Videos,SPEC/RACK/123_design_blog_new_products_1 (4).jpg,RACK,SPEC,123_design_blog_new_products_1 (4).jpg,123_design_blog_new_products_1 (4),.jpg,,IMAGE,67839,0.0647,1280,854,640:427,LANDSCAPE,,,,,,2019-08-16T21:20:48+00:00,2019-08-16T21:20:48+00:00,2019-08-16 21:20:48 +0000,,,,b567b22899a1fef6124254a055f14cd9d06ef7cbbe9961e372d3774348010b5e,,SPEC,RACK,RACK,FOLDER_NAME,UNCLASSIFIED,P1,NOT_REVIEWED,LOW,NO,,,UNKNOWN,resolution_class=LOW
AST-000883,/Users/fredrick/Documents/Vayva-Tech/vayva-polyrepo/123Design/Images & Videos,SPEC/RACK/123_design_blog_new_products_1 (5).jpg,RACK,SPEC,123_design_blog_new_products_1 (5).jpg,123_design_blog_new_products_1 (5),.jpg,,IMAGE,164448,0.1568,1280,854,640:427,LANDSCAPE,,,,,,2019-08-16T21:20:42+00:00,2019-08-16T21:20:42+00:00,2019-08-16 21:20:42 +0000,,,,05114322f774c408b983de39b0ba3093f7dde7101516dd246019a19f3de93cf1,,SPEC,RACK,RACK,FOLDER_NAME,UNCLASSIFIED,P1,NOT_REVIEWED,LOW,NO,,,UNKNOWN,resolution_class=LOW
AST-000884,/Users/fredrick/Documents/Vayva-Tech/vayva-polyrepo/123Design/Images & Videos,SPEC/RACK/123_design_blog_new_products_1 (6).jpg,RACK,SPEC,123_design_blog_new_products_1 (6).jpg,123_design_blog_new_products_1 (6),.jpg,,IMAGE,22890,0.0218,1280,854,640:427,LANDSCAPE,,,,,,2019-08-16T21:20:53+00:00,2019-08-16T21:20:53+00:00,2019-08-16 21:20:53 +0000,,,,2ad1f194f29f6aad0def7880e15950275c7f1efe5c4363d137768af2c7528ddb,,SPEC,RACK,RACK,FOLDER_NAME,UNCLASSIFIED,P1,NOT_REVIEWED,LOW,NO,,,UNKNOWN,resolution_class=LOW
AST-000885,/Users/fredrick/Documents/Vayva-Tech/vayva-polyrepo/123Design/Images & Videos,SPEC/RACK/123_design_blog_new_products_1-(1).jpg,RACK,SPEC,123_design_blog_new_products_1-(1).jpg,123_design_blog_new_products_1-(1),.jpg,,IMAGE,144284,0.1376,854,854,1:1,SQUARE,,,,,,2019-08-16T21:44:02+00:00,2019-08-16T21:44:02+00:00,2019-08-16 21:44:02 +0000,,,,583f604cf9531f59b8f988efda958bebfc2bfa0667e89cce486d7037716f7f3c,,SPEC,RACK,RACK,FOLDER_NAME,UNCLASSIFIED,P1,NOT_REVIEWED,LOW,NO,,,UNKNOWN,resolution_class=LOW
AST-000886,/Users/fredrick/Documents/Vayva-Tech/vayva-polyrepo/123Design/Images & Videos,SPEC/SPON/0a1204ff-86f3-44b1-970e-cfb8c883a9bc.jpg,SPON,SPEC,0a1204ff-86f3-44b1-970e-cfb8c883a9bc.jpg,0a1204ff-86f3-44b1-970e-cfb8c883a9bc,.jpg,,IMAGE,52471,0.05,1600,900,16:9,LANDSCAPE,,,,,,2019-08-16T14:28:27+00:00,2019-08-16T14:28:27+00:00,2019-08-16 14:28:27 +0000,,,,321f3a0c93a88861b354f6b59996dc4adc9e8b82b699feb1330d0919083fbe12,,SPEC,SPON,SPON,FOLDER_NAME,UNCLASSIFIED,P1,NOT_REVIEWED,LOW,NO,,,UNKNOWN,resolution_class=LOW
AST-000887,/Users/fredrick/Documents/Vayva-Tech/vayva-polyrepo/123Design/Images & Videos,SPEC/SPON/A/07964f5d-d6ef-420c-9a52-e91f97349dfb.jpg,A,SPON,07964f5d-d6ef-420c-9a52-e91f97349dfb.jpg,07964f5d-d6ef-420c-9a52-e91f97349dfb,.jpg,,IMAGE,84905,0.081,1600,900,16:9,LANDSCAPE,,,,,,2019-08-16T14:27:49+00:00,2019-08-16T14:27:49+00:00,2019-08-16 14:27:49 +0000,,,,c70443522e953dfc9b229fcc2e93f6fe506270755edfbe0c0312329ce549b38f,,SPEC,A,SPON,FOLDER_NAME,UNCLASSIFIED,P1,NOT_REVIEWED,LOW,NO,,,UNKNOWN,resolution_class=LOW
AST-000888,/Users/fredrick/Documents/Vayva-Tech/vayva-polyrepo/123Design/Images & Videos,SPEC/SPON/A/09e72b74-6f40-4a4d-afd6-9fe4d0d10936.jpg,A,SPON,09e72b74-6f40-4a4d-afd6-9fe4d0d10936.jpg,09e72b74-6f40-4a4d-afd6-9fe4d0d10936,.jpg,,IMAGE,82594,0.0788,1600,900,16:9,LANDSCAPE,,,,,,2019-08-16T14:27:58+00:00,2019-08-16T14:27:58+00:00,2019-08-16 14:27:58 +0000,,,,cbe2187b0ce523428fc813fa176a3f06134a284366976ee0aab5588acaff7b1b,,SPEC,A,SPON,FOLDER_NAME,UNCLASSIFIED,P1,NOT_REVIEWED,LOW,NO,,,UNKNOWN,resolution_class=LOW
AST-000889,/Users/fredrick/Documents/Vayva-Tech/vayva-polyrepo/123Design/Images & Videos,SPEC/SPON/A/1bad19be-c681-44e1-b684-ed5592c44a15.jpg,A,SPON,1bad19be-c681-44e1-b684-ed5592c44a15.jpg,1bad19be-c681-44e1-b684-ed5592c44a15,.jpg,,IMAGE,269293,0.2568,1600,900,16:9,LANDSCAPE,,,,,,2019-08-16T14:28:30+00:00,2019-08-16T14:28:30+00:00,2019-08-16 14:28:30 +0000,,,,4d5f69824f8052d2e4889b2e003324bd73c16c7d0473bc98e6f8b346f5e71e91,,SPEC,A,SPON,FOLDER_NAME,UNCLASSIFIED,P1,NOT_REVIEWED,LOW,NO,,,UNKNOWN,resolution_class=LOW
AST-000890,/Users/fredrick/Documents/Vayva-Tech/vayva-polyrepo/123Design/Images & Videos,SPEC/SPON/A/248527da-fefa-4432-83d7-f2a41307cacc.jpg,A,SPON,248527da-fefa-4432-83d7-f2a41307cacc.jpg,248527da-fefa-4432-83d7-f2a41307cacc,.jpg,,IMAGE,82128,0.0783,1600,900,16:9,LANDSCAPE,,,,,,2019-08-16T14:27:52+00:00,2019-08-16T14:27:52+00:00,2019-08-16 14:27:52 +0000,,,,5b8607f66455e0177c27d0e18a58e1f4fd7b6cc75d27a327924c4ed1e8ce1b78,,SPEC,A,SPON,FOLDER_NAME,UNCLASSIFIED,P1,NOT_REVIEWED,LOW,NO,,,UNKNOWN,resolution_class=LOW
AST-000891,/Users/fredrick/Documents/Vayva-Tech/vayva-polyrepo/123Design/Images & Videos,SPEC/SPON/A/2edfa118-40b3-40e2-842a-5bfa83d56a20.jpg,A,SPON,2edfa118-40b3-40e2-842a-5bfa83d56a20.jpg,2edfa118-40b3-40e2-842a-5bfa83d56a20,.jpg,,IMAGE,674679,0.6434,1600,1168,100:73,LANDSCAPE,,,,,,2019-08-16T14:27:42+00:00,2019-08-16T14:27:42+00:00,2019-08-16 14:27:42 +0000,,,,a847a456a8d7e2ccf88f0048ded779b4018f01214b0b1fa610b5a0dd8a05416f,,SPEC,A,SPON,FOLDER_NAME,UNCLASSIFIED,P1,NOT_REVIEWED,LOW,NO,,,UNKNOWN,resolution_class=LOW
AST-000892,/Users/fredrick/Documents/Vayva-Tech/vayva-polyrepo/123Design/Images & Videos,SPEC/SPON/A/34b26467-fb16-4c55-a506-090be4239985.jpg,A,SPON,34b26467-fb16-4c55-a506-090be4239985.jpg,34b26467-fb16-4c55-a506-090be4239985,.jpg,,IMAGE,298268,0.2845,1600,900,16:9,LANDSCAPE,,,,,,2019-08-16T14:28:32+00:00,2019-08-16T14:28:32+00:00,2019-08-16 14:28:32 +0000,,,,89613030c7fcff840e18ba50ba03abb60e7d701b1f773007b7d67df0175723e6,,SPEC,A,SPON,FOLDER_NAME,UNCLASSIFIED,P1,NOT_REVIEWED,LOW,NO,,,UNKNOWN,resolution_class=LOW
AST-000893,/Users/fredrick/Documents/Vayva-Tech/vayva-polyrepo/123Design/Images & Videos,SPEC/SPON/A/47c0b82e-3d94-497e-a75b-8510ab2737d8.jpg,A,SPON,47c0b82e-3d94-497e-a75b-8510ab2737d8.jpg,47c0b82e-3d94-497e-a75b-8510ab2737d8,.jpg,,IMAGE,119825,0.1143,1600,900,16:9,LANDSCAPE,,,,,,2019-08-16T14:28:25+00:00,2019-08-16T14:28:25+00:00,2019-08-16 14:28:25 +0000,,,,ec298c1d7960676dfb7ccaf0cfe247a63db9366e6ee43f6d76c0794d82bed749,,SPEC,A,SPON,FOLDER_NAME,UNCLASSIFIED,P1,NOT_REVIEWED,LOW,NO,,,UNKNOWN,resolution_class=LOW
AST-000894,/Users/fredrick/Documents/Vayva-Tech/vayva-polyrepo/123Design/Images & Videos,SPEC/SPON/A/565828ca-64ae-44cc-9ef3-fd3fde21daac.jpg,A,SPON,565828ca-64ae-44cc-9ef3-fd3fde21daac.jpg,565828ca-64ae-44cc-9ef3-fd3fde21daac,.jpg,,IMAGE,73824,0.0704,1600,900,16:9,LANDSCAPE,,,,,,2019-08-16T14:28:09+00:00,2019-08-16T14:28:09+00:00,2019-08-16 14:28:09 +0000,,,,fc464dea5b989219912a26d39b16fce38869a7b621b6622e5e4c764c633d6d92,,SPEC,A,SPON,FOLDER_NAME,UNCLASSIFIED,P1,NOT_REVIEWED,LOW,NO,,,UNKNOWN,resolution_class=LOW
AST-000895,/Users/fredrick/Documents/Vayva-Tech/vayva-polyrepo/123Design/Images & Videos,SPEC/SPON/A/6374c322-53c8-4e11-88d4-9b20e74947dd.jpg,A,SPON,6374c322-53c8-4e11-88d4-9b20e74947dd.jpg,6374c322-53c8-4e11-88d4-9b20e74947dd,.jpg,,IMAGE,87401,0.0834,1600,900,16:9,LANDSCAPE,,,,,,2019-08-16T14:27:59+00:00,2019-08-16T14:27:59+00:00,2019-08-16 14:27:59 +0000,,,,ed195f798b5a33db28f8a8669220b9b872fafc0e9c79428dc7fbc76b6dc5c583,,SPEC,A,SPON,FOLDER_NAME,UNCLASSIFIED,P1,NOT_REVIEWED,LOW,NO,,,UNKNOWN,resolution_class=LOW
AST-000896,/Users/fredrick/Documents/Vayva-Tech/vayva-polyrepo/123Design/Images & Videos,SPEC/SPON/A/81134d30-b341-4e59-bc7f-054f37c7c88b.jpg,A,SPON,81134d30-b341-4e59-bc7f-054f37c7c88b.jpg,81134d30-b341-4e59-bc7f-054f37c7c88b,.jpg,,IMAGE,77747,0.0741,1600,900,16:9,LANDSCAPE,,,,,,2019-08-16T14:27:51+00:00,2019-08-16T14:27:51+00:00,2019-08-16 14:27:51 +0000,,,,c159e0505ed8adf0c763ef4c8c6ad4a94ed6221c6ac457e49bf86a580af14cd8,,SPEC,A,SPON,FOLDER_NAME,UNCLASSIFIED,P1,NOT_REVIEWED,LOW,NO,,,UNKNOWN,resolution_class=LOW
AST-000897,/Users/fredrick/Documents/Vayva-Tech/vayva-polyrepo/123Design/Images & Videos,SPEC/SPON/A/SPOONY-THUMBNAIL.png,A,SPON,SPOONY-THUMBNAIL.png,SPOONY-THUMBNAIL,.png,,IMAGE,1941696,1.8517,1168,1168,1:1,SQUARE,,,,,,2019-09-23T03:19:09+00:00,2019-09-23T03:19:09+00:00,2019-09-23 03:19:09 +0000,,,,524ac6933bb3218e52839ca3aa9b127f11f497e672bf152e12bf4d00a8692986,,SPEC,A,SPON,FOLDER_NAME,UNCLASSIFIED,P1,DERIVATIVE_CANDIDATE,LOW,YES,AST-000897,,UNKNOWN,resolution_class=LOW; derivative_filename_pattern
AST-000898,/Users/fredrick/Documents/Vayva-Tech/vayva-polyrepo/123Design/Images & Videos,SPEC/SPON/A/bf46d228-b42d-43ce-99fc-bb67b210bb79.jpg,A,SPON,bf46d228-b42d-43ce-99fc-bb67b210bb79.jpg,bf46d228-b42d-43ce-99fc-bb67b210bb79,.jpg,,IMAGE,119805,0.1143,1600,900,16:9,LANDSCAPE,,,,,,2019-08-16T14:28:08+00:00,2019-08-16T14:28:08+00:00,2019-08-16 14:28:08 +0000,,,,d11b7efa880cae50e444a33ee76d37644517af4cf31fc4b4f1a6a4abe806f1e3,,SPEC,A,SPON,FOLDER_NAME,UNCLASSIFIED,P1,NOT_REVIEWED,LOW,NO,,,UNKNOWN,resolution_class=LOW
AST-000899,/Users/fredrick/Documents/Vayva-Tech/vayva-polyrepo/123Design/Images & Videos,SPEC/SPON/A/cd21d58b-5d21-41a8-9677-5993cf521e35.jpg,A,SPON,cd21d58b-5d21-41a8-9677-5993cf521e35.jpg,cd21d58b-5d21-41a8-9677-5993cf521e35,.jpg,,IMAGE,237346,0.2264,1280,847,1280:847,LANDSCAPE,,,,,,2019-08-16T14:28:04+00:00,2019-08-16T14:28:04+00:00,2019-08-16 14:28:04 +0000,,,,8af6e0ee43157ef28a229fdb43c3cb5055c5023f1bd4c0d16d1ef962497d1e96,,SPEC,A,SPON,FOLDER_NAME,UNCLASSIFIED,P1,NOT_REVIEWED,LOW,NO,,,UNKNOWN,resolution_class=LOW
AST-000900,/Users/fredrick/Documents/Vayva-Tech/vayva-polyrepo/123Design/Images & Videos,SPEC/SPON/A/da673554-c904-4aed-b6c8-d73372a196b7.jpg,A,SPON,da673554-c904-4aed-b6c8-d73372a196b7.jpg,da673554-c904-4aed-b6c8-d73372a196b7,.jpg,,IMAGE,230529,0.2198,1280,847,1280:847,LANDSCAPE,,,,,,2019-08-16T14:28:02+00:00,2019-08-16T14:28:02+00:00,2019-08-16 14:28:02 +0000,,,,0a27c64552b25e1a1f57ddf80fc8a7be295936ca2643ef8d8ff47df5911a2724,,SPEC,A,SPON,FOLDER_NAME,UNCLASSIFIED,P1,NOT_REVIEWED,LOW,NO,,,UNKNOWN,resolution_class=LOW
AST-000901,/Users/fredrick/Documents/Vayva-Tech/vayva-polyrepo/123Design/Images & Videos,SPEC/VIRT/WhatsApp Image 2019-08-22 at 11.30.15 AM.jpeg,VIRT,SPEC,WhatsApp Image 2019-08-22 at 11.30.15 AM.jpeg,WhatsApp Image 2019-08-22 at 11.30.15 AM,.jpeg,,IMAGE,286096,0.2728,1600,1068,400:267,LANDSCAPE,,,,,,2019-08-22T17:46:19+00:00,2019-08-22T17:46:19+00:00,2019-08-22 17:46:19 +0000,,,,bc8aae3267c5174d4ba8b1085809cd25be3d803644892944dc63679e39fc3cb6,,SPEC,VIRT,VIRT,FOLDER_NAME,UNCLASSIFIED,P1,NOT_REVIEWED,LOW,NO,,,UNKNOWN,resolution_class=LOW
AST-000902,/Users/fredrick/Documents/Vayva-Tech/vayva-polyrepo/123Design/Images & Videos,SPORT/Dumbbells/Dumbbells-1.jpg,Dumbbells,SPORT,Dumbbells-1.jpg,Dumbbells-1,.jpg,,IMAGE,23686,0.0226,660,341,60:31,LANDSCAPE,,,,,,2015-11-04T01:42:43+00:00,2015-11-04T01:42:43+00:00,2015-11-04 01:42:43 +0000,,,,ea264e3e2ceebcd409de7db45f3e286878042765261d220ab2b6edb10c894677,DUP-00028,SPORT,Dumbbells,Dumbbells,FOLDER_NAME,UNCLASSIFIED,P1,NOT_REVIEWED,VERY_LOW,NO,,,UNKNOWN,resolution_class=VERY_LOW
AST-000903,/Users/fredrick/Documents/Vayva-Tech/vayva-polyrepo/123Design/Images & Videos,SPORT/Dumbbells/Dumbbells-2.jpg,Dumbbells,SPORT,Dumbbells-2.jpg,Dumbbells-2,.jpg,,IMAGE,22825,0.0218,400,284,100:71,LANDSCAPE,,,,,,2015-11-04T01:42:43+00:00,2015-11-04T01:42:43+00:00,2015-11-04 01:42:43 +0000,,,,25890463753eb88acc1629e54d45a623a8e1f78dce37f8be051094f5787eb84e,DUP-00029,SPORT,Dumbbells,Dumbbells,FOLDER_NAME,UNCLASSIFIED,P1,NOT_REVIEWED,VERY_LOW,NO,,,UNKNOWN,resolution_class=VERY_LOW
AST-000904,/Users/fredrick/Documents/Vayva-Tech/vayva-polyrepo/123Design/Images & Videos,SPORT/Golf Caddy/golf_caddy-1.jpg,Golf Caddy,SPORT,golf_caddy-1.jpg,golf_caddy-1,.jpg,,IMAGE,24164,0.023,660,341,60:31,LANDSCAPE,,,,,,2015-11-04T01:42:43+00:00,2015-11-04T01:42:43+00:00,2015-11-04 01:42:43 +0000,,,,98de278414fc34c94c3f4f1d23eaca6a6a56ed3039a5d5dfd8d1a09598ec4af0,DUP-00164,SPORT,Golf Caddy,Golf Caddy,FOLDER_NAME,UNCLASSIFIED,P1,NOT_REVIEWED,VERY_LOW,NO,,,UNKNOWN,resolution_class=VERY_LOW
AST-000905,/Users/fredrick/Documents/Vayva-Tech/vayva-polyrepo/123Design/Images & Videos,SPORT/Golf Caddy/golf_caddy-2.jpg,Golf Caddy,SPORT,golf_caddy-2.jpg,golf_caddy-2,.jpg,,IMAGE,33812,0.0322,400,284,100:71,LANDSCAPE,,,,,,2015-11-04T01:42:43+00:00,2015-11-04T01:42:43+00:00,2015-11-04 01:42:43 +0000,,,,acb023ab04d68f371d5b06a41f569391957bc13fc91730c08c74c7cf98d86b61,DUP-00165,SPORT,Golf Caddy,Golf Caddy,FOLDER_NAME,UNCLASSIFIED,P1,NOT_REVIEWED,VERY_LOW,NO,,,UNKNOWN,resolution_class=VERY_LOW
AST-000906,/Users/fredrick/Documents/Vayva-Tech/vayva-polyrepo/123Design/Images & Videos,SPORT/Knee Board/knee_board-1.jpg,Knee Board,SPORT,knee_board-1.jpg,knee_board-1,.jpg,,IMAGE,46515,0.0444,660,341,60:31,LANDSCAPE,,,,,,2015-11-04T01:42:43+00:00,2015-11-04T01:42:43+00:00,2015-11-04 01:42:43 +0000,,,,a4c323fcc81bf8ae02fbd1aa666575dc3d318c6462cbc95d1042972d8686c690,DUP-00185,SPORT,Knee Board,Knee Board,FOLDER_NAME,UNCLASSIFIED,P1,NOT_REVIEWED,VERY_LOW,NO,,,UNKNOWN,resolution_class=VERY_LOW
AST-000907,/Users/fredrick/Documents/Vayva-Tech/vayva-polyrepo/123Design/Images & Videos,SPORT/Knee Board/knee_board-2.jpg,Knee Board,SPORT,knee_board-2.jpg,knee_board-2,.jpg,,IMAGE,41526,0.0396,400,284,100:71,LANDSCAPE,,,,,,2015-11-04T01:42:43+00:00,2015-11-04T01:42:43+00:00,2015-11-04 01:42:43 +0000,,,,d999a37de7b6f91cb9f603b011e15bc86c2b899307b6029672d86622063ddf32,DUP-00186,SPORT,Knee Board,Knee Board,FOLDER_NAME,UNCLASSIFIED,P1,NOT_REVIEWED,VERY_LOW,NO,,,UNKNOWN,resolution_class=VERY_LOW
AST-000908,/Users/fredrick/Documents/Vayva-Tech/vayva-polyrepo/123Design/Images & Videos,SPORT/Pedometer/pedometer-1.jpg,Pedometer,SPORT,pedometer-1.jpg,pedometer-1,.jpg,,IMAGE,25194,0.024,660,341,60:31,LANDSCAPE,,,,,,2015-11-04T01:42:43+00:00,2015-11-04T01:42:43+00:00,2015-11-04 01:42:43 +0000,,,,becb7d812d19a19e27886cb3f74b7d28c5619f56934edd358b4f7c22a78d2b59,DUP-00211,SPORT,Pedometer,Pedometer,FOLDER_NAME,UNCLASSIFIED,P1,NOT_REVIEWED,VERY_LOW,NO,,,UNKNOWN,resolution_class=VERY_LOW
AST-000909,/Users/fredrick/Documents/Vayva-Tech/vayva-polyrepo/123Design/Images & Videos,SPORT/Pedometer/pedometer-2.jpg,Pedometer,SPORT,pedometer-2.jpg,pedometer-2,.jpg,,IMAGE,32599,0.0311,400,284,100:71,LANDSCAPE,,,,,,2015-11-04T01:42:43+00:00,2015-11-04T01:42:43+00:00,2015-11-04 01:42:43 +0000,,,,e33040c436943b94857d13ec2e5ba0ca08001af30d8c0eb0feffc9ccc570422c,DUP-00212,SPORT,Pedometer,Pedometer,FOLDER_NAME,UNCLASSIFIED,P1,NOT_REVIEWED,VERY_LOW,NO,,,UNKNOWN,resolution_class=VERY_LOW
AST-000910,/Users/fredrick/Documents/Vayva-Tech/vayva-polyrepo/123Design/Images & Videos,SPORT/Putter/putter_1.jpg,Putter,SPORT,putter_1.jpg,putter_1,.jpg,,IMAGE,72720,0.0694,660,310,66:31,LANDSCAPE,,,,,,2015-11-04T01:42:43+00:00,2015-11-04T01:42:43+00:00,2010-07-08 17:08:39 +0000,,,,2912e3738923e711b33a100b585f324beaafb5bcd5b37f474764c696c8a5e766,DUP-00227,SPORT,Putter,Putter,FOLDER_NAME,UNCLASSIFIED,P1,NOT_REVIEWED,VERY_LOW,NO,,,UNKNOWN,resolution_class=VERY_LOW
AST-000911,/Users/fredrick/Documents/Vayva-Tech/vayva-polyrepo/123Design/Images & Videos,SPORT/Putter/putter_2.jpg,Putter,SPORT,putter_2.jpg,putter_2,.jpg,,IMAGE,68828,0.0656,400,284,100:71,LANDSCAPE,,,,,,2015-11-04T01:42:43+00:00,2015-11-04T01:42:43+00:00,2010-07-08 17:09:17 +0000,,,,19dc60d42cc74dce500bcb570cd14ab20db10769d139fa4fe7e354206cc213f1,DUP-00228,SPORT,Putter,Putter,FOLDER_NAME,UNCLASSIFIED,P1,NOT_REVIEWED,VERY_LOW,NO,,,UNKNOWN,resolution_class=VERY_LOW
AST-000912,/Users/fredrick/Documents/Vayva-Tech/vayva-polyrepo/123Design/Images & Videos,SPORT/Roller Blades/Roller_Blade-1.jpg,Roller Blades,SPORT,Roller_Blade-1.jpg,Roller_Blade-1,.jpg,,IMAGE,67697,0.0646,660,310,66:31,LANDSCAPE,,,,,,2015-11-04T01:42:43+00:00,2015-11-04T01:42:43+00:00,2010-07-08 17:25:53 +0000,,,,f2d67dd5c0534ab7524510e0e7a2209bd031e0a3dffb0a3f4d0fde7a6c204bea,DUP-00085,SPORT,Roller Blades,Roller Blades,FOLDER_NAME,UNCLASSIFIED,P1,NOT_REVIEWED,VERY_LOW,NO,,,UNKNOWN,resolution_class=VERY_LOW
AST-000913,/Users/fredrick/Documents/Vayva-Tech/vayva-polyrepo/123Design/Images & Videos,SPORT/Roller Blades/Roller_Blade-2.jpg,Roller Blades,SPORT,Roller_Blade-2.jpg,Roller_Blade-2,.jpg,,IMAGE,48412,0.0462,400,284,100:71,LANDSCAPE,,,,,,2015-11-04T01:42:43+00:00,2015-11-04T01:42:43+00:00,2010-07-08 17:26:40 +0000,,,,8fd404eb376f72105fdfbb7671de7a6d6b25803e0de23ed679d8c75ed24fe3bf,DUP-00086,SPORT,Roller Blades,Roller Blades,FOLDER_NAME,UNCLASSIFIED,P1,NOT_REVIEWED,VERY_LOW,NO,,,UNKNOWN,resolution_class=VERY_LOW
AST-000914,/Users/fredrick/Documents/Vayva-Tech/vayva-polyrepo/123Design/Images & Videos,SPORT/Sports Bottle/sports_bottle.jpg,Sports Bottle,SPORT,sports_bottle.jpg,sports_bottle,.jpg,,IMAGE,15450,0.0147,660,310,66:31,LANDSCAPE,,,,,,2015-11-04T01:42:43+00:00,2015-11-04T01:42:43+00:00,2015-11-04 01:42:43 +0000,,,,915cd92dcb86963470728da28e64da90b0d308d3ee2e329dc8f7fbca4a80646c,DUP-00237,SPORT,Sports Bottle,Sports Bottle,FOLDER_NAME,UNCLASSIFIED,P1,NOT_REVIEWED,VERY_LOW,NO,,,UNKNOWN,resolution_class=VERY_LOW
AST-000915,/Users/fredrick/Documents/Vayva-Tech/vayva-polyrepo/123Design/Images & Videos,SPORT/Sports Bottle/sports_bottle_2.jpg,Sports Bottle,SPORT,sports_bottle_2.jpg,sports_bottle_2,.jpg,,IMAGE,13834,0.0132,400,284,100:71,LANDSCAPE,,,,,,2015-11-04T01:42:43+00:00,2015-11-04T01:42:43+00:00,2015-11-04 01:42:43 +0000,,,,16fc229ea1f1500ec6aefa20eac4c9177aa5ebfa111a1367cbc049de140ba122,DUP-00238,SPORT,Sports Bottle,Sports Bottle,FOLDER_NAME,UNCLASSIFIED,P1,NOT_REVIEWED,VERY_LOW,NO,,,UNKNOWN,resolution_class=VERY_LOW
AST-000916,/Users/fredrick/Documents/Vayva-Tech/vayva-polyrepo/123Design/Images & Videos,SPORT/Tennis Ball Machine/tennis_ball_machine-1.jpg,Tennis Ball Machine,SPORT,tennis_ball_machine-1.jpg,tennis_ball_machine-1,.jpg,,IMAGE,20982,0.02,660,341,60:31,LANDSCAPE,,,,,,2015-11-04T01:42:43+00:00,2015-11-04T01:42:43+00:00,2015-11-04 01:42:43 +0000,,,,ca596e36bf4eb7327e809186696cd504d1fd8cd4bb3642e22973bcc37b2bf6a6,DUP-00252,SPORT,Tennis Ball Machine,Tennis Ball Machine,FOLDER_NAME,UNCLASSIFIED,P1,NOT_REVIEWED,VERY_LOW,NO,,,UNKNOWN,resolution_class=VERY_LOW
AST-000917,/Users/fredrick/Documents/Vayva-Tech/vayva-polyrepo/123Design/Images & Videos,SPORT/Tennis Ball Machine/tennis_ball_machine-2.jpg,Tennis Ball Machine,SPORT,tennis_ball_machine-2.jpg,tennis_ball_machine-2,.jpg,,IMAGE,16202,0.0155,400,284,100:71,LANDSCAPE,,,,,,2015-11-04T01:42:43+00:00,2015-11-04T01:42:43+00:00,2015-11-04 01:42:43 +0000,,,,ac2d1f5f4ae8b7bc458a295e991fe025e7070e1f1fccea6f9b2298be348a54c6,DUP-00253,SPORT,Tennis Ball Machine,Tennis Ball Machine,FOLDER_NAME,UNCLASSIFIED,P1,NOT_REVIEWED,VERY_LOW,NO,,,UNKNOWN,resolution_class=VERY_LOW
AST-000918,/Users/fredrick/Documents/Vayva-Tech/vayva-polyrepo/123Design/Images & Videos,TOYS GAMES JUVENILE/Massaging Vibrating Teether/5717newpoohsmall.jpg,Massaging Vibrating Teether,TOYS GAMES JUVENILE,5717newpoohsmall.jpg,5717newpoohsmall,.jpg,,IMAGE,44182,0.0421,640,525,128:105,LANDSCAPE,,,,,,2015-11-04T01:42:43+00:00,2015-11-04T01:42:43+00:00,2015-11-04 01:42:43 +0000,,,,9be4100b68b5a4e02346225963da4adeb313c913f6bec84354cc3da89cc9c62d,DUP-00001,TOYS GAMES JUVENILE,Massaging Vibrating Teether,Massaging Vibrating Teether,FOLDER_NAME,UNCLASSIFIED,P1,NOT_REVIEWED,VERY_LOW,NO,,,UNKNOWN,resolution_class=VERY_LOW
AST-000919,/Users/fredrick/Documents/Vayva-Tech/vayva-polyrepo/123Design/Images & Videos,TOYS GAMES JUVENILE/Massaging Vibrating Teether/teether.jpg,Massaging Vibrating Teether,TOYS GAMES JUVENILE,teether.jpg,teether,.jpg,,IMAGE,48943,0.0467,660,401,660:401,LANDSCAPE,,,,,,2015-11-04T01:42:43+00:00,2015-11-04T01:42:43+00:00,2015-11-04 01:42:43 +0000,,,,2d307ff649d4ccc1adc032e1043422d5d2c2545b7545de350bb1d129f92fd750,DUP-00251,TOYS GAMES JUVENILE,Massaging Vibrating Teether,Massaging Vibrating Teether,FOLDER_NAME,UNCLASSIFIED,P1,NOT_REVIEWED,VERY_LOW,NO,,,UNKNOWN,resolution_class=VERY_LOW
AST-000920,/Users/fredrick/Documents/Vayva-Tech/vayva-polyrepo/123Design/Images & Videos,TOYS GAMES JUVENILE/Wild Peas/brass-balls6.jpg,Wild Peas,TOYS GAMES JUVENILE,brass-balls6.jpg,brass-balls6,.jpg,,IMAGE,27213,0.026,370,368,185:184,LANDSCAPE,,,,,,2015-11-04T01:42:43+00:00,2015-11-04T01:42:43+00:00,2015-11-04 01:42:43 +0000,,,,75954f29c97a7b7fdff570d7dfd4930ffe8d6b5ea0b0557327baa95c4de5ba31,DUP-00135,TOYS GAMES JUVENILE,Wild Peas,Wild Peas,FOLDER_NAME,UNCLASSIFIED,P1,NOT_REVIEWED,VERY_LOW,NO,,,UNKNOWN,resolution_class=VERY_LOW
AST-000921,/Users/fredrick/Documents/Vayva-Tech/vayva-polyrepo/123Design/Images & Videos,TRANSPORTATION/Aircraft Interior/Transportation_img.jpg,Aircraft Interior,TRANSPORTATION,Transportation_img.jpg,Transportation_img,.jpg,,IMAGE,171731,0.1638,660,369,220:123,LANDSCAPE,,,,,,2015-11-04T01:42:43+00:00,2015-11-04T01:42:43+00:00,2010-06-24 15:05:18 +0000,,,,d0c75c2c8bedca4a2108847459a1d7c83c2fc0c9de3d412b1ac80f6ee399a26f,DUP-00114,TRANSPORTATION,Aircraft Interior,Aircraft Interior,FOLDER_NAME,UNCLASSIFIED,P1,NOT_REVIEWED,VERY_LOW,NO,,,UNKNOWN,resolution_class=VERY_LOW
AST-000922,/Users/fredrick/Documents/Vayva-Tech/vayva-polyrepo/123Design/Images & Videos,TRANSPORTATION/Aircraft Interior/transportation_2.jpg,Aircraft Interior,TRANSPORTATION,transportation_2.jpg,transportation_2,.jpg,,IMAGE,107758,0.1028,400,284,100:71,LANDSCAPE,,,,,,2015-11-04T01:42:43+00:00,2015-11-04T01:42:43+00:00,2010-07-08 19:50:46 +0000,,,,3a4972c1fe87d77320cf18e9cee33e9c8d25ecbdb23264088ac8082bd323490f,DUP-00259,TRANSPORTATION,Aircraft Interior,Aircraft Interior,FOLDER_NAME,UNCLASSIFIED,P1,NOT_REVIEWED,VERY_LOW,NO,,,UNKNOWN,resolution_class=VERY_LOW
AST-000923,/Users/fredrick/Documents/Vayva-Tech/vayva-polyrepo/123Design/Images & Videos,TRANSPORTATION/Boat Profile/profile.jpg,Boat Profile,TRANSPORTATION,profile.jpg,profile,.jpg,,IMAGE,52214,0.0498,660,274,330:137,LANDSCAPE,,,,,,2015-11-04T01:42:43+00:00,2015-11-04T01:42:43+00:00,2010-07-08 20:17:14 +0000,,,,c307239ae2a2029da8c50cd84b6515291074cd4a8fdf2e836e927919a54ad289,DUP-00215,TRANSPORTATION,Boat Profile,Boat Profile,FOLDER_NAME,UNCLASSIFIED,P1,NOT_REVIEWED,VERY_LOW,NO,,,UNKNOWN,resolution_class=VERY_LOW
AST-000924,/Users/fredrick/Documents/Vayva-Tech/vayva-polyrepo/123Design/Images & Videos,TRANSPORTATION/Boat Profile/profile_2.jpg,Boat Profile,TRANSPORTATION,profile_2.jpg,profile_2,.jpg,,IMAGE,53445,0.051,400,284,100:71,LANDSCAPE,,,,,,2015-11-04T01:42:43+00:00,2015-11-04T01:42:43+00:00,2010-07-08 20:17:56 +0000,,,,5fb36a0bec40c6a1869e6de3ad4f5fa227097f8174cf30522ec6a5483b5891c2,DUP-00216,TRANSPORTATION,Boat Profile,Boat Profile,FOLDER_NAME,UNCLASSIFIED,P1,NOT_REVIEWED,VERY_LOW,NO,,,UNKNOWN,resolution_class=VERY_LOW
AST-000925,/Users/fredrick/Documents/Vayva-Tech/vayva-polyrepo/123Design/Images & Videos,TRANSPORTATION/Catamaran/Catamaran-1.jpg,Catamaran,TRANSPORTATION,Catamaran-1.jpg,Catamaran-1,.jpg,,IMAGE,172442,0.1645,660,274,330:137,LANDSCAPE,,,,,,2015-11-04T01:42:43+00:00,2015-11-04T01:42:43+00:00,2010-07-08 20:10:54 +0000,,,,45e11a481d9d017f89e3bc34067ac065c85128a5f01efdb010224892dbe49ef4,DUP-00011,TRANSPORTATION,Catamaran,Catamaran,FOLDER_NAME,UNCLASSIFIED,P1,NOT_REVIEWED,VERY_LOW,NO,,,UNKNOWN,resolution_class=VERY_LOW
AST-000926,/Users/fredrick/Documents/Vayva-Tech/vayva-polyrepo/123Design/Images & Videos,TRANSPORTATION/Catamaran/Catamaran-2.jpg,Catamaran,TRANSPORTATION,Catamaran-2.jpg,Catamaran-2,.jpg,,IMAGE,32395,0.0309,400,284,100:71,LANDSCAPE,,,,,,2015-11-04T01:42:43+00:00,2015-11-04T01:42:43+00:00,2015-11-04 01:42:43 +0000,,,,3f208e6637346bfe47882f7d9ea87810087c6cc83ed7424d9d6d54b6b0418c0d,DUP-00012,TRANSPORTATION,Catamaran,Catamaran,FOLDER_NAME,UNCLASSIFIED,P1,NOT_REVIEWED,VERY_LOW,NO,,,UNKNOWN,resolution_class=VERY_LOW
AST-000927,/Users/fredrick/Documents/Vayva-Tech/vayva-polyrepo/123Design/Images & Videos,TRANSPORTATION/Diamond/Diamond-1.jpg,Diamond,TRANSPORTATION,Diamond-1.jpg,Diamond-1,.jpg,,IMAGE,163581,0.156,660,274,330:137,LANDSCAPE,,,,,,2015-11-04T01:42:43+00:00,2015-11-04T01:42:43+00:00,2010-07-08 19:56:48 +0000,,,,78fb978a6c4bcce42b3ccfe461cc62c2f45321a3c3b1b43d4df778f7248530ba,DUP-00024,TRANSPORTATION,Diamond,Diamond,FOLDER_NAME,UNCLASSIFIED,P1,NOT_REVIEWED,VERY_LOW,NO,,,UNKNOWN,resolution_class=VERY_LOW
AST-000928,/Users/fredrick/Documents/Vayva-Tech/vayva-polyrepo/123Design/Images & Videos,TRANSPORTATION/Diamond/Diamond-2.jpg,Diamond,TRANSPORTATION,Diamond-2.jpg,Diamond-2,.jpg,,IMAGE,102959,0.0982,400,284,100:71,LANDSCAPE,,,,,,2015-11-04T01:42:43+00:00,2015-11-04T01:42:43+00:00,2010-07-08 19:57:31 +0000,,,,0a3a52852817f41ac98efc54631602a29719439f159ae771406ba076cb28b605,DUP-00025,TRANSPORTATION,Diamond,Diamond,FOLDER_NAME,UNCLASSIFIED,P1,NOT_REVIEWED,VERY_LOW,NO,,,UNKNOWN,resolution_class=VERY_LOW
AST-000929,/Users/fredrick/Documents/Vayva-Tech/vayva-polyrepo/123Design/Images & Videos,TRANSPORTATION/Hydra/Hydra-1.jpg,Hydra,TRANSPORTATION,Hydra-1.jpg,Hydra-1,.jpg,,IMAGE,22158,0.0211,660,274,330:137,LANDSCAPE,,,,,,2015-11-04T01:42:43+00:00,2015-11-04T01:42:43+00:00,2015-11-04 01:42:43 +0000,,,,b3f937367401128792fa1846c81fa677a8ac38a91e538c4053b01670502af45e,DUP-00045,TRANSPORTATION,Hydra,Hydra,FOLDER_NAME,UNCLASSIFIED,P1,NOT_REVIEWED,VERY_LOW,NO,,,UNKNOWN,resolution_class=VERY_LOW
AST-000930,/Users/fredrick/Documents/Vayva-Tech/vayva-polyrepo/123Design/Images & Videos,TRANSPORTATION/Hydra/Hydra-2.jpg,Hydra,TRANSPORTATION,Hydra-2.jpg,Hydra-2,.jpg,,IMAGE,106833,0.1019,400,284,100:71,LANDSCAPE,,,,,,2015-11-04T01:42:43+00:00,2015-11-04T01:42:43+00:00,2010-07-08 20:01:39 +0000,,,,da8d325339cd240db4723f5edcdaa25acc6b97d685dbc02aa8625b99578ed44a,DUP-00046,TRANSPORTATION,Hydra,Hydra,FOLDER_NAME,UNCLASSIFIED,P1,NOT_REVIEWED,VERY_LOW,NO,,,UNKNOWN,resolution_class=VERY_LOW
AST-000931,/Users/fredrick/Documents/Vayva-Tech/vayva-polyrepo/123Design/Images & Videos,TRANSPORTATION/Luxury Yacht/Luxury_Yacht-1.jpg,Luxury Yacht,TRANSPORTATION,Luxury_Yacht-1.jpg,Luxury_Yacht-1,.jpg,,IMAGE,39734,0.0379,660,274,330:137,LANDSCAPE,,,,,,2015-11-04T01:42:43+00:00,2015-11-04T01:42:43+00:00,2015-11-04 01:42:43 +0000,,,,ce512766205c9a64c45eba5a5c8a8bbe8be87bacee11e968b39aa59887e1851b,DUP-00051,TRANSPORTATION,Luxury Yacht,Luxury Yacht,FOLDER_NAME,UNCLASSIFIED,P1,NOT_REVIEWED,VERY_LOW,NO,,,UNKNOWN,resolution_class=VERY_LOW
AST-000932,/Users/fredrick/Documents/Vayva-Tech/vayva-polyrepo/123Design/Images & Videos,TRANSPORTATION/Luxury Yacht/Luxury_Yacht-2.jpg,Luxury Yacht,TRANSPORTATION,Luxury_Yacht-2.jpg,Luxury_Yacht-2,.jpg,,IMAGE,124686,0.1189,400,284,100:71,LANDSCAPE,,,,,,2015-11-04T01:42:43+00:00,2015-11-04T01:42:43+00:00,2010-07-08 20:15:44 +0000,,,,426584c3d46099516331b1a90310beca82d98c70a3cba30744ab09d00cbb31f1,DUP-00052,TRANSPORTATION,Luxury Yacht,Luxury Yacht,FOLDER_NAME,UNCLASSIFIED,P1,NOT_REVIEWED,VERY_LOW,NO,,,UNKNOWN,resolution_class=VERY_LOW
AST-000933,/Users/fredrick/Documents/Vayva-Tech/vayva-polyrepo/123Design/Images & Videos,TRANSPORTATION/Mega Yacht/Mega Yacht-1.jpg,Mega Yacht,TRANSPORTATION,Mega Yacht-1.jpg,Mega Yacht-1,.jpg,,IMAGE,92928,0.0886,400,284,100:71,LANDSCAPE,,,,,,2015-11-04T01:42:43+00:00,2015-11-04T01:42:43+00:00,2010-07-08 19:53:12 +0000,,,,1fff54423f767b146260c5ffe081f6e54449d96890fc7fae6207cac5291121c4,DUP-00062,TRANSPORTATION,Mega Yacht,Mega Yacht,FOLDER_NAME,UNCLASSIFIED,P1,NOT_REVIEWED,VERY_LOW,NO,,,UNKNOWN,resolution_class=VERY_LOW
AST-000934,/Users/fredrick/Documents/Vayva-Tech/vayva-polyrepo/123Design/Images & Videos,TRANSPORTATION/Mega Yacht/Mega Yacht-2.jpg,Mega Yacht,TRANSPORTATION,Mega Yacht-2.jpg,Mega Yacht-2,.jpg,,IMAGE,39392,0.0376,660,274,330:137,LANDSCAPE,,,,,,2015-11-04T01:42:43+00:00,2015-11-04T01:42:43+00:00,2015-11-04 01:42:43 +0000,,,,827cce193da44f4a8e400e3996cd4b27cf9eaa051ac44ea5ac6ef29c15282455,DUP-00063,TRANSPORTATION,Mega Yacht,Mega Yacht,FOLDER_NAME,UNCLASSIFIED,P1,NOT_REVIEWED,VERY_LOW,NO,,,UNKNOWN,resolution_class=VERY_LOW
AST-000935,/Users/fredrick/Documents/Vayva-Tech/vayva-polyrepo/123Design/Images & Videos,TRANSPORTATION/Super Yacht/Super_Yacht-1.jpg,Super Yacht,TRANSPORTATION,Super_Yacht-1.jpg,Super_Yacht-1,.jpg,,IMAGE,245917,0.2345,660,274,330:137,LANDSCAPE,,,,,,2015-11-04T01:42:43+00:00,2015-11-04T01:42:43+00:00,2010-07-08 20:08:54 +0000,,,,374405071acaea624cc1f768d2aaafb0baa85ab01b9dd417c4dfd60d91f55ca7,DUP-00103,TRANSPORTATION,Super Yacht,Super Yacht,FOLDER_NAME,UNCLASSIFIED,P1,NOT_REVIEWED,VERY_LOW,NO,,,UNKNOWN,resolution_class=VERY_LOW
AST-000936,/Users/fredrick/Documents/Vayva-Tech/vayva-polyrepo/123Design/Images & Videos,TRANSPORTATION/Super Yacht/Super_Yacht-2.jpg,Super Yacht,TRANSPORTATION,Super_Yacht-2.jpg,Super_Yacht-2,.jpg,,IMAGE,170441,0.1625,400,284,100:71,LANDSCAPE,,,,,,2015-11-04T01:42:43+00:00,2015-11-04T01:42:43+00:00,2010-07-08 20:08:17 +0000,,,,982105b758277e5ed4d39a8095c28107a7a61ae863a5e433032dac8ecea0e6b8,DUP-00104,TRANSPORTATION,Super Yacht,Super Yacht,FOLDER_NAME,UNCLASSIFIED,P1,NOT_REVIEWED,VERY_LOW,NO,,,UNKNOWN,resolution_class=VERY_LOW
AST-000937,/Users/fredrick/Documents/Vayva-Tech/vayva-polyrepo/123Design/Images & Videos,TRANSPORTATION/Yacht Interior/Yacht_Interior-1.jpg,Yacht Interior,TRANSPORTATION,Yacht_Interior-1.jpg,Yacht_Interior-1,.jpg,,IMAGE,149480,0.1426,660,274,330:137,LANDSCAPE,,,,,,2015-11-04T01:42:43+00:00,2015-11-04T01:42:43+00:00,2010-07-08 20:03:26 +0000,,,,36477ec9a36e6c88741d4a57dbea283d4d34ceb1253078aa231eec3b564f1657,DUP-00122,TRANSPORTATION,Yacht Interior,Yacht Interior,FOLDER_NAME,UNCLASSIFIED,P1,NOT_REVIEWED,VERY_LOW,NO,,,UNKNOWN,resolution_class=VERY_LOW
AST-000938,/Users/fredrick/Documents/Vayva-Tech/vayva-polyrepo/123Design/Images & Videos,TRANSPORTATION/Yacht Interior/Yacht_Interior-2.jpg,Yacht Interior,TRANSPORTATION,Yacht_Interior-2.jpg,Yacht_Interior-2,.jpg,,IMAGE,89705,0.0855,400,284,100:71,LANDSCAPE,,,,,,2015-11-04T01:42:43+00:00,2015-11-04T01:42:43+00:00,2010-07-08 20:04:09 +0000,,,,cbe91eef43ae16a847ddbaa7e7477d3fe9a0427528cafd930d0f0fb0052fd86b,DUP-00123,TRANSPORTATION,Yacht Interior,Yacht Interior,FOLDER_NAME,UNCLASSIFIED,P1,NOT_REVIEWED,VERY_LOW,NO,,,UNKNOWN,resolution_class=VERY_LOW
AST-000939,/Users/fredrick/Documents/Vayva-Tech/vayva-polyrepo/123Design/Images & Videos,VIDEO/1.mp4,VIDEO,,1.mp4,1,.mp4,,VIDEO,3359094,3.2035,,,,,,,,,,2025-07-07T21:50:12+00:00,2025-07-07T21:50:12+00:00,,,,,58e38dbc0005110faf1f9e97ff9cda7fdc02b349eb856b0d2b07e3d82ae233c7,,VIDEO,,,ROOT_FOLDER,UNCLASSIFIED,P2,NOT_REVIEWED,,NO,,,UNKNOWN,
AST-000940,/Users/fredrick/Documents/Vayva-Tech/vayva-polyrepo/123Design/Images & Videos,VIDEO/10.mp4,VIDEO,,10.mp4,10,.mp4,,VIDEO,1591519,1.5178,,,,,,,,,,2025-07-08T08:55:19+00:00,2025-07-08T08:55:19+00:00,,,,,84a02909ef9f79b26d45a8e917133ff982423985843c8dcd97abb94ead93e425,,VIDEO,,,ROOT_FOLDER,UNCLASSIFIED,P2,NOT_REVIEWED,,NO,,,UNKNOWN,
AST-000941,/Users/fredrick/Documents/Vayva-Tech/vayva-polyrepo/123Design/Images & Videos,VIDEO/11.mp4,VIDEO,,11.mp4,11,.mp4,,VIDEO,1128975,1.0767,,,,,,,,,,2025-07-08T09:02:37+00:00,2025-07-08T09:02:37+00:00,,,,,51ce9d60b3f22534c96648b84d8f4cee42d40880148809f9a430178e7f719125,,VIDEO,,,ROOT_FOLDER,UNCLASSIFIED,P2,NOT_REVIEWED,,NO,,,UNKNOWN,
AST-000942,/Users/fredrick/Documents/Vayva-Tech/vayva-polyrepo/123Design/Images & Videos,VIDEO/12.mp4,VIDEO,,12.mp4,12,.mp4,,VIDEO,1504444,1.4347,,,,,,,,,,2025-07-08T09:07:24+00:00,2025-07-08T09:07:24+00:00,,,,,74f6fce38d172a0c91c59fc45aaea44b46fd13d8331d9556b7104424761d7e55,,VIDEO,,,ROOT_FOLDER,UNCLASSIFIED,P2,NOT_REVIEWED,,NO,,,UNKNOWN,
AST-000943,/Users/fredrick/Documents/Vayva-Tech/vayva-polyrepo/123Design/Images & Videos,VIDEO/13.mp4,VIDEO,,13.mp4,13,.mp4,,VIDEO,1936930,1.8472,,,,,,,,,,2025-07-08T09:16:35+00:00,2025-07-08T09:16:35+00:00,,,,,af816a975576d71b5c1004e774e7ee4019e801b0c997153dc9cb3f0f8717de10,,VIDEO,,,ROOT_FOLDER,UNCLASSIFIED,P2,NOT_REVIEWED,,NO,,,UNKNOWN,
AST-000944,/Users/fredrick/Documents/Vayva-Tech/vayva-polyrepo/123Design/Images & Videos,VIDEO/14.mp4,VIDEO,,14.mp4,14,.mp4,,VIDEO,1486392,1.4175,,,,,,,,,,2025-07-08T09:38:58+00:00,2025-07-08T09:38:58+00:00,,,,,acd64588a83a7ab7926ed7e1964832ea927ac65c9aec4bb43a06759316358b33,,VIDEO,,,ROOT_FOLDER,UNCLASSIFIED,P2,NOT_REVIEWED,,NO,,,UNKNOWN,
AST-000945,/Users/fredrick/Documents/Vayva-Tech/vayva-polyrepo/123Design/Images & Videos,VIDEO/15.mp4,VIDEO,,15.mp4,15,.mp4,,VIDEO,4790778,4.5688,,,,,,,,,,2025-07-08T09:41:02+00:00,2025-07-08T09:41:02+00:00,,,,,7a75c4acf8593b0431273717aebd6b92491d30aeaee41e7202ab8ff3549354e4,,VIDEO,,,ROOT_FOLDER,UNCLASSIFIED,P2,NOT_REVIEWED,,NO,,,UNKNOWN,
AST-000946,/Users/fredrick/Documents/Vayva-Tech/vayva-polyrepo/123Design/Images & Videos,VIDEO/16.mp4,VIDEO,,16.mp4,16,.mp4,,VIDEO,925147,0.8823,,,,,,,,,,2025-07-08T13:38:55+00:00,2025-07-08T13:38:55+00:00,,,,,cdcf84e58053ae16abbe2f3eb8c08e20d2020c49fde14197a6c20751b5b16b61,,VIDEO,,,ROOT_FOLDER,UNCLASSIFIED,P2,NOT_REVIEWED,,NO,,,UNKNOWN,
AST-000947,/Users/fredrick/Documents/Vayva-Tech/vayva-polyrepo/123Design/Images & Videos,VIDEO/17.mp4,VIDEO,,17.mp4,17,.mp4,,VIDEO,403967,0.3853,,,,,,,,,,2025-07-08T13:42:58+00:00,2025-07-08T13:42:58+00:00,,,,,db541ad9572147a71404c6fdc4db05dd1a95af48f3500e538e7a22c27339573c,,VIDEO,,,ROOT_FOLDER,UNCLASSIFIED,P2,NOT_REVIEWED,,NO,,,UNKNOWN,
AST-000948,/Users/fredrick/Documents/Vayva-Tech/vayva-polyrepo/123Design/Images & Videos,VIDEO/18.mp4,VIDEO,,18.mp4,18,.mp4,,VIDEO,978490,0.9332,,,,,,,,,,2025-07-08T13:43:23+00:00,2025-07-08T13:43:23+00:00,,,,,54c0124da49cb53152daf3eaeb4292ad71da80e85d1fa4ccd0ccfce579e5f0d2,,VIDEO,,,ROOT_FOLDER,UNCLASSIFIED,P2,NOT_REVIEWED,,NO,,,UNKNOWN,
AST-000949,/Users/fredrick/Documents/Vayva-Tech/vayva-polyrepo/123Design/Images & Videos,VIDEO/19.mp4,VIDEO,,19.mp4,19,.mp4,,VIDEO,1844719,1.7593,,,,,,,,,,2025-07-08T13:45:19+00:00,2025-07-08T13:45:19+00:00,,,,,6a00bc8a123e380c090c707910dff1f3860ace451c7c4def9cc9fd5b0e3f18c9,,VIDEO,,,ROOT_FOLDER,UNCLASSIFIED,P2,NOT_REVIEWED,,NO,,,UNKNOWN,
AST-000950,/Users/fredrick/Documents/Vayva-Tech/vayva-polyrepo/123Design/Images & Videos,VIDEO/2.mp4,VIDEO,,2.mp4,2,.mp4,,VIDEO,3405640,3.2479,,,,,,,,,,2025-07-08T06:43:50+00:00,2025-07-08T06:43:50+00:00,,,,,decd0bd23d1e4597360dedbe2102f86b77c8caa7d91dc3feb18dbb1009910a61,,VIDEO,,,ROOT_FOLDER,UNCLASSIFIED,P2,NOT_REVIEWED,,NO,,,UNKNOWN,
AST-000951,/Users/fredrick/Documents/Vayva-Tech/vayva-polyrepo/123Design/Images & Videos,VIDEO/20.mp4,VIDEO,,20.mp4,20,.mp4,,VIDEO,1926419,1.8372,,,,,,,,,,2025-07-08T13:50:58+00:00,2025-07-08T13:50:58+00:00,,,,,713117d2520a9e7b09802c90a683012729f0033ea110b87956fabee42660a74d,,VIDEO,,,ROOT_FOLDER,UNCLASSIFIED,P2,NOT_REVIEWED,,NO,,,UNKNOWN,
AST-000952,/Users/fredrick/Documents/Vayva-Tech/vayva-polyrepo/123Design/Images & Videos,VIDEO/21.mp4,VIDEO,,21.mp4,21,.mp4,,VIDEO,2186540,2.0852,,,,,,,,,,2025-07-08T13:52:10+00:00,2025-07-08T13:52:10+00:00,,,,,3dc31466270115a31895699849df0a0c6d2734ed32199822aa0501de301ea80c,,VIDEO,,,ROOT_FOLDER,UNCLASSIFIED,P2,NOT_REVIEWED,,NO,,,UNKNOWN,
AST-000953,/Users/fredrick/Documents/Vayva-Tech/vayva-polyrepo/123Design/Images & Videos,VIDEO/22.mp4,VIDEO,,22.mp4,22,.mp4,,VIDEO,3191827,3.044,,,,,,,,,,2025-07-08T13:58:06+00:00,2025-07-08T13:58:06+00:00,,,,,df523ad39e67aec3bf2c05408e18f9cfad7565f19f3f008a6f181c6dd912216b,,VIDEO,,,ROOT_FOLDER,UNCLASSIFIED,P2,NOT_REVIEWED,,NO,,,UNKNOWN,
AST-000954,/Users/fredrick/Documents/Vayva-Tech/vayva-polyrepo/123Design/Images & Videos,VIDEO/23.mp4,VIDEO,,23.mp4,23,.mp4,,VIDEO,2734091,2.6074,,,,,,,,,,2025-07-08T14:03:50+00:00,2025-07-08T14:03:50+00:00,,,,,f0b7be595a6338cc5f815b2506946488e111ae5c004ecfa1e84ac8657e2ef070,,VIDEO,,,ROOT_FOLDER,UNCLASSIFIED,P2,NOT_REVIEWED,,NO,,,UNKNOWN,
AST-000955,/Users/fredrick/Documents/Vayva-Tech/vayva-polyrepo/123Design/Images & Videos,VIDEO/24.mp4,VIDEO,,24.mp4,24,.mp4,,VIDEO,2824621,2.6938,,,,,,,,,,2025-07-08T14:05:33+00:00,2025-07-08T14:05:33+00:00,,,,,e98add0a736340811658820c36e79ae8dac9dcee2ea87d766526650ed7ce19d8,,VIDEO,,,ROOT_FOLDER,UNCLASSIFIED,P2,NOT_REVIEWED,,NO,,,UNKNOWN,
AST-000956,/Users/fredrick/Documents/Vayva-Tech/vayva-polyrepo/123Design/Images & Videos,VIDEO/25.mp4,VIDEO,,25.mp4,25,.mp4,,VIDEO,5051454,4.8174,,,,,,,,,,2025-07-08T14:12:38+00:00,2025-07-08T14:12:38+00:00,,,,,dba659a75386cc359251bbc221db11976457961bca2261ca61df4fb91ca0ce63,,VIDEO,,,ROOT_FOLDER,UNCLASSIFIED,P2,NOT_REVIEWED,,NO,,,UNKNOWN,
AST-000957,/Users/fredrick/Documents/Vayva-Tech/vayva-polyrepo/123Design/Images & Videos,VIDEO/26.mp4,VIDEO,,26.mp4,26,.mp4,,VIDEO,1254957,1.1968,,,,,,,,,,2025-07-08T14:14:55+00:00,2025-07-08T14:14:55+00:00,,,,,ba93ddd97ee7e14bffabde8a3fc3a1d1e27ca6780f98f45305653f860eef7b2a,,VIDEO,,,ROOT_FOLDER,UNCLASSIFIED,P2,NOT_REVIEWED,,NO,,,UNKNOWN,
AST-000958,/Users/fredrick/Documents/Vayva-Tech/vayva-polyrepo/123Design/Images & Videos,VIDEO/27.mp4,VIDEO,,27.mp4,27,.mp4,,VIDEO,2189345,2.0879,,,,,,,,,,2025-07-08T14:26:00+00:00,2025-07-08T14:26:00+00:00,,,,,2f0ad6646a8200282252cbc5ddc1380f67610b47dece58ca3c2fd51688ac8b6e,,VIDEO,,,ROOT_FOLDER,UNCLASSIFIED,P2,NOT_REVIEWED,,NO,,,UNKNOWN,
AST-000959,/Users/fredrick/Documents/Vayva-Tech/vayva-polyrepo/123Design/Images & Videos,VIDEO/28.mp4,VIDEO,,28.mp4,28,.mp4,,VIDEO,26165067,24.953,,,,,,,,,,2025-07-08T14:51:27+00:00,2025-07-08T14:51:27+00:00,,,,,d6080e46aadea3fba51ddffa70b3c430cf5359321e4ff6ace112b77c47f5547f,,VIDEO,,,ROOT_FOLDER,UNCLASSIFIED,P2,NOT_REVIEWED,,NO,,,UNKNOWN,
AST-000960,/Users/fredrick/Documents/Vayva-Tech/vayva-polyrepo/123Design/Images & Videos,VIDEO/28a.mp4,VIDEO,,28a.mp4,28a,.mp4,,VIDEO,26746593,25.5075,,,,,,,,,,2025-07-08T14:58:57+00:00,2025-07-08T14:58:57+00:00,,,,,9f693d25e335f8f86236244f3418c5ade0804623e6f62d007c9b6c0abe3009e1,,VIDEO,,,ROOT_FOLDER,UNCLASSIFIED,P2,NOT_REVIEWED,,NO,,,UNKNOWN,
AST-000961,/Users/fredrick/Documents/Vayva-Tech/vayva-polyrepo/123Design/Images & Videos,VIDEO/29.mp4,VIDEO,,29.mp4,29,.mp4,,VIDEO,9158036,8.7338,,,,,,,,,,2025-07-08T15:03:03+00:00,2025-07-08T15:03:03+00:00,,,,,7561935703354c78775b4f1a6c7e808c6d2009ed017326563d5feb48acd29f2a,,VIDEO,,,ROOT_FOLDER,UNCLASSIFIED,P2,NOT_REVIEWED,,NO,,,UNKNOWN,
AST-000962,/Users/fredrick/Documents/Vayva-Tech/vayva-polyrepo/123Design/Images & Videos,VIDEO/3.mp4,VIDEO,,3.mp4,3,.mp4,,VIDEO,5234362,4.9919,,,,,,,,,,2025-07-08T06:55:28+00:00,2025-07-08T06:55:28+00:00,,,,,f57f6761c2b444554f6230726ac94f337f2e5eaecc30f450409dfafcf5a29736,,VIDEO,,,ROOT_FOLDER,UNCLASSIFIED,P2,NOT_REVIEWED,,NO,,,UNKNOWN,
AST-000963,/Users/fredrick/Documents/Vayva-Tech/vayva-polyrepo/123Design/Images & Videos,VIDEO/30.mp4,VIDEO,,30.mp4,30,.mp4,,VIDEO,3453458,3.2935,,,,,,,,,,2025-07-08T15:07:35+00:00,2025-07-08T15:07:35+00:00,,,,,d15c72a63c0ad0e0140ad874a818b17b4c75ded02960066abaec5f1b67900c8d,,VIDEO,,,ROOT_FOLDER,UNCLASSIFIED,P2,NOT_REVIEWED,,NO,,,UNKNOWN,
AST-000964,/Users/fredrick/Documents/Vayva-Tech/vayva-polyrepo/123Design/Images & Videos,VIDEO/31.mp4,VIDEO,,31.mp4,31,.mp4,,VIDEO,4560318,4.3491,,,,,,,,,,2025-07-08T15:07:57+00:00,2025-07-08T15:07:57+00:00,,,,,821f99ea79db1f5ac284cd4f439220e19da8041cef80d569267b0f06048e4a18,,VIDEO,,,ROOT_FOLDER,UNCLASSIFIED,P2,NOT_REVIEWED,,NO,,,UNKNOWN,
AST-000965,/Users/fredrick/Documents/Vayva-Tech/vayva-polyrepo/123Design/Images & Videos,VIDEO/32.mp4,VIDEO,,32.mp4,32,.mp4,,VIDEO,7692770,7.3364,,,,,,,,,,2025-07-08T15:08:46+00:00,2025-07-08T15:08:46+00:00,,,,,1fce0247a8113d12e5b85a23361943f68c1e80f02146fc2454111bfea43710f3,,VIDEO,,,ROOT_FOLDER,UNCLASSIFIED,P2,NOT_REVIEWED,,NO,,,UNKNOWN,
AST-000966,/Users/fredrick/Documents/Vayva-Tech/vayva-polyrepo/123Design/Images & Videos,VIDEO/33.mp4,VIDEO,,33.mp4,33,.mp4,,VIDEO,9758859,9.3068,,,,,,,,,,2025-07-08T15:09:43+00:00,2025-07-08T15:09:43+00:00,,,,,2e3105ee7fdc447a78d603af8f9eadfeaaff7cf99ee4624891e94c481800c515,,VIDEO,,,ROOT_FOLDER,UNCLASSIFIED,P2,NOT_REVIEWED,,NO,,,UNKNOWN,
AST-000967,/Users/fredrick/Documents/Vayva-Tech/vayva-polyrepo/123Design/Images & Videos,VIDEO/34.mp4,VIDEO,,34.mp4,34,.mp4,,VIDEO,6388819,6.0929,,,,,,,,,,2025-07-08T15:10:09+00:00,2025-07-08T15:10:09+00:00,,,,,16fc968c7ca0742a0b43fdb10e3c22a90f445800435fef1b9e79cb4f5b268c37,,VIDEO,,,ROOT_FOLDER,UNCLASSIFIED,P2,NOT_REVIEWED,,NO,,,UNKNOWN,
AST-000968,/Users/fredrick/Documents/Vayva-Tech/vayva-polyrepo/123Design/Images & Videos,VIDEO/35.mp4,VIDEO,,35.mp4,35,.mp4,,VIDEO,4701147,4.4834,,,,,,,,,,2025-07-08T15:10:34+00:00,2025-07-08T15:10:34+00:00,,,,,9839577b76f708c132c3c680f048944b63fe9d0ff1b25a9f25b62313ff085489,,VIDEO,,,ROOT_FOLDER,UNCLASSIFIED,P2,NOT_REVIEWED,,NO,,,UNKNOWN,
AST-000969,/Users/fredrick/Documents/Vayva-Tech/vayva-polyrepo/123Design/Images & Videos,VIDEO/36.mp4,VIDEO,,36.mp4,36,.mp4,,VIDEO,5792115,5.5238,,,,,,,,,,2025-07-08T15:11:22+00:00,2025-07-08T15:11:22+00:00,,,,,2f9704e1ef639c5aba6c0b46309abe5e6ee20c96abade3eab3883fb1fe69d201,,VIDEO,,,ROOT_FOLDER,UNCLASSIFIED,P2,NOT_REVIEWED,,NO,,,UNKNOWN,
AST-000970,/Users/fredrick/Documents/Vayva-Tech/vayva-polyrepo/123Design/Images & Videos,VIDEO/37.mp4,VIDEO,,37.mp4,37,.mp4,,VIDEO,3776454,3.6015,,,,,,,,,,2025-07-08T15:11:56+00:00,2025-07-08T15:11:56+00:00,,,,,80d026a378e062aceaea38b18da15a9ba71e89ecda0e3241be64ce43886052e9,,VIDEO,,,ROOT_FOLDER,UNCLASSIFIED,P2,NOT_REVIEWED,,NO,,,UNKNOWN,
AST-000971,/Users/fredrick/Documents/Vayva-Tech/vayva-polyrepo/123Design/Images & Videos,VIDEO/38.mp4,VIDEO,,38.mp4,38,.mp4,,VIDEO,18650449,17.7865,,,,,,,,,,2025-07-08T15:12:34+00:00,2025-07-08T15:12:34+00:00,,,,,9c6ece697019926cf97c2f27992777a583a3e2e8261ef9b59158df4f8b52be26,,VIDEO,,,ROOT_FOLDER,UNCLASSIFIED,P2,NOT_REVIEWED,,NO,,,UNKNOWN,
AST-000972,/Users/fredrick/Documents/Vayva-Tech/vayva-polyrepo/123Design/Images & Videos,VIDEO/39.mp4,VIDEO,,39.mp4,39,.mp4,,VIDEO,2304164,2.1974,,,,,,,,,,2025-07-08T17:41:42+00:00,2025-07-08T17:41:42+00:00,,,,,61c1833dab3846cd2603ae4fab9d92f37054391ca7f667943713e08a1a4f474c,,VIDEO,,,ROOT_FOLDER,UNCLASSIFIED,P2,NOT_REVIEWED,,NO,,,UNKNOWN,
AST-000973,/Users/fredrick/Documents/Vayva-Tech/vayva-polyrepo/123Design/Images & Videos,VIDEO/4.mp4,VIDEO,,4.mp4,4,.mp4,,VIDEO,3585090,3.419,,,,,,,,,,2025-07-08T07:00:35+00:00,2025-07-08T07:00:35+00:00,,,,,070ce1b4245003af82065993a57e49efd1bdd60327a37a455ddc2f7f19061e8d,,VIDEO,,,ROOT_FOLDER,UNCLASSIFIED,P2,NOT_REVIEWED,,NO,,,UNKNOWN,
AST-000974,/Users/fredrick/Documents/Vayva-Tech/vayva-polyrepo/123Design/Images & Videos,VIDEO/40.mp4,VIDEO,,40.mp4,40,.mp4,,VIDEO,1023920,0.9765,,,,,,,,,,2025-07-08T18:17:56+00:00,2025-07-08T18:17:56+00:00,,,,,17620269b26e0c59d75115fa5bc33171697eb7baca28a20bda2fe7c177315351,,VIDEO,,,ROOT_FOLDER,UNCLASSIFIED,P2,NOT_REVIEWED,,NO,,,UNKNOWN,
AST-000975,/Users/fredrick/Documents/Vayva-Tech/vayva-polyrepo/123Design/Images & Videos,VIDEO/41.mp4,VIDEO,,41.mp4,41,.mp4,,VIDEO,2225971,2.1229,,,,,,,,,,2025-07-08T18:23:34+00:00,2025-07-08T18:23:34+00:00,,,,,662d394b198398763a991741b02f29c4e7e678c8d815a0c2bec3bb1ab114fbba,,VIDEO,,,ROOT_FOLDER,UNCLASSIFIED,P2,NOT_REVIEWED,,NO,,,UNKNOWN,
AST-000976,/Users/fredrick/Documents/Vayva-Tech/vayva-polyrepo/123Design/Images & Videos,VIDEO/42.mp4,VIDEO,,42.mp4,42,.mp4,,VIDEO,11694803,11.153,,,,,,,,,,2025-07-08T18:31:07+00:00,2025-07-08T18:31:07+00:00,,,,,41f68bf1a310c96e6f02fc77cab84e70ba8acef88d9ae4c3350b80a7da6f5fd5,DUP-00358,VIDEO,,,ROOT_FOLDER,UNCLASSIFIED,P2,NOT_REVIEWED,,NO,,,UNKNOWN,
AST-000977,/Users/fredrick/Documents/Vayva-Tech/vayva-polyrepo/123Design/Images & Videos,VIDEO/42A.mp4,VIDEO,,42A.mp4,42A,.mp4,,VIDEO,11694803,11.153,,,,,,,,,,2025-07-08T19:03:13+00:00,2025-07-08T19:03:13+00:00,,,,,41f68bf1a310c96e6f02fc77cab84e70ba8acef88d9ae4c3350b80a7da6f5fd5,DUP-00358,VIDEO,,,ROOT_FOLDER,UNCLASSIFIED,P2,NOT_REVIEWED,,NO,,,UNKNOWN,
AST-000978,/Users/fredrick/Documents/Vayva-Tech/vayva-polyrepo/123Design/Images & Videos,VIDEO/43.mp4,VIDEO,,43.mp4,43,.mp4,,VIDEO,6959259,6.6369,,,,,,,,,,2025-07-23T18:36:05+00:00,2025-07-23T18:36:05+00:00,,,,,ccc2c79f110789a9ebb40b5a4db90e72d301facc16ee038832fe0266a74fc2bb,,VIDEO,,,ROOT_FOLDER,UNCLASSIFIED,P2,NOT_REVIEWED,,NO,,,UNKNOWN,
AST-000979,/Users/fredrick/Documents/Vayva-Tech/vayva-polyrepo/123Design/Images & Videos,VIDEO/5.mp4,VIDEO,,5.mp4,5,.mp4,,VIDEO,3237871,3.0879,,,,,,,,,,2025-07-08T07:21:29+00:00,2025-07-08T07:21:29+00:00,,,,,c46504b1dcc15fb920e5b55b3a01d727e60df7d5ef9438b3c984390b13f3e9f2,,VIDEO,,,ROOT_FOLDER,UNCLASSIFIED,P2,NOT_REVIEWED,,NO,,,UNKNOWN,
AST-000980,/Users/fredrick/Documents/Vayva-Tech/vayva-polyrepo/123Design/Images & Videos,VIDEO/6.mp4,VIDEO,,6.mp4,6,.mp4,,VIDEO,5552422,5.2952,,,,,,,,,,2025-07-08T07:44:15+00:00,2025-07-08T07:44:15+00:00,,,,,d9bcd22dd14aa74107f244c0e74cef54dda460c57583a83c50ff4155cbb84402,,VIDEO,,,ROOT_FOLDER,UNCLASSIFIED,P2,NOT_REVIEWED,,NO,,,UNKNOWN,
AST-000981,/Users/fredrick/Documents/Vayva-Tech/vayva-polyrepo/123Design/Images & Videos,VIDEO/7.mp4,VIDEO,,7.mp4,7,.mp4,,VIDEO,3571228,3.4058,,,,,,,,,,2025-07-08T08:23:21+00:00,2025-07-08T08:23:21+00:00,,,,,90ae9b7690640aff7fec0d63ea68628263bc6f3cc6a48ef4cb0e2f208551ab05,,VIDEO,,,ROOT_FOLDER,UNCLASSIFIED,P2,NOT_REVIEWED,,NO,,,UNKNOWN,
AST-000982,/Users/fredrick/Documents/Vayva-Tech/vayva-polyrepo/123Design/Images & Videos,VIDEO/8.mp4,VIDEO,,8.mp4,8,.mp4,,VIDEO,1610133,1.5355,,,,,,,,,,2025-07-08T08:49:12+00:00,2025-07-08T08:49:12+00:00,,,,,73fd8542fd0bddd71e88f15204790465f223a201cd2008982d6515675e3b2286,,VIDEO,,,ROOT_FOLDER,UNCLASSIFIED,P2,NOT_REVIEWED,,NO,,,UNKNOWN,
AST-000983,/Users/fredrick/Documents/Vayva-Tech/vayva-polyrepo/123Design/Images & Videos,VIDEO/9.mp4,VIDEO,,9.mp4,9,.mp4,,VIDEO,4378251,4.1754,,,,,,,,,,2025-07-08T08:54:02+00:00,2025-07-08T08:54:02+00:00,,,,,abf90814b8b5451f0b9935771a771b3d690f6f652b123c1a15b819e53b66038f,,VIDEO,,,ROOT_FOLDER,UNCLASSIFIED,P2,NOT_REVIEWED,,NO,,,UNKNOWN,
AST-000984,/Users/fredrick/Documents/Vayva-Tech/vayva-polyrepo/123Design/Images & Videos,WEB DESIGN/GKV Law Firm/GKV Law Firm 2.jpg,GKV Law Firm,WEB DESIGN,GKV Law Firm 2.jpg,GKV Law Firm 2,.jpg,,IMAGE,124931,0.1191,400,338,200:169,LANDSCAPE,,,,,,2015-11-04T01:42:43+00:00,2015-11-04T01:42:43+00:00,2010-07-21 15:42:37 +0000,,,,6ba2420ad4b8a92c65e4f5c0f930d515e13e0ed38b31575fb712344b746d3cb3,DUP-00033,WEB DESIGN,GKV Law Firm,GKV Law Firm,FOLDER_NAME,UNCLASSIFIED,P1,NOT_REVIEWED,VERY_LOW,NO,,,UNKNOWN,resolution_class=VERY_LOW
AST-000985,/Users/fredrick/Documents/Vayva-Tech/vayva-polyrepo/123Design/Images & Videos,WEB DESIGN/GKV Law Firm/GKVLawFirm.jpg,GKV Law Firm,WEB DESIGN,GKVLawFirm.jpg,GKVLawFirm,.jpg,,IMAGE,97858,0.0933,660,274,330:137,LANDSCAPE,,,,,,2015-11-04T01:42:43+00:00,2015-11-04T01:42:43+00:00,2010-07-08 21:13:46 +0000,,,,2a97ab9e5f76c83b7d59fb8638a114ce3bb28f3e1acb2b088d5a5bfa2f5f1a28,DUP-00034,WEB DESIGN,GKV Law Firm,GKV Law Firm,FOLDER_NAME,UNCLASSIFIED,P1,NOT_REVIEWED,VERY_LOW,NO,,,UNKNOWN,resolution_class=VERY_LOW
AST-000986,/Users/fredrick/Documents/Vayva-Tech/vayva-polyrepo/123Design/Images & Videos,WEB DESIGN/MBA Air/MBA Air 2.jpg,MBA Air,WEB DESIGN,MBA Air 2.jpg,MBA Air 2,.jpg,,IMAGE,157165,0.1499,400,323,400:323,LANDSCAPE,,,,,,2015-11-04T01:42:43+00:00,2015-11-04T01:42:43+00:00,2010-07-21 15:41:29 +0000,,,,cd7b9fcbc0f6f6645fa2d31ae81264556d6c7399b3e0af45bca81a96899650b0,DUP-00053,WEB DESIGN,MBA Air,MBA Air,FOLDER_NAME,UNCLASSIFIED,P1,NOT_REVIEWED,VERY_LOW,NO,,,UNKNOWN,resolution_class=VERY_LOW
AST-000987,/Users/fredrick/Documents/Vayva-Tech/vayva-polyrepo/123Design/Images & Videos,WEB DESIGN/MBA Air/MBA_Air.jpg,MBA Air,WEB DESIGN,MBA_Air.jpg,MBA_Air,.jpg,,IMAGE,97413,0.0929,660,274,330:137,LANDSCAPE,,,,,,2015-11-04T01:42:43+00:00,2015-11-04T01:42:43+00:00,2010-07-08 21:11:22 +0000,,,,8007d782df17ff84d8eef426bc8585151604687d34707127fcb32e2d3a8bba3b,DUP-00054,WEB DESIGN,MBA Air,MBA Air,FOLDER_NAME,UNCLASSIFIED,P1,NOT_REVIEWED,VERY_LOW,NO,,,UNKNOWN,resolution_class=VERY_LOW
AST-000988,/Users/fredrick/Documents/Vayva-Tech/vayva-polyrepo/123Design/Images & Videos,WEB DESIGN/Suna Salon/Suna Salon 2.jpg,Suna Salon,WEB DESIGN,Suna Salon 2.jpg,Suna Salon 2,.jpg,,IMAGE,119304,0.1138,400,321,400:321,LANDSCAPE,,,,,,2015-11-04T01:42:43+00:00,2015-11-04T01:42:43+00:00,2010-07-21 15:44:29 +0000,,,,299eba391ffb26c097c95f103c6ff0027a05a69074c7f9c1464b54e6fee8d9d9,DUP-00101,WEB DESIGN,Suna Salon,Suna Salon,FOLDER_NAME,UNCLASSIFIED,P1,NOT_REVIEWED,VERY_LOW,NO,,,UNKNOWN,resolution_class=VERY_LOW
AST-000989,/Users/fredrick/Documents/Vayva-Tech/vayva-polyrepo/123Design/Images & Videos,WEB DESIGN/Suna Salon/SunaSalon.jpg,Suna Salon,WEB DESIGN,SunaSalon.jpg,SunaSalon,.jpg,,IMAGE,106322,0.1014,660,274,330:137,LANDSCAPE,,,,,,2015-11-04T01:42:43+00:00,2015-11-04T01:42:43+00:00,2010-07-08 21:17:52 +0000,,,,7109e0261431f6c63bff6b0ea85c463ae910b6a647ef1dcecbb6a4c9548c30b2,DUP-00102,WEB DESIGN,Suna Salon,Suna Salon,FOLDER_NAME,UNCLASSIFIED,P1,NOT_REVIEWED,VERY_LOW,NO,,,UNKNOWN,resolution_class=VERY_LOW
AST-000990,/Users/fredrick/Documents/Vayva-Tech/vayva-polyrepo/123Design/Images & Videos,WEB DESIGN/Tutor My Kid/Tutor My Kid 2.jpg,Tutor My Kid,WEB DESIGN,Tutor My Kid 2.jpg,Tutor My Kid 2,.jpg,,IMAGE,126701,0.1208,400,322,200:161,LANDSCAPE,,,,,,2015-11-04T01:42:43+00:00,2015-11-04T01:42:43+00:00,2010-07-21 15:45:10 +0000,,,,b229252c10ea0a2312f0c850d3b71d6d3d037d8a70463d92ced19293800f75e7,DUP-00115,WEB DESIGN,Tutor My Kid,Tutor My Kid,FOLDER_NAME,UNCLASSIFIED,P1,NOT_REVIEWED,VERY_LOW,NO,,,UNKNOWN,resolution_class=VERY_LOW
AST-000991,/Users/fredrick/Documents/Vayva-Tech/vayva-polyrepo/123Design/Images & Videos,WEB DESIGN/Tutor My Kid/tmk.jpg,Tutor My Kid,WEB DESIGN,tmk.jpg,tmk,.jpg,,IMAGE,124597,0.1188,660,274,330:137,LANDSCAPE,,,,,,2015-11-04T01:42:43+00:00,2015-11-04T01:42:43+00:00,2010-07-08 21:19:22 +0000,,,,cf4032ef16fddb3425fe5d557cecd7a1fe406db6830cb59831696d425595c695,DUP-00258,WEB DESIGN,Tutor My Kid,Tutor My Kid,FOLDER_NAME,UNCLASSIFIED,P1,NOT_REVIEWED,VERY_LOW,NO,,,UNKNOWN,resolution_class=VERY_LOW
AST-000992,/Users/fredrick/Documents/Vayva-Tech/vayva-polyrepo/123Design/Images & Videos,WEB DESIGN/Your Lucky Eye/Your Lucky Eye 2.jpg,Your Lucky Eye,WEB DESIGN,Your Lucky Eye 2.jpg,Your Lucky Eye 2,.jpg,,IMAGE,124228,0.1185,400,338,200:169,LANDSCAPE,,,,,,2015-11-04T01:42:43+00:00,2015-11-04T01:42:43+00:00,2010-07-21 15:43:27 +0000,,,,f0d52bb66ca5f22056f677716f932fb67d34b9f30a2092b5806a9c92ebe42309,DUP-00124,WEB DESIGN,Your Lucky Eye,Your Lucky Eye,FOLDER_NAME,UNCLASSIFIED,P1,NOT_REVIEWED,VERY_LOW,NO,,,UNKNOWN,resolution_class=VERY_LOW
AST-000993,/Users/fredrick/Documents/Vayva-Tech/vayva-polyrepo/123Design/Images & Videos,WEB DESIGN/Your Lucky Eye/your_lucky_eye.jpg,Your Lucky Eye,WEB DESIGN,your_lucky_eye.jpg,your_lucky_eye,.jpg,,IMAGE,99020,0.0944,660,274,330:137,LANDSCAPE,,,,,,2015-11-04T01:42:43+00:00,2015-11-04T01:42:43+00:00,2010-07-08 21:14:54 +0000,,,,571b4436ea8cbca9c3de17374643650ebb42d29505de4c41a908ac97bfda3e02,DUP-00266,WEB DESIGN,Your Lucky Eye,Your Lucky Eye,FOLDER_NAME,UNCLASSIFIED,P1,NOT_REVIEWED,VERY_LOW,NO,,,UNKNOWN,resolution_class=VERY_LOW
