asset_id,local_project_id,curation_class,visual_asset_type,quality_tier,website_readiness,website_placement,is_canonical_copy,is_stock_photo,duplicate_group,source_category,source_folder,filename,media_class,resolution_class,width,height,size_bytes,notes
AST-000001,PRJ-LOCAL-0901,ARCHIVE,UNKNOWN,TIER_4,NOT_USABLE,archive,NO,NO,DUP-00001,ALL,ALL,5717newpoohsmall.jpg,IMAGE,VERY_LOW,640,525,44182,Archive catch-all — needs manual review
AST-000002,PRJ-LOCAL-0901,ARCHIVE,UNKNOWN,TIER_4,NOT_USABLE,archive,NO,NO,DUP-00002,ALL,ALL,ArmoredVehicleCamera-1.jpg,IMAGE,VERY_LOW,660,274,48130,Archive catch-all — needs manual review
AST-000003,PRJ-LOCAL-0901,ARCHIVE,UNKNOWN,TIER_4,NOT_USABLE,archive,NO,NO,DUP-00003,ALL,ALL,ArmoredVehicleCamera-2.jpg,IMAGE,VERY_LOW,400,284,26200,Archive catch-all — needs manual review
AST-000004,PRJ-LOCAL-0901,ARCHIVE,UNKNOWN,TIER_4,NOT_USABLE,archive,NO,NO,DUP-00004,ALL,ALL,Binoculars-1.jpg,IMAGE,VERY_LOW,660,274,19627,Archive catch-all — needs manual review
AST-000005,PRJ-LOCAL-0901,ARCHIVE,UNKNOWN,TIER_4,NOT_USABLE,archive,NO,NO,DUP-00005,ALL,ALL,Binoculars-2.jpg,IMAGE,VERY_LOW,400,284,41431,Archive catch-all — needs manual review
AST-000006,PRJ-LOCAL-0901,ARCHIVE,UNKNOWN,TIER_4,NOT_USABLE,archive,NO,NO,DUP-00006,ALL,ALL,Bomb_Squad_Robot-1.jpg,IMAGE,VERY_LOW,660,274,19081,Archive catch-all — needs manual review
AST-000007,PRJ-LOCAL-0901,ARCHIVE,UNKNOWN,TIER_4,NOT_USABLE,archive,NO,NO,DUP-00007,ALL,ALL,Bomb_Squad_Robot-2.jpg,IMAGE,VERY_LOW,400,284,29628,Archive catch-all — needs manual review
AST-000008,PRJ-LOCAL-0901,ARCHIVE,UNKNOWN,TIER_4,NOT_USABLE,archive,NO,NO,DUP-00008,ALL,ALL,Business_phone-1.jpg,IMAGE,VERY_LOW,660,310,72622,Archive catch-all — needs manual review
AST-000009,PRJ-LOCAL-0901,ARCHIVE,UNKNOWN,TIER_4,NOT_USABLE,archive,NO,NO,DUP-00009,ALL,ALL,Camcorder-1.jpg,IMAGE,VERY_LOW,660,369,22887,Archive catch-all — needs manual review
AST-000010,PRJ-LOCAL-0901,ARCHIVE,UNKNOWN,TIER_4,NOT_USABLE,archive,NO,NO,DUP-00010,ALL,ALL,Camcorder-2.jpg,IMAGE,VERY_LOW,400,284,22444,Archive catch-all — needs manual review
AST-000011,PRJ-LOCAL-0901,ARCHIVE,UNKNOWN,TIER_4,NOT_USABLE,archive,NO,NO,DUP-00011,ALL,ALL,Catamaran-1.jpg,IMAGE,VERY_LOW,660,274,172442,Archive catch-all — needs manual review
AST-000012,PRJ-LOCAL-0901,ARCHIVE,UNKNOWN,TIER_4,NOT_USABLE,archive,NO,NO,DUP-00012,ALL,ALL,Catamaran-2.jpg,IMAGE,VERY_LOW,400,284,32395,Archive catch-all — needs manual review
AST-000013,PRJ-LOCAL-0901,ARCHIVE,UNKNOWN,TIER_4,NOT_USABLE,archive,NO,NO,DUP-00013,ALL,ALL,Charlotte  photos 11-20-09 084 (2).jpg,IMAGE,VERY_LOW,800,600,66502,Archive catch-all — needs manual review
AST-000014,PRJ-LOCAL-0901,ARCHIVE,UNKNOWN,TIER_4,NOT_USABLE,archive,NO,NO,DUP-00014,ALL,ALL,Charlotte  photos 11-20-09 087 (2).jpg,IMAGE,VERY_LOW,800,600,61145,Archive catch-all — needs manual review
AST-000015,PRJ-LOCAL-0901,ARCHIVE,UNKNOWN,TIER_4,NOT_USABLE,archive,NO,NO,DUP-00015,ALL,ALL,Charlotte  photos 11-20-09 092 (2).jpg,IMAGE,VERY_LOW,800,600,47226,Archive catch-all — needs manual review
AST-000016,PRJ-LOCAL-0901,ARCHIVE,UNKNOWN,TIER_4,NOT_USABLE,archive,NO,NO,DUP-00016,ALL,ALL,Cleanser-1.jpg,IMAGE,VERY_LOW,660,274,64706,Archive catch-all — needs manual review
AST-000017,PRJ-LOCAL-0901,ARCHIVE,UNKNOWN,TIER_4,NOT_USABLE,archive,NO,NO,DUP-00017,ALL,ALL,Cleanser-2.jpg,IMAGE,VERY_LOW,400,284,77971,Archive catch-all — needs manual review
AST-000018,PRJ-LOCAL-0901,ARCHIVE,UNKNOWN,TIER_4,NOT_USABLE,archive,NO,NO,DUP-00018,ALL,ALL,Commercia_img.jpg,IMAGE,VERY_LOW,660,369,13320,Archive catch-all — needs manual review
AST-000019,PRJ-LOCAL-0901,ARCHIVE,UNKNOWN,TIER_4,NOT_USABLE,archive,NO,NO,DUP-00019,ALL,ALL,Communication_main_2.jpg,IMAGE,VERY_LOW,400,284,47272,Archive catch-all — needs manual review
AST-000020,PRJ-LOCAL-0901,ARCHIVE,UNKNOWN,TIER_4,NOT_USABLE,archive,NO,NO,DUP-00020,ALL,ALL,Communication_main_img.jpg,IMAGE,VERY_LOW,660,369,84233,Archive catch-all — needs manual review
AST-000021,PRJ-LOCAL-0901,ARCHIVE,UNKNOWN,TIER_4,NOT_USABLE,archive,NO,NO,DUP-00021,ALL,ALL,DSC02427.JPG,IMAGE,VERY_LOW,640,480,144835,Archive catch-all — needs manual review
AST-000022,PRJ-LOCAL-0901,ARCHIVE,UNKNOWN,TIER_4,NOT_USABLE,archive,NO,NO,DUP-00022,ALL,ALL,DVD Player.jpg,IMAGE,VERY_LOW,660,443,129884,Archive catch-all — needs manual review
AST-000023,PRJ-LOCAL-0901,ARCHIVE,UNKNOWN,TIER_4,NOT_USABLE,archive,NO,NO,DUP-00023,ALL,ALL,DVD Player_2.jpg,IMAGE,VERY_LOW,400,314,56699,Archive catch-all — needs manual review
AST-000024,PRJ-LOCAL-0901,ARCHIVE,UNKNOWN,TIER_4,NOT_USABLE,archive,NO,NO,DUP-00024,ALL,ALL,Diamond-1.jpg,IMAGE,VERY_LOW,660,274,163581,Archive catch-all — needs manual review
AST-000025,PRJ-LOCAL-0901,ARCHIVE,UNKNOWN,TIER_4,NOT_USABLE,archive,NO,NO,DUP-00025,ALL,ALL,Diamond-2.jpg,IMAGE,VERY_LOW,400,284,102959,Archive catch-all — needs manual review
AST-000026,PRJ-LOCAL-0901,ARCHIVE,UNKNOWN,TIER_4,NOT_USABLE,archive,NO,NO,DUP-00026,ALL,ALL,Dictaphone-1.jpg,IMAGE,VERY_LOW,660,274,80411,Archive catch-all — needs manual review
AST-000027,PRJ-LOCAL-0901,ARCHIVE,UNKNOWN,TIER_4,NOT_USABLE,archive,NO,NO,DUP-00027,ALL,ALL,Dictaphone-2.jpg,IMAGE,VERY_LOW,400,284,71448,Archive catch-all — needs manual review
AST-000028,PRJ-LOCAL-0901,ARCHIVE,UNKNOWN,TIER_4,NOT_USABLE,archive,NO,NO,DUP-00028,ALL,ALL,Dumbbells-1.jpg,IMAGE,VERY_LOW,660,341,23686,Archive catch-all — needs manual review
AST-000029,PRJ-LOCAL-0901,ARCHIVE,UNKNOWN,TIER_4,NOT_USABLE,archive,NO,NO,DUP-00029,ALL,ALL,Dumbbells-2.jpg,IMAGE,VERY_LOW,400,284,22825,Archive catch-all — needs manual review
AST-000030,PRJ-LOCAL-0901,ARCHIVE,UNKNOWN,TIER_4,NOT_USABLE,archive,NO,NO,DUP-00030,ALL,ALL,FAN1.jpg,IMAGE,VERY_LOW,660,518,44337,Archive catch-all — needs manual review
AST-000031,PRJ-LOCAL-0901,ARCHIVE,UNKNOWN,TIER_4,NOT_USABLE,archive,NO,NO,DUP-00031,ALL,ALL,FAN2.jpg,IMAGE,VERY_LOW,660,518,62180,Archive catch-all — needs manual review
AST-000032,PRJ-LOCAL-0901,ARCHIVE,UNKNOWN,TIER_4,NOT_USABLE,archive,NO,NO,DUP-00032,ALL,ALL,FAN3.jpg,IMAGE,VERY_LOW,660,518,28672,Archive catch-all — needs manual review
AST-000033,PRJ-LOCAL-0901,ARCHIVE,UNKNOWN,TIER_4,NOT_USABLE,archive,NO,NO,DUP-00033,ALL,ALL,GKV Law Firm 2.jpg,IMAGE,VERY_LOW,400,338,124931,Archive catch-all — needs manual review
AST-000034,PRJ-LOCAL-0901,ARCHIVE,UNKNOWN,TIER_4,NOT_USABLE,archive,NO,NO,DUP-00034,ALL,ALL,GKVLawFirm.jpg,IMAGE,VERY_LOW,660,274,97858,Archive catch-all — needs manual review
AST-000035,PRJ-LOCAL-0901,ARCHIVE,UNKNOWN,TIER_4,NOT_USABLE,archive,NO,NO,DUP-00035,ALL,ALL,GPS_Navigator-1.jpg,IMAGE,VERY_LOW,660,310,103306,Archive catch-all — needs manual review
AST-000036,PRJ-LOCAL-0901,ARCHIVE,UNKNOWN,TIER_4,NOT_USABLE,archive,NO,NO,DUP-00036,ALL,ALL,GPS_Navigator-2.jpg,IMAGE,VERY_LOW,400,284,94768,Archive catch-all — needs manual review
AST-000037,PRJ-LOCAL-0901,ARCHIVE,UNKNOWN,TIER_4,NOT_USABLE,archive,NO,NO,DUP-00037,ALL,ALL,Gyrocam-1.jpg,IMAGE,VERY_LOW,660,274,41073,Archive catch-all — needs manual review
AST-000038,PRJ-LOCAL-0901,ARCHIVE,UNKNOWN,TIER_4,NOT_USABLE,archive,NO,NO,DUP-00038,ALL,ALL,Gyrocam-2.jpg,IMAGE,VERY_LOW,400,284,14414,Archive catch-all — needs manual review
AST-000039,PRJ-LOCAL-0901,ARCHIVE,UNKNOWN,TIER_4,NOT_USABLE,archive,NO,NO,DUP-00039,ALL,ALL,Handheld_Massager-1.jpg,IMAGE,VERY_LOW,660,369,23330,Archive catch-all — needs manual review
AST-000040,PRJ-LOCAL-0901,ARCHIVE,UNKNOWN,TIER_4,NOT_USABLE,archive,NO,NO,DUP-00040,ALL,ALL,Handheld_Massager-2.jpg,IMAGE,VERY_LOW,400,284,11547,Archive catch-all — needs manual review
AST-000041,PRJ-LOCAL-0901,ARCHIVE,UNKNOWN,TIER_4,NOT_USABLE,archive,NO,NO,DUP-00041,ALL,ALL,Haydar1.jpg,IMAGE,VERY_LOW,640,427,55118,Archive catch-all — needs manual review
AST-000042,PRJ-LOCAL-0901,ARCHIVE,UNKNOWN,TIER_4,NOT_USABLE,archive,NO,NO,DUP-00042,ALL,ALL,Haydar2.jpg,IMAGE,VERY_LOW,640,427,54796,Archive catch-all — needs manual review
AST-000043,PRJ-LOCAL-0901,ARCHIVE,UNKNOWN,TIER_4,NOT_USABLE,archive,NO,NO,DUP-00043,ALL,ALL,Haydar3.jpg,IMAGE,VERY_LOW,640,427,64481,Archive catch-all — needs manual review
AST-000044,PRJ-LOCAL-0901,ARCHIVE,UNKNOWN,TIER_4,NOT_USABLE,archive,NO,NO,DUP-00044,ALL,ALL,Heavenly_Cigar-1.jpg,IMAGE,VERY_LOW,660,274,53043,Archive catch-all — needs manual review
AST-000045,PRJ-LOCAL-0901,ARCHIVE,UNKNOWN,TIER_4,NOT_USABLE,archive,NO,NO,DUP-00045,ALL,ALL,Hydra-1.jpg,IMAGE,VERY_LOW,660,274,22158,Archive catch-all — needs manual review
AST-000046,PRJ-LOCAL-0901,ARCHIVE,UNKNOWN,TIER_4,NOT_USABLE,archive,NO,NO,DUP-00046,ALL,ALL,Hydra-2.jpg,IMAGE,VERY_LOW,400,284,106833,Archive catch-all — needs manual review
AST-000047,PRJ-LOCAL-0901,ARCHIVE,UNKNOWN,TIER_4,NOT_USABLE,archive,NO,NO,DUP-00047,ALL,ALL,IPM-009_LR.jpg,IMAGE,VERY_LOW,660,440,36976,Archive catch-all — needs manual review
AST-000048,PRJ-LOCAL-0901,ARCHIVE,UNKNOWN,TIER_4,NOT_USABLE,archive,NO,NO,DUP-00048,ALL,ALL,IPM-010_LR.jpg,IMAGE,VERY_LOW,660,513,65860,Archive catch-all — needs manual review
AST-000049,PRJ-LOCAL-0901,ARCHIVE,UNKNOWN,TIER_4,NOT_USABLE,archive,NO,NO,DUP-00049,ALL,ALL,Ionizer-1.jpg,IMAGE,VERY_LOW,660,310,25288,Archive catch-all — needs manual review
AST-000050,PRJ-LOCAL-0901,ARCHIVE,UNKNOWN,TIER_4,NOT_USABLE,archive,NO,NO,DUP-00050,ALL,ALL,Ionizer-2.jpg,IMAGE,VERY_LOW,400,284,26525,Archive catch-all — needs manual review
AST-000051,PRJ-LOCAL-0901,ARCHIVE,UNKNOWN,TIER_4,NOT_USABLE,archive,NO,NO,DUP-00051,ALL,ALL,Luxury_Yacht-1.jpg,IMAGE,VERY_LOW,660,274,39734,Archive catch-all — needs manual review
AST-000052,PRJ-LOCAL-0901,ARCHIVE,UNKNOWN,TIER_4,NOT_USABLE,archive,NO,NO,DUP-00052,ALL,ALL,Luxury_Yacht-2.jpg,IMAGE,VERY_LOW,400,284,124686,Archive catch-all — needs manual review
AST-000053,PRJ-LOCAL-0901,ARCHIVE,UNKNOWN,TIER_4,NOT_USABLE,archive,NO,NO,DUP-00053,ALL,ALL,MBA Air 2.jpg,IMAGE,VERY_LOW,400,323,157165,Archive catch-all — needs manual review
AST-000054,PRJ-LOCAL-0901,ARCHIVE,UNKNOWN,TIER_4,NOT_USABLE,archive,NO,NO,DUP-00054,ALL,ALL,MBA_Air.jpg,IMAGE,VERY_LOW,660,274,97413,Archive catch-all — needs manual review
AST-000055,PRJ-LOCAL-0901,ARCHIVE,UNKNOWN,TIER_4,NOT_USABLE,archive,NO,NO,DUP-00055,ALL,ALL,MCL_Cafeteria-1.jpg,IMAGE,VERY_LOW,660,274,96704,Archive catch-all — needs manual review
AST-000056,PRJ-LOCAL-0901,ARCHIVE,UNKNOWN,TIER_4,NOT_USABLE,archive,NO,NO,DUP-00056,ALL,ALL,MCL_Cafeteria-2.jpg,IMAGE,VERY_LOW,400,284,48829,Archive catch-all — needs manual review
AST-000057,PRJ-LOCAL-0901,ARCHIVE,UNKNOWN,TIER_4,NOT_USABLE,archive,NO,NO,DUP-00057,ALL,ALL,Mail_Extraction_Machine.jpg,IMAGE,VERY_LOW,660,274,17025,Archive catch-all — needs manual review
AST-000058,PRJ-LOCAL-0901,ARCHIVE,UNKNOWN,TIER_4,NOT_USABLE,archive,NO,NO,DUP-00058,ALL,ALL,Mail_Extraction_Machine_2.jpg,IMAGE,VERY_LOW,400,284,14956,Archive catch-all — needs manual review
AST-000059,PRJ-LOCAL-0901,ARCHIVE,UNKNOWN,TIER_4,NOT_USABLE,archive,NO,NO,DUP-00059,ALL,ALL,Manpack-1.jpg,IMAGE,VERY_LOW,660,274,38893,Archive catch-all — needs manual review
AST-000060,PRJ-LOCAL-0901,ARCHIVE,UNKNOWN,TIER_4,NOT_USABLE,archive,NO,NO,DUP-00060,ALL,ALL,Manpack-2.jpg,IMAGE,VERY_LOW,400,284,34438,Archive catch-all — needs manual review
AST-000061,PRJ-LOCAL-0901,ARCHIVE,UNKNOWN,TIER_4,NOT_USABLE,archive,NO,NO,DUP-00061,ALL,ALL,Mastique-1.jpg,IMAGE,VERY_LOW,660,274,83925,Archive catch-all — needs manual review
AST-000062,PRJ-LOCAL-0901,ARCHIVE,UNKNOWN,TIER_4,NOT_USABLE,archive,NO,NO,DUP-00062,ALL,ALL,Mega Yacht-1.jpg,IMAGE,VERY_LOW,400,284,92928,Archive catch-all — needs manual review
AST-000063,PRJ-LOCAL-0901,ARCHIVE,UNKNOWN,TIER_4,NOT_USABLE,archive,NO,NO,DUP-00063,ALL,ALL,Mega Yacht-2.jpg,IMAGE,VERY_LOW,660,274,39392,Archive catch-all — needs manual review
AST-000064,PRJ-LOCAL-0901,ARCHIVE,UNKNOWN,TIER_4,NOT_USABLE,archive,NO,NO,DUP-00064,ALL,ALL,Mosquito_Deleto.jpg,IMAGE,VERY_LOW,660,310,25354,Archive catch-all — needs manual review
AST-000065,PRJ-LOCAL-0901,ARCHIVE,UNKNOWN,TIER_4,NOT_USABLE,archive,NO,NO,DUP-00065,ALL,ALL,Mosquito_Deleto_2.jpg,IMAGE,VERY_LOW,400,284,42880,Archive catch-all — needs manual review
AST-000066,PRJ-LOCAL-0901,ARCHIVE,UNKNOWN,TIER_4,NOT_USABLE,archive,NO,NO,DUP-00066,ALL,ALL,Naples_Lumber-1.jpg,IMAGE,VERY_LOW,660,274,90742,Archive catch-all — needs manual review
AST-000067,PRJ-LOCAL-0901,ARCHIVE,UNKNOWN,TIER_4,NOT_USABLE,archive,NO,NO,DUP-00067,ALL,ALL,Naples_Lumber-2.jpg,IMAGE,VERY_LOW,400,284,103657,Archive catch-all — needs manual review
AST-000068,PRJ-LOCAL-0901,ARCHIVE,UNKNOWN,TIER_4,NOT_USABLE,archive,NO,NO,DUP-00068,ALL,ALL,Outdoor Products_main_img.jpg,IMAGE,VERY_LOW,660,369,116019,Archive catch-all — needs manual review
AST-000069,PRJ-LOCAL-0901,ARCHIVE,UNKNOWN,TIER_4,NOT_USABLE,archive,NO,NO,DUP-00069,ALL,ALL,PAP1.jpg,IMAGE,VERY_LOW,660,439,29940,Archive catch-all — needs manual review
AST-000070,PRJ-LOCAL-0901,ARCHIVE,UNKNOWN,TIER_4,NOT_USABLE,archive,NO,NO,DUP-00070,ALL,ALL,PDA-1.jpg,IMAGE,VERY_LOW,660,310,114479,Archive catch-all — needs manual review
AST-000071,PRJ-LOCAL-0901,ARCHIVE,UNKNOWN,TIER_4,NOT_USABLE,archive,NO,NO,DUP-00071,ALL,ALL,PDA-2.jpg,IMAGE,VERY_LOW,400,284,73904,Archive catch-all — needs manual review
AST-000072,PRJ-LOCAL-0901,ARCHIVE,UNKNOWN,TIER_4,NOT_USABLE,archive,NO,NO,DUP-00072,ALL,ALL,PHONE-1.jpg,IMAGE,VERY_LOW,400,598,105405,Archive catch-all — needs manual review
AST-000073,PRJ-LOCAL-0901,ARCHIVE,UNKNOWN,TIER_4,NOT_USABLE,archive,NO,NO,DUP-00073,ALL,ALL,POD_1.jpg,IMAGE,VERY_LOW,660,274,52291,Archive catch-all — needs manual review
AST-000074,PRJ-LOCAL-0901,ARCHIVE,UNKNOWN,TIER_4,NOT_USABLE,archive,NO,NO,DUP-00074,ALL,ALL,POD_2.jpg,IMAGE,VERY_LOW,400,284,136510,Archive catch-all — needs manual review
AST-000075,PRJ-LOCAL-0901,ARCHIVE,UNKNOWN,TIER_4,NOT_USABLE,archive,NO,NO,DUP-00075,ALL,ALL,Portable_Scanner-1.jpg,IMAGE,VERY_LOW,660,380,36521,Archive catch-all — needs manual review
AST-000076,PRJ-LOCAL-0901,ARCHIVE,UNKNOWN,TIER_4,NOT_USABLE,archive,NO,NO,DUP-00076,ALL,ALL,Portable_Scanner-2.jpg,IMAGE,VERY_LOW,400,284,62924,Archive catch-all — needs manual review
AST-000077,PRJ-LOCAL-0901,ARCHIVE,UNKNOWN,TIER_4,NOT_USABLE,archive,NO,NO,DUP-00077,ALL,ALL,Rackmount_Enclosure-1.jpg,IMAGE,VERY_LOW,660,158,28651,Archive catch-all — needs manual review
AST-000078,PRJ-LOCAL-0901,ARCHIVE,UNKNOWN,TIER_4,NOT_USABLE,archive,NO,NO,DUP-00078,ALL,ALL,Rackmount_Enclosure-2.jpg,IMAGE,VERY_LOW,400,284,72620,Archive catch-all — needs manual review
AST-000079,PRJ-LOCAL-0901,ARCHIVE,UNKNOWN,TIER_4,NOT_USABLE,archive,NO,NO,DUP-00079,ALL,ALL,Refrigerator_1.jpg,IMAGE,VERY_LOW,660,310,48992,Archive catch-all — needs manual review
AST-000080,PRJ-LOCAL-0901,ARCHIVE,UNKNOWN,TIER_4,NOT_USABLE,archive,NO,NO,DUP-00080,ALL,ALL,Refrigerator_1_b.jpg,IMAGE,VERY_LOW,400,284,42602,Archive catch-all — needs manual review
AST-000081,PRJ-LOCAL-0901,ARCHIVE,UNKNOWN,TIER_4,NOT_USABLE,archive,NO,NO,DUP-00081,ALL,ALL,Refrigerator_2-1.jpg,IMAGE,VERY_LOW,660,310,41727,Archive catch-all — needs manual review
AST-000082,PRJ-LOCAL-0901,ARCHIVE,UNKNOWN,TIER_4,NOT_USABLE,archive,NO,NO,DUP-00082,ALL,ALL,Refrigerator_2-1_2.jpg,IMAGE,VERY_LOW,400,284,41371,Archive catch-all — needs manual review
AST-000083,PRJ-LOCAL-0901,ARCHIVE,UNKNOWN,TIER_4,NOT_USABLE,archive,NO,NO,DUP-00083,ALL,ALL,Rifle_Scope-1.jpg,IMAGE,VERY_LOW,660,274,65611,Archive catch-all — needs manual review
AST-000084,PRJ-LOCAL-0901,ARCHIVE,UNKNOWN,TIER_4,NOT_USABLE,archive,NO,NO,DUP-00084,ALL,ALL,Rifle_Scope-2.jpg,IMAGE,VERY_LOW,400,284,65222,Archive catch-all — needs manual review
AST-000085,PRJ-LOCAL-0901,ARCHIVE,UNKNOWN,TIER_4,NOT_USABLE,archive,NO,NO,DUP-00085,ALL,ALL,Roller_Blade-1.jpg,IMAGE,VERY_LOW,660,310,67697,Archive catch-all — needs manual review
AST-000086,PRJ-LOCAL-0901,ARCHIVE,UNKNOWN,TIER_4,NOT_USABLE,archive,NO,NO,DUP-00086,ALL,ALL,Roller_Blade-2.jpg,IMAGE,VERY_LOW,400,284,48412,Archive catch-all — needs manual review
AST-000087,PRJ-LOCAL-0901,ARCHIVE,UNKNOWN,TIER_4,NOT_USABLE,archive,NO,NO,DUP-00087,ALL,ALL,Rugged_Computer-1.jpg,IMAGE,VERY_LOW,660,274,23517,Archive catch-all — needs manual review
AST-000088,PRJ-LOCAL-0901,ARCHIVE,UNKNOWN,TIER_4,NOT_USABLE,archive,NO,NO,DUP-00088,ALL,ALL,Rugged_Computer-2.jpg,IMAGE,VERY_LOW,400,284,15641,Archive catch-all — needs manual review
AST-000089,PRJ-LOCAL-0901,ARCHIVE,UNKNOWN,TIER_4,NOT_USABLE,archive,NO,NO,DUP-00089,ALL,ALL,SALT-017.jpg,IMAGE,VERY_LOW,660,361,15329,Archive catch-all — needs manual review
AST-000090,PRJ-LOCAL-0901,ARCHIVE,UNKNOWN,TIER_4,NOT_USABLE,archive,NO,NO,DUP-00090,ALL,ALL,STRE-050.jpg,IMAGE,VERY_LOW,660,440,78425,Archive catch-all — needs manual review
AST-000091,PRJ-LOCAL-0901,ARCHIVE,UNKNOWN,TIER_4,NOT_USABLE,archive,NO,NO,DUP-00091,ALL,ALL,SacredHeart.jpg,IMAGE,VERY_LOW,636,515,83825,Archive catch-all — needs manual review
AST-000092,PRJ-LOCAL-0901,ARCHIVE,UNKNOWN,TIER_4,NOT_USABLE,archive,NO,NO,DUP-00092,ALL,ALL,SacredHeart3.jpg,IMAGE,VERY_LOW,636,515,53529,Archive catch-all — needs manual review
AST-000093,PRJ-LOCAL-0901,ARCHIVE,UNKNOWN,TIER_4,NOT_USABLE,archive,NO,NO,DUP-00093,ALL,ALL,Sarsaparilla-1.jpg,IMAGE,VERY_LOW,116,511,80866,Archive catch-all — needs manual review
AST-000094,PRJ-LOCAL-0901,ARCHIVE,UNKNOWN,TIER_4,NOT_USABLE,archive,NO,NO,DUP-00094,ALL,ALL,Sarsaparilla-2.jpg,IMAGE,VERY_LOW,400,284,125805,Archive catch-all — needs manual review
AST-000095,PRJ-LOCAL-0901,ARCHIVE,UNKNOWN,TIER_4,NOT_USABLE,archive,NO,NO,DUP-00095,ALL,ALL,Security_Scanner-2.jpg,IMAGE,VERY_LOW,400,284,8796,Archive catch-all — needs manual review
AST-000096,PRJ-LOCAL-0901,ARCHIVE,UNKNOWN,TIER_4,NOT_USABLE,archive,NO,NO,DUP-00096,ALL,ALL,Soup_Server-1.jpg,IMAGE,VERY_LOW,660,274,103887,Archive catch-all — needs manual review
AST-000097,PRJ-LOCAL-0901,ARCHIVE,UNKNOWN,TIER_4,NOT_USABLE,archive,NO,NO,DUP-00097,ALL,ALL,Soup_Server-2.jpg,IMAGE,VERY_LOW,400,284,112486,Archive catch-all — needs manual review
AST-000098,PRJ-LOCAL-0901,ARCHIVE,UNKNOWN,TIER_4,NOT_USABLE,archive,NO,NO,DUP-00098,ALL,ALL,Speaker_Tower-1.jpg,IMAGE,VERY_LOW,660,310,66116,Archive catch-all — needs manual review
AST-000099,PRJ-LOCAL-0901,ARCHIVE,UNKNOWN,TIER_4,NOT_USABLE,archive,NO,NO,DUP-00099,ALL,ALL,Staircase-1.jpg,IMAGE,VERY_LOW,660,274,168155,Archive catch-all — needs manual review
AST-000100,PRJ-LOCAL-0901,ARCHIVE,UNKNOWN,TIER_4,NOT_USABLE,archive,NO,NO,DUP-00100,ALL,ALL,Staircase-2.jpg,IMAGE,VERY_LOW,400,284,127726,Archive catch-all — needs manual review
AST-000101,PRJ-LOCAL-0901,ARCHIVE,UNKNOWN,TIER_4,NOT_USABLE,archive,NO,NO,DUP-00101,ALL,ALL,Suna Salon 2.jpg,IMAGE,VERY_LOW,400,321,119304,Archive catch-all — needs manual review
AST-000102,PRJ-LOCAL-0901,ARCHIVE,UNKNOWN,TIER_4,NOT_USABLE,archive,NO,NO,DUP-00102,ALL,ALL,SunaSalon.jpg,IMAGE,VERY_LOW,660,274,106322,Archive catch-all — needs manual review
AST-000103,PRJ-LOCAL-0901,ARCHIVE,UNKNOWN,TIER_4,NOT_USABLE,archive,NO,NO,DUP-00103,ALL,ALL,Super_Yacht-1.jpg,IMAGE,VERY_LOW,660,274,245917,Archive catch-all — needs manual review
AST-000104,PRJ-LOCAL-0901,ARCHIVE,UNKNOWN,TIER_4,NOT_USABLE,archive,NO,NO,DUP-00104,ALL,ALL,Super_Yacht-2.jpg,IMAGE,VERY_LOW,400,284,170441,Archive catch-all — needs manual review
AST-000105,PRJ-LOCAL-0901,ARCHIVE,UNKNOWN,TIER_4,NOT_USABLE,archive,NO,NO,DUP-00105,ALL,ALL,TamarackCC1.jpg,IMAGE,VERY_LOW,636,515,43284,Archive catch-all — needs manual review
AST-000106,PRJ-LOCAL-0901,ARCHIVE,UNKNOWN,TIER_4,NOT_USABLE,archive,NO,NO,DUP-00106,ALL,ALL,TamarackCC3.jpg,IMAGE,VERY_LOW,636,515,50312,Archive catch-all — needs manual review
AST-000107,PRJ-LOCAL-0901,ARCHIVE,UNKNOWN,TIER_4,NOT_USABLE,archive,NO,NO,DUP-00107,ALL,ALL,TamarackCC4.jpg,IMAGE,VERY_LOW,636,515,68959,Archive catch-all — needs manual review
AST-000108,PRJ-LOCAL-0901,ARCHIVE,UNKNOWN,TIER_4,NOT_USABLE,archive,NO,NO,DUP-00108,ALL,ALL,TamarackCC5.jpg,IMAGE,VERY_LOW,636,515,56742,Archive catch-all — needs manual review
AST-000109,PRJ-LOCAL-0901,ARCHIVE,UNKNOWN,TIER_4,NOT_USABLE,archive,NO,NO,DUP-00109,ALL,ALL,TamarackCountry.jpg,IMAGE,VERY_LOW,636,515,40277,Archive catch-all — needs manual review
AST-000110,PRJ-LOCAL-0901,ARCHIVE,UNKNOWN,TIER_4,NOT_USABLE,archive,NO,NO,DUP-00110,ALL,ALL,TamarackPool.jpg,IMAGE,VERY_LOW,636,515,76054,Archive catch-all — needs manual review
AST-000111,PRJ-LOCAL-0901,ARCHIVE,UNKNOWN,TIER_4,NOT_USABLE,archive,NO,NO,DUP-00111,ALL,ALL,TamarackPool1.jpg,IMAGE,VERY_LOW,636,515,70655,Archive catch-all — needs manual review
AST-000112,PRJ-LOCAL-0901,ARCHIVE,UNKNOWN,TIER_4,NOT_USABLE,archive,NO,NO,DUP-00112,ALL,ALL,Thermometer-1.jpg,IMAGE,VERY_LOW,660,341,19908,Archive catch-all — needs manual review
AST-000113,PRJ-LOCAL-0901,ARCHIVE,UNKNOWN,TIER_4,NOT_USABLE,archive,NO,NO,DUP-00113,ALL,ALL,Thermometer-2.jpg,IMAGE,VERY_LOW,400,284,11229,Archive catch-all — needs manual review
AST-000114,PRJ-LOCAL-0901,ARCHIVE,UNKNOWN,TIER_4,NOT_USABLE,archive,NO,NO,DUP-00114,ALL,ALL,Transportation_img.jpg,IMAGE,VERY_LOW,660,369,171731,Archive catch-all — needs manual review
AST-000115,PRJ-LOCAL-0901,ARCHIVE,UNKNOWN,TIER_4,NOT_USABLE,archive,NO,NO,DUP-00115,ALL,ALL,Tutor My Kid 2.jpg,IMAGE,VERY_LOW,400,322,126701,Archive catch-all — needs manual review
AST-000116,PRJ-LOCAL-0901,ARCHIVE,UNKNOWN,TIER_4,NOT_USABLE,archive,NO,NO,DUP-00116,ALL,ALL,Vacuum_Cleaner-1.jpg,IMAGE,VERY_LOW,660,310,95426,Archive catch-all — needs manual review
AST-000117,PRJ-LOCAL-0901,ARCHIVE,UNKNOWN,TIER_4,NOT_USABLE,archive,NO,NO,DUP-00117,ALL,ALL,Vacuum_Cleaner-2.jpg,IMAGE,VERY_LOW,400,284,12755,Archive catch-all — needs manual review
AST-000118,PRJ-LOCAL-0901,ARCHIVE,UNKNOWN,TIER_4,NOT_USABLE,archive,NO,NO,DUP-00118,ALL,ALL,Walkie_Talkie-1.jpg,IMAGE,VERY_LOW,660,310,39743,Archive catch-all — needs manual review
AST-000119,PRJ-LOCAL-0901,ARCHIVE,UNKNOWN,TIER_4,NOT_USABLE,archive,NO,NO,DUP-00119,ALL,ALL,Walkie_Talkie-2.jpg,IMAGE,VERY_LOW,400,284,39395,Archive catch-all — needs manual review
AST-000120,PRJ-LOCAL-0901,ARCHIVE,UNKNOWN,TIER_4,NOT_USABLE,archive,NO,NO,DUP-00120,ALL,ALL,Wireless_Tower_1.jpg,IMAGE,VERY_LOW,660,369,27025,Archive catch-all — needs manual review
AST-000121,PRJ-LOCAL-0901,ARCHIVE,UNKNOWN,TIER_4,NOT_USABLE,archive,NO,NO,DUP-00121,ALL,ALL,Wireless_Tower_2.jpg,IMAGE,VERY_LOW,400,284,22441,Archive catch-all — needs manual review
AST-000122,PRJ-LOCAL-0901,ARCHIVE,UNKNOWN,TIER_4,NOT_USABLE,archive,NO,NO,DUP-00122,ALL,ALL,Yacht_Interior-1.jpg,IMAGE,VERY_LOW,660,274,149480,Archive catch-all — needs manual review
AST-000123,PRJ-LOCAL-0901,ARCHIVE,UNKNOWN,TIER_4,NOT_USABLE,archive,NO,NO,DUP-00123,ALL,ALL,Yacht_Interior-2.jpg,IMAGE,VERY_LOW,400,284,89705,Archive catch-all — needs manual review
AST-000124,PRJ-LOCAL-0901,ARCHIVE,UNKNOWN,TIER_4,NOT_USABLE,archive,NO,NO,DUP-00124,ALL,ALL,Your Lucky Eye 2.jpg,IMAGE,VERY_LOW,400,338,124228,Archive catch-all — needs manual review
AST-000125,PRJ-LOCAL-0901,ARCHIVE,UNKNOWN,TIER_4,NOT_USABLE,archive,NO,NO,DUP-00125,ALL,ALL,adagio1.jpg,IMAGE,VERY_LOW,660,310,61668,Archive catch-all — needs manual review
AST-000126,PRJ-LOCAL-0901,ARCHIVE,UNKNOWN,TIER_4,NOT_USABLE,archive,NO,NO,DUP-00126,ALL,ALL,adagio2.jpg,IMAGE,VERY_LOW,400,375,18627,Archive catch-all — needs manual review
AST-000127,PRJ-LOCAL-0901,ARCHIVE,UNKNOWN,TIER_4,NOT_USABLE,archive,NO,NO,DUP-00127,ALL,ALL,aesthetic_1.jpg,IMAGE,VERY_LOW,660,341,77918,Archive catch-all — needs manual review
AST-000128,PRJ-LOCAL-0901,ARCHIVE,UNKNOWN,TIER_4,NOT_USABLE,archive,NO,NO,DUP-00128,ALL,ALL,aesthetic_2.jpg,IMAGE,VERY_LOW,400,284,81256,Archive catch-all — needs manual review
AST-000129,PRJ-LOCAL-0901,ARCHIVE,UNKNOWN,TIER_4,NOT_USABLE,archive,NO,NO,DUP-00129,ALL,ALL,binocular_01.jpg,IMAGE,VERY_LOW,660,310,25114,Archive catch-all — needs manual review
AST-000130,PRJ-LOCAL-0901,ARCHIVE,UNKNOWN,TIER_4,NOT_USABLE,archive,NO,NO,DUP-00130,ALL,ALL,binocular_02.jpg,IMAGE,VERY_LOW,400,284,14124,Archive catch-all — needs manual review
AST-000131,PRJ-LOCAL-0901,ARCHIVE,UNKNOWN,TIER_4,NOT_USABLE,archive,NO,NO,DUP-00131,ALL,ALL,bomb_squad_remote-1.jpg,IMAGE,VERY_LOW,660,274,15153,Archive catch-all — needs manual review
AST-000132,PRJ-LOCAL-0901,ARCHIVE,UNKNOWN,TIER_4,NOT_USABLE,archive,NO,NO,DUP-00132,ALL,ALL,bomb_squad_remote-2.jpg,IMAGE,VERY_LOW,400,284,28324,Archive catch-all — needs manual review
AST-000133,PRJ-LOCAL-0901,ARCHIVE,UNKNOWN,TIER_4,NOT_USABLE,archive,NO,NO,DUP-00133,ALL,ALL,bpm_1.jpg,IMAGE,VERY_LOW,660,341,23555,Archive catch-all — needs manual review
AST-000134,PRJ-LOCAL-0901,ARCHIVE,UNKNOWN,TIER_4,NOT_USABLE,archive,NO,NO,DUP-00134,ALL,ALL,bpm_2.jpg,IMAGE,VERY_LOW,400,284,17363,Archive catch-all — needs manual review
AST-000135,PRJ-LOCAL-0901,ARCHIVE,UNKNOWN,TIER_4,NOT_USABLE,archive,NO,NO,DUP-00135,ALL,ALL,brass-balls6.jpg,IMAGE,VERY_LOW,370,368,27213,Archive catch-all — needs manual review
AST-000136,PRJ-LOCAL-0901,ARCHIVE,UNKNOWN,TIER_4,NOT_USABLE,archive,NO,NO,DUP-00136,ALL,ALL,bs.jpg,IMAGE,VERY_LOW,660,274,8171,Archive catch-all — needs manual review
AST-000137,PRJ-LOCAL-0901,ARCHIVE,UNKNOWN,TIER_4,NOT_USABLE,archive,NO,NO,DUP-00137,ALL,ALL,bs_2.jpg,IMAGE,VERY_LOW,400,284,67978,Archive catch-all — needs manual review
AST-000138,PRJ-LOCAL-0901,ARCHIVE,UNKNOWN,TIER_4,NOT_USABLE,archive,NO,NO,DUP-00138,ALL,ALL,cd_player_1.jpg,IMAGE,VERY_LOW,660,369,23939,Archive catch-all — needs manual review
AST-000139,PRJ-LOCAL-0901,ARCHIVE,UNKNOWN,TIER_4,NOT_USABLE,archive,NO,NO,DUP-00139,ALL,ALL,cd_player_2.jpg,IMAGE,VERY_LOW,400,284,13837,Archive catch-all — needs manual review
AST-000140,PRJ-LOCAL-0901,ARCHIVE,UNKNOWN,TIER_4,NOT_USABLE,archive,NO,NO,DUP-00140,ALL,ALL,coffee.jpg,IMAGE,VERY_LOW,660,576,69414,Archive catch-all — needs manual review
AST-000141,PRJ-LOCAL-0901,ARCHIVE,UNKNOWN,TIER_4,NOT_USABLE,archive,NO,NO,DUP-00141,ALL,ALL,coffee2.jpg,IMAGE,VERY_LOW,660,576,42758,Archive catch-all — needs manual review
AST-000142,PRJ-LOCAL-0901,ARCHIVE,UNKNOWN,TIER_4,NOT_USABLE,archive,NO,NO,DUP-00142,ALL,ALL,da_Benito_2.jpg,IMAGE,VERY_LOW,400,284,88108,Archive catch-all — needs manual review
AST-000143,PRJ-LOCAL-0901,ARCHIVE,UNKNOWN,TIER_4,NOT_USABLE,archive,NO,NO,DUP-00143,ALL,ALL,da_benito-1.jpg,IMAGE,VERY_LOW,660,274,128035,Archive catch-all — needs manual review
AST-000144,PRJ-LOCAL-0901,ARCHIVE,UNKNOWN,TIER_4,NOT_USABLE,archive,NO,NO,DUP-00144,ALL,ALL,dehumidifier.jpg,IMAGE,VERY_LOW,660,310,21635,Archive catch-all — needs manual review
AST-000145,PRJ-LOCAL-0901,ARCHIVE,UNKNOWN,TIER_4,NOT_USABLE,archive,NO,NO,DUP-00145,ALL,ALL,dehumidifier2.jpg,IMAGE,VERY_LOW,400,284,24690,Archive catch-all — needs manual review
AST-000146,PRJ-LOCAL-0901,ARCHIVE,UNKNOWN,TIER_4,NOT_USABLE,archive,NO,NO,DUP-00146,ALL,ALL,dental-1.jpg,IMAGE,VERY_LOW,660,341,18178,Archive catch-all — needs manual review
AST-000147,PRJ-LOCAL-0901,ARCHIVE,UNKNOWN,TIER_4,NOT_USABLE,archive,NO,NO,DUP-00147,ALL,ALL,dental-2.jpg,IMAGE,VERY_LOW,400,284,13941,Archive catch-all — needs manual review
AST-000148,PRJ-LOCAL-0901,ARCHIVE,UNKNOWN,TIER_4,NOT_USABLE,archive,NO,NO,DUP-00148,ALL,ALL,dubai_boat_show1.jpg,IMAGE,VERY_LOW,660,401,50383,Archive catch-all — needs manual review
AST-000149,PRJ-LOCAL-0901,ARCHIVE,UNKNOWN,TIER_4,NOT_USABLE,archive,NO,NO,DUP-00149,ALL,ALL,dubai_boat_show2.jpg,IMAGE,VERY_LOW,660,401,48739,Archive catch-all — needs manual review
AST-000150,PRJ-LOCAL-0901,ARCHIVE,UNKNOWN,TIER_4,NOT_USABLE,archive,NO,NO,DUP-00150,ALL,ALL,dubai_boat_show3.jpg,IMAGE,VERY_LOW,660,401,47781,Archive catch-all — needs manual review
AST-000151,PRJ-LOCAL-0901,ARCHIVE,UNKNOWN,TIER_4,NOT_USABLE,archive,NO,NO,DUP-00151,ALL,ALL,dynamometer-1.jpg,IMAGE,VERY_LOW,660,341,17153,Archive catch-all — needs manual review
AST-000152,PRJ-LOCAL-0901,ARCHIVE,UNKNOWN,TIER_4,NOT_USABLE,archive,NO,NO,DUP-00152,ALL,ALL,dynamometer-2.jpg,IMAGE,VERY_LOW,400,284,15255,Archive catch-all — needs manual review
AST-000153,PRJ-LOCAL-0901,ARCHIVE,UNKNOWN,TIER_4,NOT_USABLE,archive,NO,NO,DUP-00153,ALL,ALL,emergency_beacon-1.jpg,IMAGE,VERY_LOW,660,341,48251,Archive catch-all — needs manual review
AST-000154,PRJ-LOCAL-0901,ARCHIVE,UNKNOWN,TIER_4,NOT_USABLE,archive,NO,NO,DUP-00154,ALL,ALL,emergency_beacon-2.jpg,IMAGE,VERY_LOW,400,284,17577,Archive catch-all — needs manual review
AST-000155,PRJ-LOCAL-0901,ARCHIVE,PACKAGING,TIER_4,NOT_USABLE,archive,NO,NO,DUP-00155,ALL,ALL,flight_box-2.jpg,IMAGE,VERY_LOW,400,284,28685,Archive catch-all — needs manual review
AST-000156,PRJ-LOCAL-0901,ARCHIVE,PACKAGING,TIER_4,NOT_USABLE,archive,NO,NO,DUP-00156,ALL,ALL,flight_box.jpg,IMAGE,VERY_LOW,660,274,22549,Archive catch-all — needs manual review
AST-000157,PRJ-LOCAL-0901,ARCHIVE,UNKNOWN,TIER_4,NOT_USABLE,archive,NO,NO,DUP-00157,ALL,ALL,flight_planner-1.jpg,IMAGE,VERY_LOW,660,274,95174,Archive catch-all — needs manual review
AST-000158,PRJ-LOCAL-0901,ARCHIVE,UNKNOWN,TIER_4,NOT_USABLE,archive,NO,NO,DUP-00158,ALL,ALL,flight_planner-2.jpg,IMAGE,VERY_LOW,400,284,107053,Archive catch-all — needs manual review
AST-000159,PRJ-LOCAL-0901,ARCHIVE,UNKNOWN,TIER_4,NOT_USABLE,archive,NO,NO,DUP-00159,ALL,ALL,fps_1.jpg,IMAGE,VERY_LOW,660,274,7515,Archive catch-all — needs manual review
AST-000160,PRJ-LOCAL-0901,ARCHIVE,UNKNOWN,TIER_4,NOT_USABLE,archive,NO,NO,DUP-00160,ALL,ALL,fps_2.jpg,IMAGE,VERY_LOW,400,284,74944,Archive catch-all — needs manual review
AST-000161,PRJ-LOCAL-0901,ARCHIVE,UNKNOWN,TIER_4,NOT_USABLE,archive,NO,NO,DUP-00161,ALL,ALL,goggles1.jpg,IMAGE,VERY_LOW,660,428,25695,Archive catch-all — needs manual review
AST-000162,PRJ-LOCAL-0901,ARCHIVE,UNKNOWN,TIER_4,NOT_USABLE,archive,NO,NO,DUP-00162,ALL,ALL,goggles2.jpg,IMAGE,VERY_LOW,660,439,23573,Archive catch-all — needs manual review
AST-000163,PRJ-LOCAL-0901,ARCHIVE,UNKNOWN,TIER_4,NOT_USABLE,archive,NO,NO,DUP-00163,ALL,ALL,goggles3.jpg,IMAGE,VERY_LOW,660,495,83169,Archive catch-all — needs manual review
AST-000164,PRJ-LOCAL-0901,ARCHIVE,UNKNOWN,TIER_4,NOT_USABLE,archive,NO,NO,DUP-00164,ALL,ALL,golf_caddy-1.jpg,IMAGE,VERY_LOW,660,341,24164,Archive catch-all — needs manual review
AST-000165,PRJ-LOCAL-0901,ARCHIVE,UNKNOWN,TIER_4,NOT_USABLE,archive,NO,NO,DUP-00165,ALL,ALL,golf_caddy-2.jpg,IMAGE,VERY_LOW,400,284,33812,Archive catch-all — needs manual review
AST-000166,PRJ-LOCAL-0901,ARCHIVE,UNKNOWN,TIER_4,NOT_USABLE,archive,NO,NO,DUP-00166,ALL,ALL,greencan.jpg,IMAGE,VERY_LOW,660,432,32527,Archive catch-all — needs manual review
AST-000167,PRJ-LOCAL-0901,ARCHIVE,UNKNOWN,TIER_4,NOT_USABLE,archive,NO,NO,DUP-00167,ALL,ALL,greencan2.jpg,IMAGE,VERY_LOW,660,432,42232,Archive catch-all — needs manual review
AST-000168,PRJ-LOCAL-0901,ARCHIVE,UNKNOWN,TIER_4,NOT_USABLE,archive,NO,NO,DUP-00168,ALL,ALL,hand_dryer_1.jpg,IMAGE,VERY_LOW,660,274,160861,Archive catch-all — needs manual review
AST-000169,PRJ-LOCAL-0901,ARCHIVE,UNKNOWN,TIER_4,NOT_USABLE,archive,NO,NO,DUP-00169,ALL,ALL,hand_dryer_2.jpg,IMAGE,VERY_LOW,400,284,52165,Archive catch-all — needs manual review
AST-000170,PRJ-LOCAL-0901,ARCHIVE,UNKNOWN,TIER_4,NOT_USABLE,archive,NO,NO,DUP-00170,ALL,ALL,hard_drive_tower_1.jpg,IMAGE,VERY_LOW,660,369,19632,Archive catch-all — needs manual review
AST-000171,PRJ-LOCAL-0901,ARCHIVE,UNKNOWN,TIER_4,NOT_USABLE,archive,NO,NO,DUP-00171,ALL,ALL,hard_drive_tower_2.jpg,IMAGE,VERY_LOW,400,284,43803,Archive catch-all — needs manual review
AST-000172,PRJ-LOCAL-0901,ARCHIVE,UNKNOWN,TIER_4,NOT_USABLE,archive,NO,NO,DUP-00172,ALL,ALL,hydraulic1.jpg,IMAGE,VERY_LOW,480,640,31117,Archive catch-all — needs manual review
AST-000173,PRJ-LOCAL-0901,ARCHIVE,UNKNOWN,TIER_4,NOT_USABLE,archive,NO,NO,DUP-00173,ALL,ALL,hydraulic2.jpg,IMAGE,VERY_LOW,480,640,35508,Archive catch-all — needs manual review
AST-000174,PRJ-LOCAL-0901,ARCHIVE,UNKNOWN,TIER_4,NOT_USABLE,archive,YES,NO,,ALL,ALL,iaMedium-1 copy.jpg,IMAGE,VERY_LOW,660,495,141283,Archive catch-all — needs manual review
AST-000175,PRJ-LOCAL-0901,ARCHIVE,UNKNOWN,TIER_4,NOT_USABLE,archive,NO,NO,DUP-00174,ALL,ALL,iaMedium-1.jpg,IMAGE,VERY_LOW,660,495,47631,Archive catch-all — needs manual review
AST-000176,PRJ-LOCAL-0901,ARCHIVE,UNKNOWN,TIER_4,NOT_USABLE,archive,NO,NO,DUP-00175,ALL,ALL,iaMedium-2.jpg,IMAGE,VERY_LOW,400,284,149660,Archive catch-all — needs manual review
AST-000177,PRJ-LOCAL-0901,ARCHIVE,UNKNOWN,TIER_4,NOT_USABLE,archive,NO,NO,DUP-00176,ALL,ALL,iaMedium-3.jpg,IMAGE,VERY_LOW,400,300,20305,Archive catch-all — needs manual review
AST-000178,PRJ-LOCAL-0901,ARCHIVE,UNKNOWN,TIER_4,NOT_USABLE,archive,NO,NO,DUP-00177,ALL,ALL,infrared1.jpg,IMAGE,VERY_LOW,660,432,51032,Archive catch-all — needs manual review
AST-000179,PRJ-LOCAL-0901,ARCHIVE,UNKNOWN,TIER_4,NOT_USABLE,archive,NO,NO,DUP-00178,ALL,ALL,infrared2.jpg,IMAGE,VERY_LOW,660,432,66123,Archive catch-all — needs manual review
AST-000180,PRJ-LOCAL-0901,ARCHIVE,UNKNOWN,TIER_4,NOT_USABLE,archive,NO,NO,DUP-00179,ALL,ALL,ipm-008_LR.jpg,IMAGE,VERY_LOW,660,511,65867,Archive catch-all — needs manual review
AST-000181,PRJ-LOCAL-0901,ARCHIVE,EARLY_PROTOTYPE,TIER_4,NOT_USABLE,archive,NO,NO,DUP-00180,ALL,ALL,ipm_prototype1.jpg,IMAGE,VERY_LOW,660,439,63233,Archive catch-all — needs manual review
AST-000182,PRJ-LOCAL-0901,ARCHIVE,EARLY_PROTOTYPE,TIER_4,NOT_USABLE,archive,NO,NO,DUP-00181,ALL,ALL,ipm_prototype2.jpg,IMAGE,VERY_LOW,660,439,57995,Archive catch-all — needs manual review
AST-000183,PRJ-LOCAL-0901,ARCHIVE,EARLY_PROTOTYPE,TIER_4,NOT_USABLE,archive,NO,NO,DUP-00182,ALL,ALL,ipm_prototype3.jpg,IMAGE,VERY_LOW,660,439,85196,Archive catch-all — needs manual review
AST-000184,PRJ-LOCAL-0901,ARCHIVE,UNKNOWN,TIER_4,NOT_USABLE,archive,NO,NO,DUP-00183,ALL,ALL,jewelry.jpg,IMAGE,VERY_LOW,660,274,166704,Archive catch-all — needs manual review
AST-000185,PRJ-LOCAL-0901,ARCHIVE,UNKNOWN,TIER_4,NOT_USABLE,archive,NO,NO,DUP-00184,ALL,ALL,jewelry_2.jpg,IMAGE,VERY_LOW,400,284,79557,Archive catch-all — needs manual review
AST-000186,PRJ-LOCAL-0901,ARCHIVE,PCB,TIER_4,NOT_USABLE,archive,NO,NO,DUP-00185,ALL,ALL,knee_board-1.jpg,IMAGE,VERY_LOW,660,341,46515,Archive catch-all — needs manual review
AST-000187,PRJ-LOCAL-0901,ARCHIVE,PCB,TIER_4,NOT_USABLE,archive,NO,NO,DUP-00186,ALL,ALL,knee_board-2.jpg,IMAGE,VERY_LOW,400,284,41526,Archive catch-all — needs manual review
AST-000188,PRJ-LOCAL-0901,ARCHIVE,UNKNOWN,TIER_4,NOT_USABLE,archive,NO,NO,DUP-00187,ALL,ALL,knife.jpg,IMAGE,VERY_LOW,660,401,29159,Archive catch-all — needs manual review
AST-000189,PRJ-LOCAL-0901,ARCHIVE,UNKNOWN,TIER_4,NOT_USABLE,archive,NO,NO,DUP-00188,ALL,ALL,knife33.jpg,IMAGE,VERY_LOW,660,455,21125,Archive catch-all — needs manual review
AST-000190,PRJ-LOCAL-0901,ARCHIVE,UNKNOWN,TIER_4,NOT_USABLE,archive,NO,NO,DUP-00189,ALL,ALL,labeler-1.jpg,IMAGE,VERY_LOW,660,274,9288,Archive catch-all — needs manual review
AST-000191,PRJ-LOCAL-0901,ARCHIVE,UNKNOWN,TIER_4,NOT_USABLE,archive,NO,NO,DUP-00190,ALL,ALL,labeler-2.jpg,IMAGE,VERY_LOW,400,284,68766,Archive catch-all — needs manual review
AST-000192,PRJ-LOCAL-0901,ARCHIVE,UNKNOWN,TIER_4,NOT_USABLE,archive,NO,NO,DUP-00191,ALL,ALL,ladderrack.jpg,IMAGE,VERY_LOW,660,523,73441,Archive catch-all — needs manual review
AST-000193,PRJ-LOCAL-0901,ARCHIVE,UNKNOWN,TIER_4,NOT_USABLE,archive,NO,NO,DUP-00192,ALL,ALL,ladderrack2.jpg,IMAGE,VERY_LOW,660,495,69380,Archive catch-all — needs manual review
AST-000194,PRJ-LOCAL-0901,ARCHIVE,UNKNOWN,TIER_4,NOT_USABLE,archive,NO,NO,DUP-00193,ALL,ALL,medical_1.jpg,IMAGE,VERY_LOW,660,353,144380,Archive catch-all — needs manual review
AST-000195,PRJ-LOCAL-0901,ARCHIVE,UNKNOWN,TIER_4,NOT_USABLE,archive,NO,NO,DUP-00194,ALL,ALL,medical_2.jpg,IMAGE,VERY_LOW,400,284,76512,Archive catch-all — needs manual review
AST-000196,PRJ-LOCAL-0901,ARCHIVE,UNKNOWN,TIER_4,NOT_USABLE,archive,NO,NO,DUP-00195,ALL,ALL,medical_Advertising_1.jpg,IMAGE,VERY_LOW,660,218,82572,Archive catch-all — needs manual review
AST-000197,PRJ-LOCAL-0901,ARCHIVE,UNKNOWN,TIER_4,NOT_USABLE,archive,NO,NO,DUP-00196,ALL,ALL,medical_Advertising_2.jpg,IMAGE,VERY_LOW,400,284,34879,Archive catch-all — needs manual review
AST-000198,PRJ-LOCAL-0901,ARCHIVE,UNKNOWN,TIER_4,NOT_USABLE,archive,NO,NO,DUP-00197,ALL,ALL,medical_scale-1.jpg,IMAGE,VERY_LOW,660,341,22093,Archive catch-all — needs manual review
AST-000199,PRJ-LOCAL-0901,ARCHIVE,UNKNOWN,TIER_4,NOT_USABLE,archive,NO,NO,DUP-00198,ALL,ALL,medical_scale-2.jpg,IMAGE,VERY_LOW,400,284,11530,Archive catch-all — needs manual review
AST-000200,PRJ-LOCAL-0901,ARCHIVE,UNKNOWN,TIER_4,NOT_USABLE,archive,NO,NO,DUP-00199,ALL,ALL,military_phone-1.jpg,IMAGE,VERY_LOW,660,274,16415,Archive catch-all — needs manual review
AST-000201,PRJ-LOCAL-0901,ARCHIVE,UNKNOWN,TIER_4,NOT_USABLE,archive,NO,NO,DUP-00200,ALL,ALL,military_phone-2.jpg,IMAGE,VERY_LOW,400,284,44538,Archive catch-all — needs manual review
AST-000202,PRJ-LOCAL-0901,ARCHIVE,UNKNOWN,TIER_4,NOT_USABLE,archive,NO,NO,DUP-00201,ALL,ALL,misquamicut.jpg,IMAGE,VERY_LOW,636,515,47454,Archive catch-all — needs manual review
AST-000203,PRJ-LOCAL-0901,ARCHIVE,UNKNOWN,TIER_4,NOT_USABLE,archive,NO,NO,DUP-00202,ALL,ALL,misquamicut1.jpg,IMAGE,VERY_LOW,636,515,63464,Archive catch-all — needs manual review
AST-000204,PRJ-LOCAL-0901,ARCHIVE,UNKNOWN,TIER_4,NOT_USABLE,archive,NO,NO,DUP-00203,ALL,ALL,misquamicut2.jpg,IMAGE,VERY_LOW,636,515,47881,Archive catch-all — needs manual review
AST-000205,PRJ-LOCAL-0901,ARCHIVE,UNKNOWN,TIER_4,NOT_USABLE,archive,NO,NO,DUP-00204,ALL,ALL,misquamicut3.jpg,IMAGE,VERY_LOW,636,515,70331,Archive catch-all — needs manual review
AST-000206,PRJ-LOCAL-0901,ARCHIVE,UNKNOWN,TIER_4,NOT_USABLE,archive,NO,NO,DUP-00205,ALL,ALL,pap2.jpg,IMAGE,VERY_LOW,660,439,40440,Archive catch-all — needs manual review
AST-000207,PRJ-LOCAL-0901,ARCHIVE,UNKNOWN,TIER_4,NOT_USABLE,archive,NO,NO,DUP-00206,ALL,ALL,pap3.jpg,IMAGE,VERY_LOW,660,439,43788,Archive catch-all — needs manual review
AST-000208,PRJ-LOCAL-0901,ARCHIVE,UNKNOWN,TIER_4,NOT_USABLE,archive,NO,NO,DUP-00207,ALL,ALL,pap4.jpg,IMAGE,VERY_LOW,660,439,32796,Archive catch-all — needs manual review
AST-000209,PRJ-LOCAL-0901,ARCHIVE,UNKNOWN,TIER_4,NOT_USABLE,archive,NO,NO,DUP-00208,ALL,ALL,pap5.jpg,IMAGE,VERY_LOW,660,439,33994,Archive catch-all — needs manual review
AST-000210,PRJ-LOCAL-0901,ARCHIVE,UNKNOWN,TIER_4,NOT_USABLE,archive,NO,NO,DUP-00209,ALL,ALL,pap6.jpg,IMAGE,VERY_LOW,660,439,37006,Archive catch-all — needs manual review
AST-000211,PRJ-LOCAL-0901,ARCHIVE,UNKNOWN,TIER_4,NOT_USABLE,archive,NO,NO,DUP-00210,ALL,ALL,payphone.jpg,IMAGE,VERY_LOW,660,310,81269,Archive catch-all — needs manual review
AST-000212,PRJ-LOCAL-0901,ARCHIVE,UNKNOWN,TIER_4,NOT_USABLE,archive,NO,NO,DUP-00211,ALL,ALL,pedometer-1.jpg,IMAGE,VERY_LOW,660,341,25194,Archive catch-all — needs manual review
AST-000213,PRJ-LOCAL-0901,ARCHIVE,UNKNOWN,TIER_4,NOT_USABLE,archive,NO,NO,DUP-00212,ALL,ALL,pedometer-2.jpg,IMAGE,VERY_LOW,400,284,32599,Archive catch-all — needs manual review
AST-000214,PRJ-LOCAL-0901,ARCHIVE,UNKNOWN,TIER_4,NOT_USABLE,archive,NO,NO,DUP-00213,ALL,ALL,portable_shredder_1.jpg,IMAGE,VERY_LOW,660,369,76461,Archive catch-all — needs manual review
AST-000215,PRJ-LOCAL-0901,ARCHIVE,UNKNOWN,TIER_4,NOT_USABLE,archive,NO,NO,DUP-00214,ALL,ALL,portable_shredder_2.jpg,IMAGE,VERY_LOW,400,284,48591,Archive catch-all — needs manual review
AST-000216,PRJ-LOCAL-0901,ARCHIVE,UNKNOWN,TIER_4,NOT_USABLE,archive,NO,NO,DUP-00215,ALL,ALL,profile.jpg,IMAGE,VERY_LOW,660,274,52214,Archive catch-all — needs manual review
AST-000217,PRJ-LOCAL-0901,ARCHIVE,UNKNOWN,TIER_4,NOT_USABLE,archive,NO,NO,DUP-00216,ALL,ALL,profile_2.jpg,IMAGE,VERY_LOW,400,284,53445,Archive catch-all — needs manual review
AST-000218,PRJ-LOCAL-0901,ARCHIVE,EARLY_PROTOTYPE,TIER_4,NOT_USABLE,archive,NO,NO,DUP-00217,ALL,ALL,prototype_camera_hd.jpg,IMAGE,VERY_LOW,660,507,35919,Archive catch-all — needs manual review
AST-000219,PRJ-LOCAL-0901,ARCHIVE,EARLY_PROTOTYPE,TIER_4,NOT_USABLE,archive,NO,NO,DUP-00218,ALL,ALL,prototype_carbon_fiber.jpg,IMAGE,VERY_LOW,660,403,38041,Archive catch-all — needs manual review
AST-000220,PRJ-LOCAL-0901,ARCHIVE,EARLY_PROTOTYPE,TIER_4,NOT_USABLE,archive,NO,NO,DUP-00219,ALL,ALL,prototype_carbon_fiber2.jpg,IMAGE,VERY_LOW,660,439,51351,Archive catch-all — needs manual review
AST-000221,PRJ-LOCAL-0901,ARCHIVE,EARLY_PROTOTYPE,TIER_4,NOT_USABLE,archive,NO,NO,DUP-00220,ALL,ALL,prototype_clip_fdm.jpg,IMAGE,VERY_LOW,660,463,27403,Archive catch-all — needs manual review
AST-000222,PRJ-LOCAL-0901,ARCHIVE,EARLY_PROTOTYPE,TIER_4,NOT_USABLE,archive,NO,NO,DUP-00221,ALL,ALL,prototype_fdm.jpg,IMAGE,VERY_LOW,660,456,27204,Archive catch-all — needs manual review
AST-000223,PRJ-LOCAL-0901,ARCHIVE,EARLY_PROTOTYPE,TIER_4,NOT_USABLE,archive,NO,NO,DUP-00222,ALL,ALL,prototype_guitar_support.jpg,IMAGE,VERY_LOW,660,439,29374,Archive catch-all — needs manual review
AST-000224,PRJ-LOCAL-0901,ARCHIVE,EARLY_PROTOTYPE,TIER_4,NOT_USABLE,archive,NO,NO,DUP-00223,ALL,ALL,prototype_guitar_support2.jpg,IMAGE,VERY_LOW,660,476,33552,Archive catch-all — needs manual review
AST-000225,PRJ-LOCAL-0901,ARCHIVE,EARLY_PROTOTYPE,TIER_4,NOT_USABLE,archive,NO,NO,DUP-00224,ALL,ALL,prototype_remote1.jpg,IMAGE,VERY_LOW,660,439,26893,Archive catch-all — needs manual review
AST-000226,PRJ-LOCAL-0901,ARCHIVE,EARLY_PROTOTYPE,TIER_4,NOT_USABLE,archive,NO,NO,DUP-00225,ALL,ALL,prototype_remote2.jpg,IMAGE,VERY_LOW,660,439,32725,Archive catch-all — needs manual review
AST-000227,PRJ-LOCAL-0901,ARCHIVE,EARLY_PROTOTYPE,TIER_4,NOT_USABLE,archive,NO,NO,DUP-00226,ALL,ALL,prototype_remote3.jpg,IMAGE,VERY_LOW,660,439,21136,Archive catch-all — needs manual review
AST-000228,PRJ-LOCAL-0901,ARCHIVE,UNKNOWN,TIER_4,NOT_USABLE,archive,NO,NO,DUP-00227,ALL,ALL,putter_1.jpg,IMAGE,VERY_LOW,660,310,72720,Archive catch-all — needs manual review
AST-000229,PRJ-LOCAL-0901,ARCHIVE,UNKNOWN,TIER_4,NOT_USABLE,archive,NO,NO,DUP-00228,ALL,ALL,putter_2.jpg,IMAGE,VERY_LOW,400,284,68828,Archive catch-all — needs manual review
AST-000230,PRJ-LOCAL-0901,ARCHIVE,UNKNOWN,TIER_4,NOT_USABLE,archive,NO,NO,DUP-00229,ALL,ALL,remote.jpg,IMAGE,VERY_LOW,660,437,47655,Archive catch-all — needs manual review
AST-000231,PRJ-LOCAL-0901,ARCHIVE,UNKNOWN,TIER_4,NOT_USABLE,archive,NO,NO,DUP-00230,ALL,ALL,rollie1.jpg,IMAGE,VERY_LOW,660,440,66182,Archive catch-all — needs manual review
AST-000232,PRJ-LOCAL-0901,ARCHIVE,UNKNOWN,TIER_4,NOT_USABLE,archive,NO,NO,DUP-00231,ALL,ALL,rollie2.jpg,IMAGE,VERY_LOW,660,440,70663,Archive catch-all — needs manual review
AST-000233,PRJ-LOCAL-0901,ARCHIVE,UNKNOWN,TIER_4,NOT_USABLE,archive,NO,NO,DUP-00232,ALL,ALL,salt1.jpg,IMAGE,VERY_LOW,660,440,45652,Archive catch-all — needs manual review
AST-000234,PRJ-LOCAL-0901,ARCHIVE,UNKNOWN,TIER_4,NOT_USABLE,archive,NO,NO,DUP-00233,ALL,ALL,scale1.jpg,IMAGE,VERY_LOW,660,456,53725,Archive catch-all — needs manual review
AST-000235,PRJ-LOCAL-0901,ARCHIVE,UNKNOWN,TIER_4,NOT_USABLE,archive,NO,NO,DUP-00234,ALL,ALL,scale2.jpg,IMAGE,VERY_LOW,660,361,19585,Archive catch-all — needs manual review
AST-000236,PRJ-LOCAL-0901,ARCHIVE,UNKNOWN,TIER_4,NOT_USABLE,archive,NO,NO,DUP-00235,ALL,ALL,security_wand-1.jpg,IMAGE,VERY_LOW,660,341,115547,Archive catch-all — needs manual review
AST-000237,PRJ-LOCAL-0901,ARCHIVE,UNKNOWN,TIER_4,NOT_USABLE,archive,NO,NO,DUP-00236,ALL,ALL,security_wand-2.jpg,IMAGE,VERY_LOW,400,284,35908,Archive catch-all — needs manual review
AST-000238,PRJ-LOCAL-0901,ARCHIVE,UNKNOWN,TIER_4,NOT_USABLE,archive,NO,NO,DUP-00237,ALL,ALL,sports_bottle.jpg,IMAGE,VERY_LOW,660,310,15450,Archive catch-all — needs manual review
AST-000239,PRJ-LOCAL-0901,ARCHIVE,UNKNOWN,TIER_4,NOT_USABLE,archive,NO,NO,DUP-00238,ALL,ALL,sports_bottle_2.jpg,IMAGE,VERY_LOW,400,284,13834,Archive catch-all — needs manual review
AST-000240,PRJ-LOCAL-0901,ARCHIVE,UNKNOWN,TIER_4,NOT_USABLE,archive,NO,NO,DUP-00239,ALL,ALL,stretcher-1.jpg,IMAGE,VERY_LOW,660,341,60627,Archive catch-all — needs manual review
AST-000241,PRJ-LOCAL-0901,ARCHIVE,UNKNOWN,TIER_4,NOT_USABLE,archive,NO,NO,DUP-00240,ALL,ALL,stretcher-2.jpg,IMAGE,VERY_LOW,400,284,17469,Archive catch-all — needs manual review
AST-000242,PRJ-LOCAL-0901,ARCHIVE,UNKNOWN,TIER_4,NOT_USABLE,archive,NO,NO,DUP-00241,ALL,ALL,submersible_tablet_1.jpg,IMAGE,VERY_LOW,660,369,80713,Archive catch-all — needs manual review
AST-000243,PRJ-LOCAL-0901,ARCHIVE,UNKNOWN,TIER_4,NOT_USABLE,archive,NO,NO,DUP-00242,ALL,ALL,submersible_tablet_2.jpg,IMAGE,VERY_LOW,400,284,46186,Archive catch-all — needs manual review
AST-000244,PRJ-LOCAL-0901,ARCHIVE,UNKNOWN,TIER_4,NOT_USABLE,archive,NO,NO,DUP-00243,ALL,ALL,suitcase-1.jpg,IMAGE,VERY_LOW,660,369,29315,Archive catch-all — needs manual review
AST-000245,PRJ-LOCAL-0901,ARCHIVE,UNKNOWN,TIER_4,NOT_USABLE,archive,NO,NO,DUP-00244,ALL,ALL,suitcase-2.jpg,IMAGE,VERY_LOW,400,284,26774,Archive catch-all — needs manual review
AST-000246,PRJ-LOCAL-0901,ARCHIVE,UNKNOWN,TIER_4,NOT_USABLE,archive,NO,NO,DUP-00245,ALL,ALL,synergix-1.jpg,IMAGE,VERY_LOW,660,274,67935,Archive catch-all — needs manual review
AST-000247,PRJ-LOCAL-0901,ARCHIVE,UNKNOWN,TIER_4,NOT_USABLE,archive,NO,NO,DUP-00246,ALL,ALL,synergix-2.jpg,IMAGE,VERY_LOW,400,284,52397,Archive catch-all — needs manual review
AST-000248,PRJ-LOCAL-0901,ARCHIVE,UNKNOWN,TIER_4,NOT_USABLE,archive,NO,NO,DUP-00247,ALL,ALL,tablet_1.jpg,IMAGE,VERY_LOW,660,369,115075,Archive catch-all — needs manual review
AST-000249,PRJ-LOCAL-0901,ARCHIVE,UNKNOWN,TIER_4,NOT_USABLE,archive,NO,NO,DUP-00248,ALL,ALL,tablet_2.jpg,IMAGE,VERY_LOW,400,284,91124,Archive catch-all — needs manual review
AST-000250,PRJ-LOCAL-0901,ARCHIVE,UNKNOWN,TIER_3,NOT_USABLE,archive,NO,NO,DUP-00249,ALL,ALL,tam-main-elevs-front.jpg,IMAGE,LOW,1280,853,164585,Archive catch-all — needs manual review
AST-000251,PRJ-LOCAL-0901,ARCHIVE,UNKNOWN,TIER_3,NOT_USABLE,archive,NO,NO,DUP-00250,ALL,ALL,tam-main-elevs-side.jpg,IMAGE,LOW,1280,853,104391,Archive catch-all — needs manual review
AST-000252,PRJ-LOCAL-0901,ARCHIVE,UNKNOWN,TIER_4,NOT_USABLE,archive,NO,NO,DUP-00251,ALL,ALL,teether.jpg,IMAGE,VERY_LOW,660,401,48943,Archive catch-all — needs manual review
AST-000253,PRJ-LOCAL-0901,ARCHIVE,UNKNOWN,TIER_4,NOT_USABLE,archive,NO,NO,DUP-00252,ALL,ALL,tennis_ball_machine-1.jpg,IMAGE,VERY_LOW,660,341,20982,Archive catch-all — needs manual review
AST-000254,PRJ-LOCAL-0901,ARCHIVE,UNKNOWN,TIER_4,NOT_USABLE,archive,NO,NO,DUP-00253,ALL,ALL,tennis_ball_machine-2.jpg,IMAGE,VERY_LOW,400,284,16202,Archive catch-all — needs manual review
AST-000255,PRJ-LOCAL-0901,ARCHIVE,UNKNOWN,TIER_4,NOT_USABLE,archive,NO,NO,DUP-00254,ALL,ALL,therapy_bike.jpg,IMAGE,VERY_LOW,660,439,76699,Archive catch-all — needs manual review
AST-000256,PRJ-LOCAL-0901,ARCHIVE,UNKNOWN,TIER_4,NOT_USABLE,archive,NO,NO,DUP-00255,ALL,ALL,therapy_bike2.jpg,IMAGE,VERY_LOW,660,439,68869,Archive catch-all — needs manual review
AST-000257,PRJ-LOCAL-0901,ARCHIVE,UNKNOWN,TIER_4,NOT_USABLE,archive,NO,NO,DUP-00256,ALL,ALL,therapy_system-1.jpg,IMAGE,VERY_LOW,660,341,13906,Archive catch-all — needs manual review
AST-000258,PRJ-LOCAL-0901,ARCHIVE,UNKNOWN,TIER_4,NOT_USABLE,archive,NO,NO,DUP-00257,ALL,ALL,therapy_system-2.jpg,IMAGE,VERY_LOW,400,284,10130,Archive catch-all — needs manual review
AST-000259,PRJ-LOCAL-0901,ARCHIVE,UNKNOWN,TIER_4,NOT_USABLE,archive,NO,NO,DUP-00258,ALL,ALL,tmk.jpg,IMAGE,VERY_LOW,660,274,124597,Archive catch-all — needs manual review
AST-000260,PRJ-LOCAL-0901,ARCHIVE,UNKNOWN,TIER_4,NOT_USABLE,archive,NO,NO,DUP-00259,ALL,ALL,transportation_2.jpg,IMAGE,VERY_LOW,400,284,107758,Archive catch-all — needs manual review
AST-000261,PRJ-LOCAL-0901,ARCHIVE,UNKNOWN,TIER_4,NOT_USABLE,archive,NO,NO,DUP-00260,ALL,ALL,universal_remote_control.jpg,IMAGE,VERY_LOW,660,369,126766,Archive catch-all — needs manual review
AST-000262,PRJ-LOCAL-0901,ARCHIVE,UNKNOWN,TIER_4,NOT_USABLE,archive,NO,NO,DUP-00261,ALL,ALL,video_player_1.jpg,IMAGE,VERY_LOW,660,369,21776,Archive catch-all — needs manual review
AST-000263,PRJ-LOCAL-0901,ARCHIVE,UNKNOWN,TIER_4,NOT_USABLE,archive,NO,NO,DUP-00262,ALL,ALL,video_player_2.jpg,IMAGE,VERY_LOW,400,284,15303,Archive catch-all — needs manual review
AST-000264,PRJ-LOCAL-0901,ARCHIVE,UNKNOWN,TIER_4,NOT_USABLE,archive,NO,NO,DUP-00263,ALL,ALL,waterproof_case-1.jpg,IMAGE,VERY_LOW,660,341,33765,Archive catch-all — needs manual review
AST-000265,PRJ-LOCAL-0901,ARCHIVE,UNKNOWN,TIER_4,NOT_USABLE,archive,NO,NO,DUP-00264,ALL,ALL,windsor30.jpg,IMAGE,VERY_LOW,660,401,69295,Archive catch-all — needs manual review
AST-000266,PRJ-LOCAL-0901,ARCHIVE,UNKNOWN,TIER_4,NOT_USABLE,archive,NO,NO,DUP-00265,ALL,ALL,windsor30_1.jpg,IMAGE,VERY_LOW,660,401,22209,Archive catch-all — needs manual review
AST-000267,PRJ-LOCAL-0901,ARCHIVE,UNKNOWN,TIER_4,NOT_USABLE,archive,NO,NO,DUP-00266,ALL,ALL,your_lucky_eye.jpg,IMAGE,VERY_LOW,660,274,99020,Archive catch-all — needs manual review
AST-000268,PRJ-LOCAL-0092,GALLERY,FINAL_PRODUCT,TIER_4,NEEDS_RESTORE,gallery,YES,NO,DUP-00030,APPLIANCES,Air Conditioning Fan,FAN1.jpg,IMAGE,VERY_LOW,660,518,44337,
AST-000269,PRJ-LOCAL-0092,GALLERY,FINAL_PRODUCT,TIER_4,NEEDS_RESTORE,gallery,YES,NO,DUP-00031,APPLIANCES,Air Conditioning Fan,FAN2.jpg,IMAGE,VERY_LOW,660,518,62180,
AST-000270,PRJ-LOCAL-0092,GALLERY,FINAL_PRODUCT,TIER_4,NEEDS_RESTORE,gallery,YES,NO,DUP-00032,APPLIANCES,Air Conditioning Fan,FAN3.jpg,IMAGE,VERY_LOW,660,518,28672,
AST-000271,PRJ-LOCAL-0092,GALLERY,FINAL_PRODUCT,TIER_4,NEEDS_RESTORE,gallery,YES,NO,DUP-00140,APPLIANCES,Coffee Maker,coffee.jpg,IMAGE,VERY_LOW,660,576,69414,
AST-000272,PRJ-LOCAL-0092,GALLERY,FINAL_PRODUCT,TIER_4,NEEDS_RESTORE,gallery,YES,NO,DUP-00141,APPLIANCES,Coffee Maker,coffee2.jpg,IMAGE,VERY_LOW,660,576,42758,
AST-000273,PRJ-LOCAL-0092,GALLERY,FINAL_PRODUCT,TIER_4,NEEDS_RESTORE,gallery,YES,NO,DUP-00079,APPLIANCES,Refrigerator 1,Refrigerator_1.jpg,IMAGE,VERY_LOW,660,310,48992,
AST-000274,PRJ-LOCAL-0092,GALLERY,FINAL_PRODUCT,TIER_4,NEEDS_RESTORE,gallery,YES,NO,DUP-00080,APPLIANCES,Refrigerator 1,Refrigerator_1_b.jpg,IMAGE,VERY_LOW,400,284,42602,
AST-000275,PRJ-LOCAL-0092,GALLERY,FINAL_PRODUCT,TIER_4,NEEDS_RESTORE,gallery,YES,NO,DUP-00081,APPLIANCES,Refrigerator 2,Refrigerator_2-1.jpg,IMAGE,VERY_LOW,660,310,41727,
AST-000276,PRJ-LOCAL-0092,GALLERY,FINAL_PRODUCT,TIER_4,NEEDS_RESTORE,gallery,YES,NO,DUP-00082,APPLIANCES,Refrigerator 2,Refrigerator_2-1_2.jpg,IMAGE,VERY_LOW,400,284,41371,
AST-000277,PRJ-LOCAL-0092,GALLERY,FINAL_PRODUCT,TIER_4,NEEDS_RESTORE,gallery,YES,NO,DUP-00116,APPLIANCES,Vacuum Cleaner,Vacuum_Cleaner-1.jpg,IMAGE,VERY_LOW,660,310,95426,
AST-000278,PRJ-LOCAL-0092,GALLERY,FINAL_PRODUCT,TIER_4,NEEDS_RESTORE,gallery,YES,NO,DUP-00117,APPLIANCES,Vacuum Cleaner,Vacuum_Cleaner-2.jpg,IMAGE,VERY_LOW,400,284,12755,
AST-000279,PRJ-LOCAL-0006,GALLERY,FINAL_PRODUCT,TIER_4,NEEDS_RESTORE,gallery,YES,NO,DUP-00021,ARCHITECTURE,520 Madison Avenue NY,DSC02427.JPG,IMAGE,VERY_LOW,640,480,144835,
AST-000280,PRJ-LOCAL-0003,GALLERY,FINAL_PRODUCT,TIER_4,NEEDS_RESTORE,gallery,YES,NO,DUP-00013,ARCHITECTURE,Charlotte Office Interior,Charlotte  photos 11-20-09 084 (2).jpg,IMAGE,VERY_LOW,800,600,66502,
AST-000281,PRJ-LOCAL-0003,GALLERY,FINAL_PRODUCT,TIER_4,NEEDS_RESTORE,gallery,YES,NO,DUP-00014,ARCHITECTURE,Charlotte Office Interior,Charlotte  photos 11-20-09 087 (2).jpg,IMAGE,VERY_LOW,800,600,61145,
AST-000282,PRJ-LOCAL-0003,GALLERY,FINAL_PRODUCT,TIER_4,NEEDS_RESTORE,gallery,YES,NO,DUP-00015,ARCHITECTURE,Charlotte Office Interior,Charlotte  photos 11-20-09 092 (2).jpg,IMAGE,VERY_LOW,800,600,47226,
AST-000283,PRJ-LOCAL-0004,GALLERY,FINAL_PRODUCT,TIER_4,NEEDS_RESTORE,gallery,YES,NO,,ARCHITECTURE,Convent of the Sacred Heart,Sacred Heart-1.jpg,IMAGE,VERY_LOW,636,515,58256,
AST-000284,PRJ-LOCAL-0004,GALLERY,FINAL_PRODUCT,TIER_4,NEEDS_RESTORE,gallery,YES,NO,DUP-00091,ARCHITECTURE,Convent of the Sacred Heart,SacredHeart.jpg,IMAGE,VERY_LOW,636,515,83825,
AST-000285,PRJ-LOCAL-0004,GALLERY,FINAL_PRODUCT,TIER_4,NEEDS_RESTORE,gallery,YES,NO,DUP-00092,ARCHITECTURE,Convent of the Sacred Heart,SacredHeart3.jpg,IMAGE,VERY_LOW,636,515,53529,
AST-000286,PRJ-LOCAL-0005,GALLERY,FINAL_PRODUCT,TIER_4,NEEDS_RESTORE,gallery,YES,NO,DUP-00041,ARCHITECTURE,Hayderabad Phase II Project,Haydar1.jpg,IMAGE,VERY_LOW,640,427,55118,
AST-000287,PRJ-LOCAL-0005,GALLERY,FINAL_PRODUCT,TIER_4,NEEDS_RESTORE,gallery,YES,NO,DUP-00042,ARCHITECTURE,Hayderabad Phase II Project,Haydar2.jpg,IMAGE,VERY_LOW,640,427,54796,
AST-000288,PRJ-LOCAL-0005,GALLERY,FINAL_PRODUCT,TIER_4,NEEDS_RESTORE,gallery,YES,NO,DUP-00043,ARCHITECTURE,Hayderabad Phase II Project,Haydar3.jpg,IMAGE,VERY_LOW,640,427,64481,
AST-000289,PRJ-LOCAL-0002,FEATURE,FINAL_PRODUCT,TIER_4,NEEDS_RESTORE,project_page,YES,NO,DUP-00201,ARCHITECTURE,Misquamicut Beach Club,misquamicut.jpg,IMAGE,VERY_LOW,636,515,47454,
AST-000290,PRJ-LOCAL-0002,FEATURE,FINAL_PRODUCT,TIER_4,NEEDS_RESTORE,project_page,YES,NO,DUP-00202,ARCHITECTURE,Misquamicut Beach Club,misquamicut1.jpg,IMAGE,VERY_LOW,636,515,63464,
AST-000291,PRJ-LOCAL-0002,FEATURE,FINAL_PRODUCT,TIER_4,NEEDS_RESTORE,project_page,YES,NO,DUP-00203,ARCHITECTURE,Misquamicut Beach Club,misquamicut2.jpg,IMAGE,VERY_LOW,636,515,47881,
AST-000292,PRJ-LOCAL-0002,FEATURE,FINAL_PRODUCT,TIER_4,NEEDS_RESTORE,project_page,YES,NO,DUP-00204,ARCHITECTURE,Misquamicut Beach Club,misquamicut3.jpg,IMAGE,VERY_LOW,636,515,70331,
AST-000293,PRJ-LOCAL-0001,FEATURE,FINAL_PRODUCT,TIER_4,NEEDS_RESTORE,project_page,YES,NO,DUP-00105,ARCHITECTURE,Tamarack Country Club,TamarackCC1.jpg,IMAGE,VERY_LOW,636,515,43284,
AST-000294,PRJ-LOCAL-0001,FEATURE,FINAL_PRODUCT,TIER_4,NEEDS_RESTORE,project_page,YES,NO,,ARCHITECTURE,Tamarack Country Club,TamarackCC2.jpg,IMAGE,VERY_LOW,636,515,51451,
AST-000295,PRJ-LOCAL-0001,FEATURE,FINAL_PRODUCT,TIER_4,NEEDS_RESTORE,project_page,YES,NO,DUP-00106,ARCHITECTURE,Tamarack Country Club,TamarackCC3.jpg,IMAGE,VERY_LOW,636,515,50312,
AST-000296,PRJ-LOCAL-0001,FEATURE,FINAL_PRODUCT,TIER_4,NEEDS_RESTORE,project_page,YES,NO,DUP-00107,ARCHITECTURE,Tamarack Country Club,TamarackCC4.jpg,IMAGE,VERY_LOW,636,515,68959,
AST-000297,PRJ-LOCAL-0001,FEATURE,FINAL_PRODUCT,TIER_4,NEEDS_RESTORE,project_page,YES,NO,DUP-00108,ARCHITECTURE,Tamarack Country Club,TamarackCC5.jpg,IMAGE,VERY_LOW,636,515,56742,
AST-000298,PRJ-LOCAL-0001,FEATURE,FINAL_PRODUCT,TIER_4,NEEDS_RESTORE,project_page,YES,NO,DUP-00109,ARCHITECTURE,Tamarack Country Club,TamarackCountry.jpg,IMAGE,VERY_LOW,636,515,40277,
AST-000299,PRJ-LOCAL-0001,FEATURE,FINAL_PRODUCT,TIER_3,NEEDS_UPSCALE,project_page,YES,NO,DUP-00249,ARCHITECTURE,Tamarack Country Club,tam-main-elevs-front.jpg,IMAGE,LOW,1280,853,164585,
AST-000300,PRJ-LOCAL-0001,FEATURE,FINAL_PRODUCT,TIER_3,NEEDS_UPSCALE,project_page,YES,NO,DUP-00250,ARCHITECTURE,Tamarack Country Club,tam-main-elevs-side.jpg,IMAGE,LOW,1280,853,104391,
AST-000301,PRJ-LOCAL-0001,FEATURE,FINAL_PRODUCT,TIER_4,NEEDS_RESTORE,project_page,YES,NO,DUP-00110,ARCHITECTURE,Tamarack Pool House,TamarackPool.jpg,IMAGE,VERY_LOW,636,515,76054,
AST-000302,PRJ-LOCAL-0001,FEATURE,FINAL_PRODUCT,TIER_4,NEEDS_RESTORE,project_page,YES,NO,DUP-00111,ARCHITECTURE,Tamarack Pool House,TamarackPool1.jpg,IMAGE,VERY_LOW,636,515,70655,
AST-000303,PRJ-LOCAL-0085,GALLERY,FINAL_PRODUCT,TIER_4,NEEDS_RESTORE,gallery,YES,NO,DUP-00136,COMMERCIAL,Barcode Scanner,bs.jpg,IMAGE,VERY_LOW,660,274,8171,
AST-000304,PRJ-LOCAL-0085,GALLERY,FINAL_PRODUCT,TIER_4,NEEDS_RESTORE,gallery,YES,NO,DUP-00137,COMMERCIAL,Barcode Scanner,bs_2.jpg,IMAGE,VERY_LOW,400,284,67978,
AST-000305,PRJ-LOCAL-0085,GALLERY,FINAL_PRODUCT,TIER_4,NEEDS_RESTORE,gallery,YES,NO,DUP-00026,COMMERCIAL,Dictaphone,Dictaphone-1.jpg,IMAGE,VERY_LOW,660,274,80411,
AST-000306,PRJ-LOCAL-0085,GALLERY,FINAL_PRODUCT,TIER_4,NEEDS_RESTORE,gallery,YES,NO,DUP-00027,COMMERCIAL,Dictaphone,Dictaphone-2.jpg,IMAGE,VERY_LOW,400,284,71448,
AST-000307,PRJ-LOCAL-0052,GALLERY,FINAL_PRODUCT,TIER_4,NEEDS_RESTORE,gallery,YES,NO,DUP-00159,COMMERCIAL,Finger-Print Scanner,fps_1.jpg,IMAGE,VERY_LOW,660,274,7515,
AST-000308,PRJ-LOCAL-0052,GALLERY,FINAL_PRODUCT,TIER_4,NEEDS_RESTORE,gallery,YES,NO,DUP-00160,COMMERCIAL,Finger-Print Scanner,fps_2.jpg,IMAGE,VERY_LOW,400,284,74944,
AST-000309,PRJ-LOCAL-0053,GALLERY,FINAL_PRODUCT,TIER_4,NEEDS_RESTORE,gallery,YES,NO,DUP-00157,COMMERCIAL,Flight Planner,flight_planner-1.jpg,IMAGE,VERY_LOW,660,274,95174,
AST-000310,PRJ-LOCAL-0053,GALLERY,FINAL_PRODUCT,TIER_4,NEEDS_RESTORE,gallery,YES,NO,DUP-00158,COMMERCIAL,Flight Planner,flight_planner-2.jpg,IMAGE,VERY_LOW,400,284,107053,
AST-000311,PRJ-LOCAL-0085,GALLERY,FINAL_PRODUCT,TIER_4,NEEDS_RESTORE,gallery,YES,NO,DUP-00168,COMMERCIAL,Hand Dryer,hand_dryer_1.jpg,IMAGE,VERY_LOW,660,274,160861,
AST-000312,PRJ-LOCAL-0085,GALLERY,FINAL_PRODUCT,TIER_4,NEEDS_RESTORE,gallery,YES,NO,DUP-00169,COMMERCIAL,Hand Dryer,hand_dryer_2.jpg,IMAGE,VERY_LOW,400,284,52165,
AST-000313,PRJ-LOCAL-0054,GALLERY,FINAL_PRODUCT,TIER_4,NEEDS_RESTORE,gallery,YES,NO,DUP-00018,COMMERCIAL,Security Scanner,Commercia_img.jpg,IMAGE,VERY_LOW,660,369,13320,
AST-000314,PRJ-LOCAL-0054,GALLERY,FINAL_PRODUCT,TIER_4,NEEDS_RESTORE,gallery,YES,NO,DUP-00095,COMMERCIAL,Security Scanner,Security_Scanner-2.jpg,IMAGE,VERY_LOW,400,284,8796,
AST-000315,PRJ-LOCAL-0085,GALLERY,FINAL_PRODUCT,TIER_4,NEEDS_RESTORE,gallery,YES,NO,DUP-00096,COMMERCIAL,Soup Server,Soup_Server-1.jpg,IMAGE,VERY_LOW,660,274,103887,
AST-000316,PRJ-LOCAL-0085,GALLERY,FINAL_PRODUCT,TIER_4,NEEDS_RESTORE,gallery,YES,NO,DUP-00097,COMMERCIAL,Soup Server,Soup_Server-2.jpg,IMAGE,VERY_LOW,400,284,112486,
AST-000317,PRJ-LOCAL-0085,GALLERY,FINAL_PRODUCT,TIER_4,NEEDS_RESTORE,gallery,YES,NO,DUP-00099,COMMERCIAL,Staircase,Staircase-1.jpg,IMAGE,VERY_LOW,660,274,168155,
AST-000318,PRJ-LOCAL-0085,GALLERY,FINAL_PRODUCT,TIER_4,NEEDS_RESTORE,gallery,YES,NO,DUP-00100,COMMERCIAL,Staircase,Staircase-2.jpg,IMAGE,VERY_LOW,400,284,127726,
AST-000319,PRJ-LOCAL-0051,GALLERY,FINAL_PRODUCT,TIER_4,NEEDS_RESTORE,gallery,YES,NO,DUP-00174,COMMERCIAL,iaMedium,iaMedium-1.jpg,IMAGE,VERY_LOW,660,495,47631,
AST-000320,PRJ-LOCAL-0051,GALLERY,FINAL_PRODUCT,TIER_4,NEEDS_RESTORE,gallery,YES,NO,DUP-00175,COMMERCIAL,iaMedium,iaMedium-2.jpg,IMAGE,VERY_LOW,400,284,149660,
AST-000321,PRJ-LOCAL-0051,GALLERY,FINAL_PRODUCT,TIER_4,NEEDS_RESTORE,gallery,YES,NO,DUP-00176,COMMERCIAL,iaMedium,iaMedium-3.jpg,IMAGE,VERY_LOW,400,300,20305,
AST-000322,PRJ-LOCAL-0091,GALLERY,FINAL_PRODUCT,TIER_4,NEEDS_RESTORE,gallery,YES,NO,DUP-00008,COMMUNICATION,Business Phone,Business_phone-1.jpg,IMAGE,VERY_LOW,660,310,72622,
AST-000323,PRJ-LOCAL-0091,GALLERY,FINAL_PRODUCT,TIER_4,NEEDS_RESTORE,gallery,YES,NO,DUP-00072,COMMUNICATION,Business Phone,PHONE-1.jpg,IMAGE,VERY_LOW,400,598,105405,
AST-000324,PRJ-LOCAL-0091,GALLERY,FINAL_PRODUCT,TIER_4,NEEDS_RESTORE,gallery,YES,NO,DUP-00035,COMMUNICATION,GPS Navigator,GPS_Navigator-1.jpg,IMAGE,VERY_LOW,660,310,103306,
AST-000325,PRJ-LOCAL-0091,GALLERY,FINAL_PRODUCT,TIER_4,NEEDS_RESTORE,gallery,YES,NO,DUP-00036,COMMUNICATION,GPS Navigator,GPS_Navigator-2.jpg,IMAGE,VERY_LOW,400,284,94768,
AST-000326,PRJ-LOCAL-0091,GALLERY,FINAL_PRODUCT,TIER_4,NEEDS_RESTORE,gallery,YES,NO,DUP-00070,COMMUNICATION,PDA,PDA-1.jpg,IMAGE,VERY_LOW,660,310,114479,
AST-000327,PRJ-LOCAL-0091,GALLERY,FINAL_PRODUCT,TIER_4,NEEDS_RESTORE,gallery,YES,NO,DUP-00071,COMMUNICATION,PDA,PDA-2.jpg,IMAGE,VERY_LOW,400,284,73904,
AST-000328,PRJ-LOCAL-0091,GALLERY,FINAL_PRODUCT,TIER_4,NEEDS_RESTORE,gallery,YES,NO,DUP-00210,COMMUNICATION,Payphone,payphone.jpg,IMAGE,VERY_LOW,660,310,81269,
AST-000329,PRJ-LOCAL-0091,GALLERY,FINAL_PRODUCT,TIER_4,NEEDS_RESTORE,gallery,YES,NO,DUP-00118,COMMUNICATION,Walkie Talkie,Walkie_Talkie-1.jpg,IMAGE,VERY_LOW,660,310,39743,
AST-000330,PRJ-LOCAL-0091,GALLERY,FINAL_PRODUCT,TIER_4,NEEDS_RESTORE,gallery,YES,NO,DUP-00119,COMMUNICATION,Walkie Talkie,Walkie_Talkie-2.jpg,IMAGE,VERY_LOW,400,284,39395,
AST-000331,PRJ-LOCAL-0091,GALLERY,FINAL_PRODUCT,TIER_4,NEEDS_RESTORE,gallery,YES,NO,DUP-00019,COMMUNICATION,iPhone Case,Communication_main_2.jpg,IMAGE,VERY_LOW,400,284,47272,
AST-000332,PRJ-LOCAL-0091,GALLERY,FINAL_PRODUCT,TIER_4,NEEDS_RESTORE,gallery,YES,NO,DUP-00020,COMMUNICATION,iPhone Case,Communication_main_img.jpg,IMAGE,VERY_LOW,660,369,84233,
AST-000333,PRJ-LOCAL-0090,GALLERY,FINAL_PRODUCT,TIER_4,NEEDS_RESTORE,gallery,YES,NO,DUP-00138,CONSUMER ELECTRONICS,CD Player,cd_player_1.jpg,IMAGE,VERY_LOW,660,369,23939,
AST-000334,PRJ-LOCAL-0090,GALLERY,FINAL_PRODUCT,TIER_4,NEEDS_RESTORE,gallery,YES,NO,DUP-00139,CONSUMER ELECTRONICS,CD Player,cd_player_2.jpg,IMAGE,VERY_LOW,400,284,13837,
AST-000335,PRJ-LOCAL-0090,GALLERY,FINAL_PRODUCT,TIER_4,NEEDS_RESTORE,gallery,YES,NO,DUP-00009,CONSUMER ELECTRONICS,Cam Corder (Portable Camera),Camcorder-1.jpg,IMAGE,VERY_LOW,660,369,22887,
AST-000336,PRJ-LOCAL-0090,GALLERY,FINAL_PRODUCT,TIER_4,NEEDS_RESTORE,gallery,YES,NO,DUP-00010,CONSUMER ELECTRONICS,Cam Corder (Portable Camera),Camcorder-2.jpg,IMAGE,VERY_LOW,400,284,22444,
AST-000337,PRJ-LOCAL-0090,GALLERY,FINAL_PRODUCT,TIER_4,NEEDS_RESTORE,gallery,YES,NO,DUP-00022,CONSUMER ELECTRONICS,DVD Player,DVD Player.jpg,IMAGE,VERY_LOW,660,443,129884,
AST-000338,PRJ-LOCAL-0090,GALLERY,FINAL_PRODUCT,TIER_4,NEEDS_RESTORE,gallery,YES,NO,DUP-00023,CONSUMER ELECTRONICS,DVD Player,DVD Player_2.jpg,IMAGE,VERY_LOW,400,314,56699,
AST-000339,PRJ-LOCAL-0090,GALLERY,FINAL_PRODUCT,TIER_4,NEEDS_RESTORE,gallery,YES,NO,DUP-00039,CONSUMER ELECTRONICS,Handheld Massager,Handheld_Massager-1.jpg,IMAGE,VERY_LOW,660,369,23330,
AST-000340,PRJ-LOCAL-0090,GALLERY,FINAL_PRODUCT,TIER_4,NEEDS_RESTORE,gallery,YES,NO,DUP-00040,CONSUMER ELECTRONICS,Handheld Massager,Handheld_Massager-2.jpg,IMAGE,VERY_LOW,400,284,11547,
AST-000341,PRJ-LOCAL-0090,GALLERY,FINAL_PRODUCT,TIER_4,NEEDS_RESTORE,gallery,YES,NO,DUP-00170,CONSUMER ELECTRONICS,Hard Drive Tower,hard_drive_tower_1.jpg,IMAGE,VERY_LOW,660,369,19632,
AST-000342,PRJ-LOCAL-0090,GALLERY,FINAL_PRODUCT,TIER_4,NEEDS_RESTORE,gallery,YES,NO,DUP-00171,CONSUMER ELECTRONICS,Hard Drive Tower,hard_drive_tower_2.jpg,IMAGE,VERY_LOW,400,284,43803,
AST-000343,PRJ-LOCAL-0090,GALLERY,FINAL_PRODUCT,TIER_4,NEEDS_RESTORE,gallery,YES,NO,DUP-00213,CONSUMER ELECTRONICS,Portable Shredder,portable_shredder_1.jpg,IMAGE,VERY_LOW,660,369,76461,
AST-000344,PRJ-LOCAL-0090,GALLERY,FINAL_PRODUCT,TIER_4,NEEDS_RESTORE,gallery,YES,NO,DUP-00214,CONSUMER ELECTRONICS,Portable Shredder,portable_shredder_2.jpg,IMAGE,VERY_LOW,400,284,48591,
AST-000345,PRJ-LOCAL-0090,GALLERY,FINAL_PRODUCT,TIER_4,NEEDS_RESTORE,gallery,YES,NO,DUP-00241,CONSUMER ELECTRONICS,Submersible Tablet,submersible_tablet_1.jpg,IMAGE,VERY_LOW,660,369,80713,
AST-000346,PRJ-LOCAL-0090,GALLERY,FINAL_PRODUCT,TIER_4,NEEDS_RESTORE,gallery,YES,NO,DUP-00242,CONSUMER ELECTRONICS,Submersible Tablet,submersible_tablet_2.jpg,IMAGE,VERY_LOW,400,284,46186,
AST-000347,PRJ-LOCAL-0090,GALLERY,FINAL_PRODUCT,TIER_4,NEEDS_RESTORE,gallery,YES,NO,DUP-00247,CONSUMER ELECTRONICS,Tablet,tablet_1.jpg,IMAGE,VERY_LOW,660,369,115075,
AST-000348,PRJ-LOCAL-0090,GALLERY,FINAL_PRODUCT,TIER_4,NEEDS_RESTORE,gallery,YES,NO,DUP-00248,CONSUMER ELECTRONICS,Tablet,tablet_2.jpg,IMAGE,VERY_LOW,400,284,91124,
AST-000349,PRJ-LOCAL-0090,GALLERY,FINAL_PRODUCT,TIER_4,NEEDS_RESTORE,gallery,YES,NO,DUP-00229,CONSUMER ELECTRONICS,Universal Remote Control,remote.jpg,IMAGE,VERY_LOW,660,437,47655,
AST-000350,PRJ-LOCAL-0090,GALLERY,FINAL_PRODUCT,TIER_4,NEEDS_RESTORE,gallery,YES,NO,DUP-00260,CONSUMER ELECTRONICS,Universal Remote Control,universal_remote_control.jpg,IMAGE,VERY_LOW,660,369,126766,
AST-000351,PRJ-LOCAL-0090,GALLERY,FINAL_PRODUCT,TIER_4,NEEDS_RESTORE,gallery,YES,NO,DUP-00261,CONSUMER ELECTRONICS,Video Player,video_player_1.jpg,IMAGE,VERY_LOW,660,369,21776,
AST-000352,PRJ-LOCAL-0090,GALLERY,FINAL_PRODUCT,TIER_4,NEEDS_RESTORE,gallery,YES,NO,DUP-00262,CONSUMER ELECTRONICS,Video Player,video_player_2.jpg,IMAGE,VERY_LOW,400,284,15303,
AST-000353,PRJ-LOCAL-0090,GALLERY,FINAL_PRODUCT,TIER_4,NEEDS_RESTORE,gallery,YES,NO,DUP-00120,CONSUMER ELECTRONICS,Wireless Tower,Wireless_Tower_1.jpg,IMAGE,VERY_LOW,660,369,27025,
AST-000354,PRJ-LOCAL-0090,GALLERY,FINAL_PRODUCT,TIER_4,NEEDS_RESTORE,gallery,YES,NO,DUP-00121,CONSUMER ELECTRONICS,Wireless Tower,Wireless_Tower_2.jpg,IMAGE,VERY_LOW,400,284,22441,
AST-000355,PRJ-LOCAL-0070,GALLERY,MARKETING,TIER_4,NEEDS_RESTORE,gallery,YES,NO,DUP-00016,GRAPHIC,Cleanser,Cleanser-1.jpg,IMAGE,VERY_LOW,660,274,64706,
AST-000356,PRJ-LOCAL-0070,GALLERY,MARKETING,TIER_4,NEEDS_RESTORE,gallery,YES,NO,DUP-00017,GRAPHIC,Cleanser,Cleanser-2.jpg,IMAGE,VERY_LOW,400,284,77971,
AST-000357,PRJ-LOCAL-0070,GALLERY,MARKETING,TIER_4,NEEDS_RESTORE,gallery,YES,NO,DUP-00142,GRAPHIC,Da Benito,da_Benito_2.jpg,IMAGE,VERY_LOW,400,284,88108,
AST-000358,PRJ-LOCAL-0070,GALLERY,MARKETING,TIER_4,NEEDS_RESTORE,gallery,YES,NO,DUP-00143,GRAPHIC,Da Benito,da_benito-1.jpg,IMAGE,VERY_LOW,660,274,128035,
AST-000359,PRJ-LOCAL-0070,GALLERY,MARKETING,TIER_4,NEEDS_RESTORE,gallery,YES,NO,DUP-00044,GRAPHIC,Heavenly,Heavenly_Cigar-1.jpg,IMAGE,VERY_LOW,660,274,53043,
AST-000360,PRJ-LOCAL-0070,GALLERY,MARKETING,TIER_4,NEEDS_RESTORE,gallery,YES,NO,DUP-00183,GRAPHIC,Jewelry,jewelry.jpg,IMAGE,VERY_LOW,660,274,166704,
AST-000361,PRJ-LOCAL-0070,GALLERY,MARKETING,TIER_4,NEEDS_RESTORE,gallery,YES,NO,DUP-00184,GRAPHIC,Jewelry,jewelry_2.jpg,IMAGE,VERY_LOW,400,284,79557,
AST-000362,PRJ-LOCAL-0070,GALLERY,MARKETING,TIER_4,NEEDS_RESTORE,gallery,YES,NO,DUP-00055,GRAPHIC,MCL Cafeteria,MCL_Cafeteria-1.jpg,IMAGE,VERY_LOW,660,274,96704,
AST-000363,PRJ-LOCAL-0070,GALLERY,MARKETING,TIER_4,NEEDS_RESTORE,gallery,YES,NO,DUP-00056,GRAPHIC,MCL Cafeteria,MCL_Cafeteria-2.jpg,IMAGE,VERY_LOW,400,284,48829,
AST-000364,PRJ-LOCAL-0070,GALLERY,MARKETING,TIER_4,NEEDS_RESTORE,gallery,YES,NO,DUP-00061,GRAPHIC,Mastique,Mastique-1.jpg,IMAGE,VERY_LOW,660,274,83925,
AST-000365,PRJ-LOCAL-0070,GALLERY,MARKETING,TIER_4,NEEDS_RESTORE,gallery,YES,NO,DUP-00195,GRAPHIC,Medical Advertising,medical_Advertising_1.jpg,IMAGE,VERY_LOW,660,218,82572,
AST-000366,PRJ-LOCAL-0070,GALLERY,MARKETING,TIER_4,NEEDS_RESTORE,gallery,YES,NO,DUP-00196,GRAPHIC,Medical Advertising,medical_Advertising_2.jpg,IMAGE,VERY_LOW,400,284,34879,
AST-000367,PRJ-LOCAL-0070,GALLERY,MARKETING,TIER_4,NEEDS_RESTORE,gallery,YES,NO,DUP-00066,GRAPHIC,Naples Lumber,Naples_Lumber-1.jpg,IMAGE,VERY_LOW,660,274,90742,
AST-000368,PRJ-LOCAL-0070,GALLERY,MARKETING,TIER_4,NEEDS_RESTORE,gallery,YES,NO,DUP-00067,GRAPHIC,Naples Lumber,Naples_Lumber-2.jpg,IMAGE,VERY_LOW,400,284,103657,
AST-000369,PRJ-LOCAL-0070,GALLERY,MARKETING,TIER_4,NEEDS_RESTORE,gallery,YES,NO,DUP-00093,GRAPHIC,Sioux City Sarsaparilla,Sarsaparilla-1.jpg,IMAGE,VERY_LOW,116,511,80866,
AST-000370,PRJ-LOCAL-0070,GALLERY,MARKETING,TIER_4,NEEDS_RESTORE,gallery,YES,NO,DUP-00094,GRAPHIC,Sioux City Sarsaparilla,Sarsaparilla-2.jpg,IMAGE,VERY_LOW,400,284,125805,
AST-000371,PRJ-LOCAL-0030,FEATURE,FINAL_PRODUCT,TIER_4,NEEDS_RESTORE,project_page,YES,NO,DUP-00125,HOME GOODS,Adagio,adagio1.jpg,IMAGE,VERY_LOW,660,310,61668,
AST-000372,PRJ-LOCAL-0030,FEATURE,FINAL_PRODUCT,TIER_4,NEEDS_RESTORE,project_page,YES,NO,DUP-00126,HOME GOODS,Adagio,adagio2.jpg,IMAGE,VERY_LOW,400,375,18627,
AST-000373,PRJ-LOCAL-0093,GALLERY,FINAL_PRODUCT,TIER_4,NEEDS_RESTORE,gallery,YES,NO,DUP-00144,HOME GOODS,Dehumidifier,dehumidifier.jpg,IMAGE,VERY_LOW,660,310,21635,
AST-000374,PRJ-LOCAL-0093,GALLERY,FINAL_PRODUCT,TIER_4,NEEDS_RESTORE,gallery,YES,NO,DUP-00145,HOME GOODS,Dehumidifier,dehumidifier2.jpg,IMAGE,VERY_LOW,400,284,24690,
AST-000375,PRJ-LOCAL-0093,GALLERY,FINAL_PRODUCT,TIER_4,NEEDS_RESTORE,gallery,YES,NO,DUP-00049,HOME GOODS,Fan Tower,Ionizer-1.jpg,IMAGE,VERY_LOW,660,310,25288,
AST-000376,PRJ-LOCAL-0093,GALLERY,FINAL_PRODUCT,TIER_4,NEEDS_RESTORE,gallery,YES,NO,DUP-00050,HOME GOODS,Fan Tower,Ionizer-2.jpg,IMAGE,VERY_LOW,400,284,26525,
AST-000377,PRJ-LOCAL-0093,GALLERY,FINAL_PRODUCT,TIER_4,NEEDS_RESTORE,gallery,NO,NO,DUP-00049,HOME GOODS,Ionizer,Ionizer-1.jpg,IMAGE,VERY_LOW,660,310,25288,
AST-000378,PRJ-LOCAL-0093,GALLERY,FINAL_PRODUCT,TIER_4,NEEDS_RESTORE,gallery,NO,NO,DUP-00050,HOME GOODS,Ionizer,Ionizer-2.jpg,IMAGE,VERY_LOW,400,284,26525,
AST-000379,PRJ-LOCAL-0093,GALLERY,FINAL_PRODUCT,TIER_4,NEEDS_RESTORE,gallery,YES,NO,DUP-00098,HOME GOODS,Speaker Tower,Speaker_Tower-1.jpg,IMAGE,VERY_LOW,660,310,66116,
AST-000380,PRJ-LOCAL-0095,TECHNICAL,ENGINEERING,TIER_4,NEEDS_RESTORE,process_page,YES,NO,DUP-00172,INDUSTRIAL,Hydraulic Cross-section,hydraulic1.jpg,IMAGE,VERY_LOW,480,640,31117,
AST-000381,PRJ-LOCAL-0095,TECHNICAL,ENGINEERING,TIER_4,NEEDS_RESTORE,process_page,YES,NO,DUP-00173,INDUSTRIAL,Hydraulic Cross-section,hydraulic2.jpg,IMAGE,VERY_LOW,480,640,35508,
AST-000382,PRJ-LOCAL-0095,ARCHIVE,TECHNICAL,TIER_4,NOT_USABLE,archive,YES,NO,DUP-00177,INDUSTRIAL,Infrared Window,infrared1.jpg,IMAGE,VERY_LOW,660,432,51032,
AST-000383,PRJ-LOCAL-0095,ARCHIVE,TECHNICAL,TIER_4,NOT_USABLE,archive,YES,NO,DUP-00178,INDUSTRIAL,Infrared Window,infrared2.jpg,IMAGE,VERY_LOW,660,432,66123,
AST-000384,PRJ-LOCAL-0095,ARCHIVE,TECHNICAL,TIER_4,NOT_USABLE,archive,YES,NO,DUP-00189,INDUSTRIAL,Labeler,labeler-1.jpg,IMAGE,VERY_LOW,660,274,9288,
AST-000385,PRJ-LOCAL-0095,ARCHIVE,TECHNICAL,TIER_4,NOT_USABLE,archive,YES,NO,DUP-00190,INDUSTRIAL,Labeler,labeler-2.jpg,IMAGE,VERY_LOW,400,284,68766,
AST-000386,PRJ-LOCAL-0095,ARCHIVE,TECHNICAL,TIER_4,NOT_USABLE,archive,YES,NO,DUP-00057,INDUSTRIAL,Mail Extraction Machine,Mail_Extraction_Machine.jpg,IMAGE,VERY_LOW,660,274,17025,
AST-000387,PRJ-LOCAL-0095,ARCHIVE,TECHNICAL,TIER_4,NOT_USABLE,archive,YES,NO,DUP-00058,INDUSTRIAL,Mail Extraction Machine,Mail_Extraction_Machine_2.jpg,IMAGE,VERY_LOW,400,284,14956,
AST-000388,PRJ-LOCAL-0095,ARCHIVE,TECHNICAL,TIER_4,NOT_USABLE,archive,YES,NO,DUP-00245,INDUSTRIAL,Synergix,synergix-1.jpg,IMAGE,VERY_LOW,660,274,67935,
AST-000389,PRJ-LOCAL-0095,ARCHIVE,TECHNICAL,TIER_4,NOT_USABLE,archive,YES,NO,DUP-00246,INDUSTRIAL,Synergix,synergix-2.jpg,IMAGE,VERY_LOW,400,284,52397,
AST-000390,PRJ-LOCAL-0096,GALLERY,FINAL_PRODUCT,TIER_4,NEEDS_RESTORE,gallery,YES,NO,DUP-00187,KITCHENWARE,Kitchen Knife,knife.jpg,IMAGE,VERY_LOW,660,401,29159,
AST-000391,PRJ-LOCAL-0096,GALLERY,FINAL_PRODUCT,TIER_4,NEEDS_RESTORE,gallery,YES,NO,DUP-00188,KITCHENWARE,Kitchen Knife,knife33.jpg,IMAGE,VERY_LOW,660,455,21125,
AST-000392,PRJ-LOCAL-0096,GALLERY,FINAL_PRODUCT,TIER_4,NEEDS_RESTORE,gallery,YES,NO,DUP-00230,KITCHENWARE,Paper HolderDispenser,rollie1.jpg,IMAGE,VERY_LOW,660,440,66182,
AST-000393,PRJ-LOCAL-0096,GALLERY,FINAL_PRODUCT,TIER_4,NEEDS_RESTORE,gallery,YES,NO,DUP-00231,KITCHENWARE,Paper HolderDispenser,rollie2.jpg,IMAGE,VERY_LOW,660,440,70663,
AST-000394,PRJ-LOCAL-0096,GALLERY,FINAL_PRODUCT,TIER_4,NEEDS_RESTORE,gallery,YES,NO,DUP-00166,KITCHENWARE,Recycle Bin,greencan.jpg,IMAGE,VERY_LOW,660,432,32527,
AST-000395,PRJ-LOCAL-0096,GALLERY,FINAL_PRODUCT,TIER_4,NEEDS_RESTORE,gallery,YES,NO,DUP-00167,KITCHENWARE,Recycle Bin,greencan2.jpg,IMAGE,VERY_LOW,660,432,42232,
AST-000396,PRJ-LOCAL-0096,GALLERY,FINAL_PRODUCT,TIER_4,NEEDS_RESTORE,gallery,YES,NO,DUP-00089,KITCHENWARE,Salt and Pepper Shaker,SALT-017.jpg,IMAGE,VERY_LOW,660,361,15329,
AST-000397,PRJ-LOCAL-0096,GALLERY,FINAL_PRODUCT,TIER_4,NEEDS_RESTORE,gallery,YES,NO,DUP-00232,KITCHENWARE,Salt and Pepper Shaker,salt1.jpg,IMAGE,VERY_LOW,660,440,45652,
AST-000398,PRJ-LOCAL-0096,GALLERY,FINAL_PRODUCT,TIER_4,NEEDS_RESTORE,gallery,YES,NO,DUP-00233,KITCHENWARE,Scale,scale1.jpg,IMAGE,VERY_LOW,660,456,53725,
AST-000399,PRJ-LOCAL-0096,GALLERY,FINAL_PRODUCT,TIER_4,NEEDS_RESTORE,gallery,YES,NO,DUP-00234,KITCHENWARE,Scale,scale2.jpg,IMAGE,VERY_LOW,660,361,19585,
AST-000400,PRJ-LOCAL-0040,GALLERY,FINAL_PRODUCT,TIER_4,NEEDS_RESTORE,gallery,YES,NO,DUP-00127,MEDICAL,Aesthetic Treatment Machine,aesthetic_1.jpg,IMAGE,VERY_LOW,660,341,77918,
AST-000401,PRJ-LOCAL-0040,GALLERY,FINAL_PRODUCT,TIER_4,NEEDS_RESTORE,gallery,YES,NO,DUP-00128,MEDICAL,Aesthetic Treatment Machine,aesthetic_2.jpg,IMAGE,VERY_LOW,400,284,81256,
AST-000402,PRJ-LOCAL-0040,GALLERY,FINAL_PRODUCT,TIER_4,NEEDS_RESTORE,gallery,YES,NO,DUP-00133,MEDICAL,Blood Pressure Monitor,bpm_1.jpg,IMAGE,VERY_LOW,660,341,23555,
AST-000403,PRJ-LOCAL-0040,GALLERY,FINAL_PRODUCT,TIER_4,NEEDS_RESTORE,gallery,YES,NO,DUP-00134,MEDICAL,Blood Pressure Monitor,bpm_2.jpg,IMAGE,VERY_LOW,400,284,17363,
AST-000404,PRJ-LOCAL-0040,GALLERY,FINAL_PRODUCT,TIER_4,NEEDS_RESTORE,gallery,YES,NO,DUP-00193,MEDICAL,Defibrillator,medical_1.jpg,IMAGE,VERY_LOW,660,353,144380,
AST-000405,PRJ-LOCAL-0040,GALLERY,FINAL_PRODUCT,TIER_4,NEEDS_RESTORE,gallery,YES,NO,DUP-00194,MEDICAL,Defibrillator,medical_2.jpg,IMAGE,VERY_LOW,400,284,76512,
AST-000406,PRJ-LOCAL-0040,GALLERY,FINAL_PRODUCT,TIER_4,NEEDS_RESTORE,gallery,YES,NO,DUP-00146,MEDICAL,Dental Jet,dental-1.jpg,IMAGE,VERY_LOW,660,341,18178,
AST-000407,PRJ-LOCAL-0040,GALLERY,FINAL_PRODUCT,TIER_4,NEEDS_RESTORE,gallery,YES,NO,DUP-00147,MEDICAL,Dental Jet,dental-2.jpg,IMAGE,VERY_LOW,400,284,13941,
AST-000408,PRJ-LOCAL-0040,GALLERY,FINAL_PRODUCT,TIER_4,NEEDS_RESTORE,gallery,YES,NO,DUP-00151,MEDICAL,Dynamometer,dynamometer-1.jpg,IMAGE,VERY_LOW,660,341,17153,
AST-000409,PRJ-LOCAL-0040,GALLERY,FINAL_PRODUCT,TIER_4,NEEDS_RESTORE,gallery,YES,NO,DUP-00152,MEDICAL,Dynamometer,dynamometer-2.jpg,IMAGE,VERY_LOW,400,284,15255,
AST-000410,PRJ-LOCAL-0040,GALLERY,FINAL_PRODUCT,TIER_4,NEEDS_RESTORE,gallery,YES,NO,DUP-00197,MEDICAL,Medical Hospital Scale,medical_scale-1.jpg,IMAGE,VERY_LOW,660,341,22093,
AST-000411,PRJ-LOCAL-0040,GALLERY,FINAL_PRODUCT,TIER_4,NEEDS_RESTORE,gallery,YES,NO,DUP-00198,MEDICAL,Medical Hospital Scale,medical_scale-2.jpg,IMAGE,VERY_LOW,400,284,11530,
AST-000412,PRJ-LOCAL-0040,GALLERY,FINAL_PRODUCT,TIER_4,NEEDS_RESTORE,gallery,YES,NO,DUP-00075,MEDICAL,Portable Scanner,Portable_Scanner-1.jpg,IMAGE,VERY_LOW,660,380,36521,
AST-000413,PRJ-LOCAL-0040,GALLERY,FINAL_PRODUCT,TIER_4,NEEDS_RESTORE,gallery,YES,NO,DUP-00076,MEDICAL,Portable Scanner,Portable_Scanner-2.jpg,IMAGE,VERY_LOW,400,284,62924,
AST-000414,PRJ-LOCAL-0040,GALLERY,FINAL_PRODUCT,TIER_4,NEEDS_RESTORE,gallery,YES,NO,DUP-00090,MEDICAL,Spine Board,STRE-050.jpg,IMAGE,VERY_LOW,660,440,78425,
AST-000415,PRJ-LOCAL-0040,GALLERY,FINAL_PRODUCT,TIER_4,NEEDS_RESTORE,gallery,YES,NO,DUP-00239,MEDICAL,Spine Board,stretcher-1.jpg,IMAGE,VERY_LOW,660,341,60627,
AST-000416,PRJ-LOCAL-0040,GALLERY,FINAL_PRODUCT,TIER_4,NEEDS_RESTORE,gallery,YES,NO,DUP-00240,MEDICAL,Spine Board,stretcher-2.jpg,IMAGE,VERY_LOW,400,284,17469,
AST-000417,PRJ-LOCAL-0040,GALLERY,FINAL_PRODUCT,TIER_4,NEEDS_RESTORE,gallery,YES,NO,DUP-00256,MEDICAL,Therapy System,therapy_system-1.jpg,IMAGE,VERY_LOW,660,341,13906,
AST-000418,PRJ-LOCAL-0040,GALLERY,FINAL_PRODUCT,TIER_4,NEEDS_RESTORE,gallery,YES,NO,DUP-00257,MEDICAL,Therapy System,therapy_system-2.jpg,IMAGE,VERY_LOW,400,284,10130,
AST-000419,PRJ-LOCAL-0040,GALLERY,FINAL_PRODUCT,TIER_4,NEEDS_RESTORE,gallery,YES,NO,DUP-00112,MEDICAL,Thermometer,Thermometer-1.jpg,IMAGE,VERY_LOW,660,341,19908,
AST-000420,PRJ-LOCAL-0040,GALLERY,FINAL_PRODUCT,TIER_4,NEEDS_RESTORE,gallery,YES,NO,DUP-00113,MEDICAL,Thermometer,Thermometer-2.jpg,IMAGE,VERY_LOW,400,284,11229,
AST-000421,PRJ-LOCAL-0050,GALLERY,FINAL_PRODUCT,TIER_4,NEEDS_RESTORE,gallery,YES,NO,DUP-00002,MILITARY,Armored Vehicle Camera,ArmoredVehicleCamera-1.jpg,IMAGE,VERY_LOW,660,274,48130,
AST-000422,PRJ-LOCAL-0050,GALLERY,FINAL_PRODUCT,TIER_4,NEEDS_RESTORE,gallery,YES,NO,DUP-00003,MILITARY,Armored Vehicle Camera,ArmoredVehicleCamera-2.jpg,IMAGE,VERY_LOW,400,284,26200,
AST-000423,PRJ-LOCAL-0050,GALLERY,FINAL_PRODUCT,TIER_4,NEEDS_RESTORE,gallery,YES,NO,DUP-00004,MILITARY,Binoculars,Binoculars-1.jpg,IMAGE,VERY_LOW,660,274,19627,
AST-000424,PRJ-LOCAL-0050,GALLERY,FINAL_PRODUCT,TIER_4,NEEDS_RESTORE,gallery,YES,NO,DUP-00005,MILITARY,Binoculars,Binoculars-2.jpg,IMAGE,VERY_LOW,400,284,41431,
AST-000425,PRJ-LOCAL-0050,GALLERY,FINAL_PRODUCT,TIER_4,NEEDS_RESTORE,gallery,YES,NO,DUP-00131,MILITARY,Bomb Squad Remote,bomb_squad_remote-1.jpg,IMAGE,VERY_LOW,660,274,15153,
AST-000426,PRJ-LOCAL-0050,GALLERY,FINAL_PRODUCT,TIER_4,NEEDS_RESTORE,gallery,YES,NO,DUP-00132,MILITARY,Bomb Squad Remote,bomb_squad_remote-2.jpg,IMAGE,VERY_LOW,400,284,28324,
AST-000427,PRJ-LOCAL-0050,GALLERY,FINAL_PRODUCT,TIER_4,NEEDS_RESTORE,gallery,YES,NO,DUP-00006,MILITARY,Bomb Squad Robot,Bomb_Squad_Robot-1.jpg,IMAGE,VERY_LOW,660,274,19081,
AST-000428,PRJ-LOCAL-0050,GALLERY,FINAL_PRODUCT,TIER_4,NEEDS_RESTORE,gallery,YES,NO,DUP-00007,MILITARY,Bomb Squad Robot,Bomb_Squad_Robot-2.jpg,IMAGE,VERY_LOW,400,284,29628,
AST-000429,PRJ-LOCAL-0050,GALLERY,FINAL_PRODUCT,TIER_4,NEEDS_RESTORE,gallery,YES,NO,DUP-00153,MILITARY,Emergency Beacon,emergency_beacon-1.jpg,IMAGE,VERY_LOW,660,341,48251,
AST-000430,PRJ-LOCAL-0050,GALLERY,FINAL_PRODUCT,TIER_4,NEEDS_RESTORE,gallery,YES,NO,DUP-00154,MILITARY,Emergency Beacon,emergency_beacon-2.jpg,IMAGE,VERY_LOW,400,284,17577,
AST-000431,PRJ-LOCAL-0052,GALLERY,FINAL_PRODUCT,TIER_4,NEEDS_RESTORE,gallery,NO,NO,DUP-00159,MILITARY,Finger-Print Scanner,fps_1.jpg,IMAGE,VERY_LOW,660,274,7515,
AST-000432,PRJ-LOCAL-0052,GALLERY,FINAL_PRODUCT,TIER_4,NEEDS_RESTORE,gallery,NO,NO,DUP-00160,MILITARY,Finger-Print Scanner,fps_2.jpg,IMAGE,VERY_LOW,400,284,74944,
AST-000433,PRJ-LOCAL-0050,ARCHIVE,PACKAGING,TIER_4,NOT_USABLE,archive,YES,NO,DUP-00155,MILITARY,Flight Box,flight_box-2.jpg,IMAGE,VERY_LOW,400,284,28685,
AST-000434,PRJ-LOCAL-0050,ARCHIVE,PACKAGING,TIER_4,NOT_USABLE,archive,YES,NO,DUP-00156,MILITARY,Flight Box,flight_box.jpg,IMAGE,VERY_LOW,660,274,22549,
AST-000435,PRJ-LOCAL-0053,GALLERY,FINAL_PRODUCT,TIER_4,NEEDS_RESTORE,gallery,NO,NO,DUP-00157,MILITARY,Flight Planner,flight_planner-1.jpg,IMAGE,VERY_LOW,660,274,95174,
AST-000436,PRJ-LOCAL-0053,GALLERY,FINAL_PRODUCT,TIER_4,NEEDS_RESTORE,gallery,NO,NO,DUP-00158,MILITARY,Flight Planner,flight_planner-2.jpg,IMAGE,VERY_LOW,400,284,107053,
AST-000437,PRJ-LOCAL-0050,GALLERY,FINAL_PRODUCT,TIER_4,NEEDS_RESTORE,gallery,YES,NO,DUP-00037,MILITARY,Gyrocam,Gyrocam-1.jpg,IMAGE,VERY_LOW,660,274,41073,
AST-000438,PRJ-LOCAL-0050,GALLERY,FINAL_PRODUCT,TIER_4,NEEDS_RESTORE,gallery,YES,NO,DUP-00038,MILITARY,Gyrocam,Gyrocam-2.jpg,IMAGE,VERY_LOW,400,284,14414,
AST-000439,PRJ-LOCAL-0050,GALLERY,FINAL_PRODUCT,TIER_4,NEEDS_RESTORE,gallery,YES,NO,DUP-00059,MILITARY,Manpack,Manpack-1.jpg,IMAGE,VERY_LOW,660,274,38893,
AST-000440,PRJ-LOCAL-0050,GALLERY,FINAL_PRODUCT,TIER_4,NEEDS_RESTORE,gallery,YES,NO,DUP-00060,MILITARY,Manpack,Manpack-2.jpg,IMAGE,VERY_LOW,400,284,34438,
AST-000441,PRJ-LOCAL-0050,GALLERY,FINAL_PRODUCT,TIER_4,NEEDS_RESTORE,gallery,YES,NO,DUP-00199,MILITARY,Military Phone,military_phone-1.jpg,IMAGE,VERY_LOW,660,274,16415,
AST-000442,PRJ-LOCAL-0050,GALLERY,FINAL_PRODUCT,TIER_4,NEEDS_RESTORE,gallery,YES,NO,DUP-00200,MILITARY,Military Phone,military_phone-2.jpg,IMAGE,VERY_LOW,400,284,44538,
AST-000443,PRJ-LOCAL-0050,GALLERY,FINAL_PRODUCT,TIER_4,NEEDS_RESTORE,gallery,YES,NO,DUP-00073,MILITARY,POD for UAV,POD_1.jpg,IMAGE,VERY_LOW,660,274,52291,
AST-000444,PRJ-LOCAL-0050,GALLERY,FINAL_PRODUCT,TIER_4,NEEDS_RESTORE,gallery,YES,NO,DUP-00074,MILITARY,POD for UAV,POD_2.jpg,IMAGE,VERY_LOW,400,284,136510,
AST-000445,PRJ-LOCAL-0050,GALLERY,FINAL_PRODUCT,TIER_4,NEEDS_RESTORE,gallery,YES,NO,DUP-00077,MILITARY,Rackmount Enclosure,Rackmount_Enclosure-1.jpg,IMAGE,VERY_LOW,660,158,28651,
AST-000446,PRJ-LOCAL-0050,GALLERY,FINAL_PRODUCT,TIER_4,NEEDS_RESTORE,gallery,YES,NO,DUP-00078,MILITARY,Rackmount Enclosure,Rackmount_Enclosure-2.jpg,IMAGE,VERY_LOW,400,284,72620,
AST-000447,PRJ-LOCAL-0050,GALLERY,FINAL_PRODUCT,TIER_4,NEEDS_RESTORE,gallery,YES,NO,DUP-00083,MILITARY,Rifle Scope,Rifle_Scope-1.jpg,IMAGE,VERY_LOW,660,274,65611,
AST-000448,PRJ-LOCAL-0050,GALLERY,FINAL_PRODUCT,TIER_4,NEEDS_RESTORE,gallery,YES,NO,DUP-00084,MILITARY,Rifle Scope,Rifle_Scope-2.jpg,IMAGE,VERY_LOW,400,284,65222,
AST-000449,PRJ-LOCAL-0050,GALLERY,FINAL_PRODUCT,TIER_4,NEEDS_RESTORE,gallery,YES,NO,DUP-00087,MILITARY,Rugged Computer,Rugged_Computer-1.jpg,IMAGE,VERY_LOW,660,274,23517,
AST-000450,PRJ-LOCAL-0050,GALLERY,FINAL_PRODUCT,TIER_4,NEEDS_RESTORE,gallery,YES,NO,DUP-00088,MILITARY,Rugged Computer,Rugged_Computer-2.jpg,IMAGE,VERY_LOW,400,284,15641,
AST-000451,PRJ-LOCAL-0054,GALLERY,FINAL_PRODUCT,TIER_4,NEEDS_RESTORE,gallery,NO,NO,DUP-00018,MILITARY,Security Scanner,Commercia_img.jpg,IMAGE,VERY_LOW,660,369,13320,
AST-000452,PRJ-LOCAL-0054,GALLERY,FINAL_PRODUCT,TIER_4,NEEDS_RESTORE,gallery,NO,NO,DUP-00095,MILITARY,Security Scanner,Security_Scanner-2.jpg,IMAGE,VERY_LOW,400,284,8796,
AST-000453,PRJ-LOCAL-0050,GALLERY,FINAL_PRODUCT,TIER_4,NEEDS_RESTORE,gallery,YES,NO,DUP-00235,MILITARY,Security Wand,security_wand-1.jpg,IMAGE,VERY_LOW,660,341,115547,
AST-000454,PRJ-LOCAL-0050,GALLERY,FINAL_PRODUCT,TIER_4,NEEDS_RESTORE,gallery,YES,NO,DUP-00236,MILITARY,Security Wand,security_wand-2.jpg,IMAGE,VERY_LOW,400,284,35908,
AST-000455,PRJ-LOCAL-0050,GALLERY,FINAL_PRODUCT,TIER_4,NEEDS_RESTORE,gallery,YES,NO,DUP-00243,MILITARY,Suitcase,suitcase-1.jpg,IMAGE,VERY_LOW,660,369,29315,
AST-000456,PRJ-LOCAL-0050,GALLERY,FINAL_PRODUCT,TIER_4,NEEDS_RESTORE,gallery,YES,NO,DUP-00244,MILITARY,Suitcase,suitcase-2.jpg,IMAGE,VERY_LOW,400,284,26774,
AST-000457,PRJ-LOCAL-0050,GALLERY,FINAL_PRODUCT,TIER_4,NEEDS_RESTORE,gallery,YES,NO,DUP-00129,MILITARY,Tac-Eye Binocular,binocular_01.jpg,IMAGE,VERY_LOW,660,310,25114,
AST-000458,PRJ-LOCAL-0050,GALLERY,FINAL_PRODUCT,TIER_4,NEEDS_RESTORE,gallery,YES,NO,DUP-00130,MILITARY,Tac-Eye Binocular,binocular_02.jpg,IMAGE,VERY_LOW,400,284,14124,
AST-000459,PRJ-LOCAL-0051,GALLERY,FINAL_PRODUCT,TIER_4,NEEDS_RESTORE,gallery,NO,NO,DUP-00174,MILITARY,iaMedium,iaMedium-1.jpg,IMAGE,VERY_LOW,660,495,47631,
AST-000460,PRJ-LOCAL-0051,GALLERY,FINAL_PRODUCT,TIER_4,NEEDS_RESTORE,gallery,NO,NO,DUP-00176,MILITARY,iaMedium,iaMedium-3.jpg,IMAGE,VERY_LOW,400,300,20305,
AST-000461,PRJ-LOCAL-0012,GALLERY,FINAL_PRODUCT,TIER_4,NEEDS_RESTORE,gallery,YES,NO,DUP-00148,MISCELLANEOUS,Dubai International Boat Show,dubai_boat_show1.jpg,IMAGE,VERY_LOW,660,401,50383,
AST-000462,PRJ-LOCAL-0012,GALLERY,FINAL_PRODUCT,TIER_4,NEEDS_RESTORE,gallery,YES,NO,DUP-00149,MISCELLANEOUS,Dubai International Boat Show,dubai_boat_show2.jpg,IMAGE,VERY_LOW,660,401,48739,
AST-000463,PRJ-LOCAL-0012,GALLERY,FINAL_PRODUCT,TIER_4,NEEDS_RESTORE,gallery,YES,NO,DUP-00150,MISCELLANEOUS,Dubai International Boat Show,dubai_boat_show3.jpg,IMAGE,VERY_LOW,660,401,47781,
AST-000464,PRJ-LOCAL-0098,GALLERY,FINAL_PRODUCT,TIER_4,NEEDS_RESTORE,gallery,YES,NO,DUP-00191,MISCELLANEOUS,Ladder Rack,ladderrack.jpg,IMAGE,VERY_LOW,660,523,73441,
AST-000465,PRJ-LOCAL-0098,GALLERY,FINAL_PRODUCT,TIER_4,NEEDS_RESTORE,gallery,YES,NO,DUP-00192,MISCELLANEOUS,Ladder Rack,ladderrack2.jpg,IMAGE,VERY_LOW,660,495,69380,
AST-000466,PRJ-LOCAL-0031,GALLERY,FINAL_PRODUCT,TIER_4,NEEDS_RESTORE,gallery,YES,NO,DUP-00047,MISCELLANEOUS,iPad Cover,IPM-009_LR.jpg,IMAGE,VERY_LOW,660,440,36976,
AST-000467,PRJ-LOCAL-0031,GALLERY,FINAL_PRODUCT,TIER_4,NEEDS_RESTORE,gallery,YES,NO,DUP-00048,MISCELLANEOUS,iPad Cover,IPM-010_LR.jpg,IMAGE,VERY_LOW,660,513,65860,
AST-000468,PRJ-LOCAL-0031,GALLERY,FINAL_PRODUCT,TIER_4,NEEDS_RESTORE,gallery,YES,NO,DUP-00179,MISCELLANEOUS,iPad Cover,ipm-008_LR.jpg,IMAGE,VERY_LOW,660,511,65867,
AST-000469,PRJ-LOCAL-0900,ARCHIVE,UNKNOWN,TIER_1,NOT_USABLE,archive,YES,NO,,OLD,OLD,000.jpg,IMAGE,VERY_HIGH,5100,3300,3184126,Archive catch-all — needs manual review
AST-000470,PRJ-LOCAL-0900,ARCHIVE,UNKNOWN,TIER_1,NOT_USABLE,archive,YES,NO,,OLD,OLD,11.jpg,IMAGE,VERY_HIGH,5100,3300,4261631,Archive catch-all — needs manual review
AST-000471,PRJ-LOCAL-0900,ARCHIVE,UNKNOWN,TIER_1,NOT_USABLE,archive,YES,NO,,OLD,OLD,110713-GLASS0.jpg,IMAGE,VERY_HIGH,5100,3300,5021974,Archive catch-all — needs manual review
AST-000472,PRJ-LOCAL-0900,ARCHIVE,UNKNOWN,TIER_1,NOT_USABLE,archive,YES,NO,,OLD,OLD,110713-GLASS2.jpg,IMAGE,VERY_HIGH,5100,3300,4009864,Archive catch-all — needs manual review
AST-000473,PRJ-LOCAL-0900,ARCHIVE,UNKNOWN,TIER_3,NOT_USABLE,archive,YES,NO,,OLD,OLD,12.jpg,IMAGE,LOW,1400,1200,211481,Archive catch-all — needs manual review
AST-000474,PRJ-LOCAL-0900,ARCHIVE,UNKNOWN,TIER_4,NOT_USABLE,archive,YES,NO,,OLD,OLD,123_design_blog_new_products_1-(1).jpg,IMAGE,VERY_LOW,576,576,81412,Archive catch-all — needs manual review
AST-000475,PRJ-LOCAL-0900,ARCHIVE,UNKNOWN,TIER_2,NOT_USABLE,archive,YES,NO,DUP-00267,OLD,OLD,13 (2) - Copy - Copy.jpg,IMAGE,MEDIUM,3000,1800,2364309,Archive catch-all — needs manual review
AST-000476,PRJ-LOCAL-0900,ARCHIVE,UNKNOWN,TIER_2,NOT_USABLE,archive,NO,NO,DUP-00267,OLD,OLD,13 (2) - Copy.jpg,IMAGE,MEDIUM,3000,1800,2364309,Archive catch-all — needs manual review
AST-000477,PRJ-LOCAL-0900,ARCHIVE,UNKNOWN,TIER_2,NOT_USABLE,archive,NO,NO,DUP-00267,OLD,OLD,13 (2).jpg,IMAGE,MEDIUM,3000,1800,2364309,Archive catch-all — needs manual review
AST-000478,PRJ-LOCAL-0900,ARCHIVE,UNKNOWN,TIER_1,NOT_USABLE,archive,YES,NO,,OLD,OLD,13.jpg,IMAGE,VERY_HIGH,5100,3300,2890525,Archive catch-all — needs manual review
AST-000479,PRJ-LOCAL-0900,ARCHIVE,UNKNOWN,TIER_2,NOT_USABLE,archive,YES,NO,DUP-00268,OLD,OLD,14 - Copy - Copy.jpg,IMAGE,MEDIUM,3000,1800,2240529,Archive catch-all — needs manual review
AST-000480,PRJ-LOCAL-0900,ARCHIVE,UNKNOWN,TIER_2,NOT_USABLE,archive,NO,NO,DUP-00268,OLD,OLD,14 - Copy.jpg,IMAGE,MEDIUM,3000,1800,2240529,Archive catch-all — needs manual review
AST-000481,PRJ-LOCAL-0900,ARCHIVE,UNKNOWN,TIER_2,NOT_USABLE,archive,NO,NO,DUP-00268,OLD,OLD,14.jpg,IMAGE,MEDIUM,3000,1800,2240529,Archive catch-all — needs manual review
AST-000482,PRJ-LOCAL-0900,ARCHIVE,UNKNOWN,TIER_3,NOT_USABLE,archive,YES,NO,,OLD,OLD,1full.jpg,IMAGE,LOW,675,900,121481,Archive catch-all — needs manual review
AST-000483,PRJ-LOCAL-0900,ARCHIVE,UNKNOWN,TIER_3,NOT_USABLE,archive,YES,NO,,OLD,OLD,2.jpg,IMAGE,LOW,1400,1200,299860,Archive catch-all — needs manual review
AST-000484,PRJ-LOCAL-0900,ARCHIVE,UNKNOWN,TIER_3,NOT_USABLE,archive,YES,NO,,OLD,OLD,3.jpg,IMAGE,LOW,1400,1200,579024,Archive catch-all — needs manual review
AST-000485,PRJ-LOCAL-0900,ARCHIVE,UNKNOWN,TIER_1,NOT_USABLE,archive,YES,NO,,OLD,OLD,4.jpg,IMAGE,VERY_HIGH,5100,3300,3043196,Archive catch-all — needs manual review
AST-000486,PRJ-LOCAL-0900,ARCHIVE,UNKNOWN,TIER_1,NOT_USABLE,archive,YES,NO,,OLD,OLD,444.jpg,IMAGE,VERY_HIGH,5100,3300,2909279,Archive catch-all — needs manual review
AST-000487,PRJ-LOCAL-0900,ARCHIVE,UNKNOWN,TIER_1,NOT_USABLE,archive,YES,NO,,OLD,OLD,5.jpg,IMAGE,VERY_HIGH,5100,3300,3750754,Archive catch-all — needs manual review
AST-000488,PRJ-LOCAL-0900,ARCHIVE,UNKNOWN,TIER_3,NOT_USABLE,archive,YES,NO,DUP-00269,OLD,OLD,5.png,IMAGE,LOW,1600,1200,9204916,Archive catch-all — needs manual review
AST-000489,PRJ-LOCAL-0900,ARCHIVE,UNKNOWN,TIER_3,NOT_USABLE,archive,YES,NO,,OLD,OLD,6.png,IMAGE,LOW,1600,1200,1298108,Archive catch-all — needs manual review
AST-000490,PRJ-LOCAL-0900,ARCHIVE,UNKNOWN,TIER_1,NOT_USABLE,archive,YES,NO,,OLD,OLD,7.jpg,IMAGE,VERY_HIGH,5100,3300,4193624,Archive catch-all — needs manual review
AST-000491,PRJ-LOCAL-0900,ARCHIVE,UNKNOWN,TIER_3,NOT_USABLE,archive,YES,NO,,OLD,OLD,7.png,IMAGE,LOW,1600,1200,1358976,Archive catch-all — needs manual review
AST-000492,PRJ-LOCAL-0900,ARCHIVE,UNKNOWN,TIER_1,NOT_USABLE,archive,YES,NO,,OLD,OLD,8.jpg,IMAGE,VERY_HIGH,5100,3300,4484681,Archive catch-all — needs manual review
AST-000493,PRJ-LOCAL-0900,ARCHIVE,UNKNOWN,TIER_3,NOT_USABLE,archive,YES,NO,,OLD,OLD,8.png,IMAGE,LOW,1600,1200,1438627,Archive catch-all — needs manual review
AST-000494,PRJ-LOCAL-0900,ARCHIVE,UNKNOWN,TIER_1,NOT_USABLE,archive,YES,NO,,OLD,OLD,9.jpg,IMAGE,VERY_HIGH,5100,3300,2874014,Archive catch-all — needs manual review
AST-000495,PRJ-LOCAL-0030,GALLERY,UNKNOWN,TIER_4,NEEDS_RESTORE,gallery,YES,NO,DUP-00270,OLD,ADAGIO,1images.jpg,IMAGE,VERY_LOW,358,141,6263,
AST-000496,PRJ-LOCAL-0030,GALLERY,UNKNOWN,TIER_4,NEEDS_RESTORE,gallery,YES,NO,,OLD,ADAGIO,929200613825.jpg,IMAGE,VERY_LOW,400,275,11975,
AST-000497,PRJ-LOCAL-0030,GALLERY,UNKNOWN,TIER_4,NEEDS_RESTORE,gallery,YES,NO,,OLD,ADAGIO,crestron-adagio-aes-multi-room-audio-system-6-zones-D_NQ_NP_741179-MLB26952545296_032018-F.jpg,IMAGE,VERY_LOW,500,332,32742,
AST-000498,PRJ-LOCAL-0030,GALLERY,UNKNOWN,TIER_3,NEEDS_UPSCALE,gallery,YES,NO,,OLD,ADAGIO,e73eb6ff-7657-40f7-ba6b-f0b7c4c7933e.jpg,IMAGE,LOW,1024,512,39642,
AST-000499,PRJ-LOCAL-0030,GALLERY,UNKNOWN,TIER_4,NEEDS_RESTORE,gallery,YES,NO,,OLD,ADAGIO,s-l300.jpg,IMAGE,VERY_LOW,300,169,11235,
AST-000500,PRJ-LOCAL-0900,ARCHIVE,UNKNOWN,TIER_3,NOT_USABLE,archive,YES,NO,DUP-00271,OLD,OLD,AIL-R020 - Copy - Copy.jpg,IMAGE,LOW,1600,1200,378601,Archive catch-all — needs manual review
AST-000501,PRJ-LOCAL-0900,ARCHIVE,UNKNOWN,TIER_3,NOT_USABLE,archive,NO,NO,DUP-00271,OLD,OLD,AIL-R020 - Copy.jpg,IMAGE,LOW,1600,1200,378601,Archive catch-all — needs manual review
AST-000502,PRJ-LOCAL-0900,ARCHIVE,UNKNOWN,TIER_3,NOT_USABLE,archive,NO,NO,DUP-00271,OLD,OLD,AIL-R020.jpg,IMAGE,LOW,1600,1200,378601,Archive catch-all — needs manual review
AST-000503,PRJ-LOCAL-0900,ARCHIVE,UNKNOWN,TIER_3,NOT_USABLE,archive,YES,NO,,OLD,OLD,AIL-R022.JPG,IMAGE,LOW,1600,1200,366620,Archive catch-all — needs manual review
AST-000504,PRJ-LOCAL-0900,ARCHIVE,UNKNOWN,TIER_2,NOT_USABLE,archive,YES,NO,DUP-00272,OLD,OLD,AIL-R028.JPG,IMAGE,MEDIUM,2258,1500,1203204,Archive catch-all — needs manual review
AST-000505,PRJ-LOCAL-0900,ARCHIVE,UNKNOWN,TIER_3,NOT_USABLE,archive,YES,NO,DUP-00273,OLD,OLD,AIL-R029 - Copy - Copy.JPG,IMAGE,LOW,1024,682,271946,Archive catch-all — needs manual review
AST-000506,PRJ-LOCAL-0900,ARCHIVE,UNKNOWN,TIER_3,NOT_USABLE,archive,NO,NO,DUP-00273,OLD,OLD,AIL-R029 - Copy.JPG,IMAGE,LOW,1024,682,271946,Archive catch-all — needs manual review
AST-000507,PRJ-LOCAL-0900,ARCHIVE,UNKNOWN,TIER_3,NOT_USABLE,archive,NO,NO,DUP-00273,OLD,OLD,AIL-R029.JPG,IMAGE,LOW,1024,682,271946,Archive catch-all — needs manual review
AST-000508,PRJ-LOCAL-0900,ARCHIVE,UNKNOWN,TIER_3,NOT_USABLE,archive,YES,NO,,OLD,OLD,AIM-003.JPG,IMAGE,LOW,1600,1000,370737,Archive catch-all — needs manual review
AST-000509,PRJ-LOCAL-0900,ARCHIVE,UNKNOWN,TIER_2,NOT_USABLE,archive,YES,NO,,OLD,OLD,AIM-R034.JPG,IMAGE,MEDIUM,1600,1600,950181,Archive catch-all — needs manual review
AST-000510,PRJ-LOCAL-0900,ARCHIVE,UNKNOWN,TIER_1,NOT_USABLE,archive,YES,NO,,OLD,OLD,AIM-R037.jpg,IMAGE,VERY_HIGH,4989,3300,1260474,Archive catch-all — needs manual review
AST-000511,PRJ-LOCAL-0900,ARCHIVE,UNKNOWN,TIER_1,NOT_USABLE,archive,YES,NO,,OLD,OLD,AUP-R005-002.jpg,IMAGE,HIGH,3000,2253,1195829,Archive catch-all — needs manual review
AST-000512,PRJ-LOCAL-0900,ARCHIVE,UNKNOWN,TIER_1,NOT_USABLE,archive,YES,NO,,OLD,OLD,AUP-R005-005.jpg,IMAGE,HIGH,3000,2253,1238149,Archive catch-all — needs manual review
AST-000513,PRJ-LOCAL-0900,ARCHIVE,UNKNOWN,TIER_2,NOT_USABLE,archive,YES,NO,,OLD,OLD,BEA-8-002.jpg,IMAGE,MEDIUM,1500,2000,332114,Archive catch-all — needs manual review
AST-000514,PRJ-LOCAL-0900,ARCHIVE,UNKNOWN,TIER_1,NOT_USABLE,archive,YES,NO,,OLD,OLD,BEA-8-003.jpg,IMAGE,HIGH,3872,2592,5964617,Archive catch-all — needs manual review
AST-000515,PRJ-LOCAL-0900,ARCHIVE,UNKNOWN,TIER_2,NOT_USABLE,archive,YES,NO,,OLD,OLD,BIR-BELT-R006.jpg,IMAGE,MEDIUM,2000,1200,446941,Archive catch-all — needs manual review
AST-000516,PRJ-LOCAL-0900,ARCHIVE,UNKNOWN,TIER_2,NOT_USABLE,archive,YES,NO,,OLD,OLD,BIR-BELT-R037.JPG,IMAGE,MEDIUM,2000,1524,1110162,Archive catch-all — needs manual review
AST-000517,PRJ-LOCAL-0900,ARCHIVE,UNKNOWN,TIER_2,NOT_USABLE,archive,YES,NO,DUP-00274,OLD,OLD,BIR-BELT-R038 - Copy.JPG,IMAGE,MEDIUM,2000,1200,304627,Archive catch-all — needs manual review
AST-000518,PRJ-LOCAL-0900,ARCHIVE,UNKNOWN,TIER_2,NOT_USABLE,archive,NO,NO,DUP-00274,OLD,OLD,BIR-BELT-R038.JPG,IMAGE,MEDIUM,2000,1200,304627,Archive catch-all — needs manual review
AST-000519,PRJ-LOCAL-0900,ARCHIVE,UNKNOWN,TIER_1,NOT_USABLE,archive,YES,NO,DUP-00275,OLD,OLD,BIR-ORTHO - Copy.jpg,IMAGE,VERY_HIGH,5100,3300,736254,Archive catch-all — needs manual review
AST-000520,PRJ-LOCAL-0900,ARCHIVE,UNKNOWN,TIER_1,NOT_USABLE,archive,NO,NO,DUP-00275,OLD,OLD,BIR-ORTHO.jpg,IMAGE,VERY_HIGH,5100,3300,736254,Archive catch-all — needs manual review
AST-000521,PRJ-LOCAL-0900,ARCHIVE,UNKNOWN,TIER_2,NOT_USABLE,archive,YES,NO,DUP-00276,OLD,OLD,BIR-R009 - Copy.jpg,IMAGE,MEDIUM,2500,1500,239771,Archive catch-all — needs manual review
AST-000522,PRJ-LOCAL-0900,ARCHIVE,UNKNOWN,TIER_2,NOT_USABLE,archive,NO,NO,DUP-00276,OLD,OLD,BIR-R009.jpg,IMAGE,MEDIUM,2500,1500,239771,Archive catch-all — needs manual review
AST-000523,PRJ-LOCAL-0900,ARCHIVE,UNKNOWN,TIER_2,NOT_USABLE,archive,YES,NO,DUP-00277,OLD,OLD,BIR-R087-2.jpg,IMAGE,MEDIUM,2016,1500,190732,Archive catch-all — needs manual review
AST-000524,PRJ-LOCAL-0900,ARCHIVE,UNKNOWN,TIER_3,NOT_USABLE,archive,YES,NO,DUP-00278,OLD,OLD,BIR-R096 - Copy.JPG,IMAGE,LOW,1500,1007,539727,Archive catch-all — needs manual review
AST-000525,PRJ-LOCAL-0900,ARCHIVE,UNKNOWN,TIER_3,NOT_USABLE,archive,NO,NO,DUP-00278,OLD,OLD,BIR-R096.JPG,IMAGE,LOW,1500,1007,539727,Archive catch-all — needs manual review
AST-000526,PRJ-LOCAL-0900,ARCHIVE,UNKNOWN,TIER_2,NOT_USABLE,archive,YES,NO,DUP-00279,OLD,OLD,BIR-R108 - Copy.JPG,IMAGE,MEDIUM,2400,1600,1443243,Archive catch-all — needs manual review
AST-000527,PRJ-LOCAL-0900,ARCHIVE,UNKNOWN,TIER_2,NOT_USABLE,archive,NO,NO,DUP-00279,OLD,OLD,BIR-R108.JPG,IMAGE,MEDIUM,2400,1600,1443243,Archive catch-all — needs manual review
AST-000528,PRJ-LOCAL-0900,ARCHIVE,UNKNOWN,TIER_1,NOT_USABLE,archive,YES,NO,,OLD,OLD,BLO-ORTHO.jpg,IMAGE,VERY_HIGH,5100,3300,949318,Archive catch-all — needs manual review
AST-000529,PRJ-LOCAL-0900,ARCHIVE,UNKNOWN,TIER_2,NOT_USABLE,archive,YES,NO,DUP-00280,OLD,OLD,BLO-R027.jpg,IMAGE,MEDIUM,2000,1124,990182,Archive catch-all — needs manual review
AST-000530,PRJ-LOCAL-0900,ARCHIVE,UNKNOWN,TIER_2,NOT_USABLE,archive,YES,NO,DUP-00281,OLD,OLD,BLO-R029.jpg,IMAGE,MEDIUM,2000,1332,1025647,Archive catch-all — needs manual review
AST-000531,PRJ-LOCAL-0900,ARCHIVE,UNKNOWN,TIER_2,NOT_USABLE,archive,YES,NO,DUP-00282,OLD,OLD,BLO-R032.jpg,IMAGE,MEDIUM,2000,1500,1794222,Archive catch-all — needs manual review
AST-000532,PRJ-LOCAL-0900,ARCHIVE,UNKNOWN,TIER_2,NOT_USABLE,archive,YES,NO,DUP-00283,OLD,OLD,BLO-R035.jpg,IMAGE,MEDIUM,2000,1332,823661,Archive catch-all — needs manual review
AST-000533,PRJ-LOCAL-0900,ARCHIVE,UNKNOWN,TIER_2,NOT_USABLE,archive,YES,NO,DUP-00284,OLD,OLD,BLO-R037.jpg,IMAGE,MEDIUM,2000,1252,1054998,Archive catch-all — needs manual review
AST-000534,PRJ-LOCAL-0900,ARCHIVE,UNKNOWN,TIER_2,NOT_USABLE,archive,YES,NO,DUP-00285,OLD,OLD,BLO-R039-2.jpg,IMAGE,MEDIUM,2000,1428,336561,Archive catch-all — needs manual review
AST-000535,PRJ-LOCAL-0900,ARCHIVE,UNKNOWN,TIER_2,NOT_USABLE,archive,YES,NO,DUP-00286,OLD,OLD,BLO-R041-2.jpg,IMAGE,MEDIUM,2000,1333,302966,Archive catch-all — needs manual review
AST-000536,PRJ-LOCAL-0900,ARCHIVE,UNKNOWN,TIER_2,NOT_USABLE,archive,YES,NO,,OLD,OLD,BMY-R001-5.jpg,IMAGE,MEDIUM,2000,1500,279699,Archive catch-all — needs manual review
AST-000537,PRJ-LOCAL-0900,ARCHIVE,UNKNOWN,TIER_1,NOT_USABLE,archive,YES,NO,,OLD,OLD,BMY-R001-6.jpg,IMAGE,HIGH,3000,2250,1325395,Archive catch-all — needs manual review
AST-000538,PRJ-LOCAL-0900,ARCHIVE,UNKNOWN,TIER_1,NOT_USABLE,archive,YES,NO,,OLD,OLD,BMY-R001-7.jpg,IMAGE,HIGH,3000,2250,1364858,Archive catch-all — needs manual review
AST-000539,PRJ-LOCAL-0900,ARCHIVE,UNKNOWN,TIER_1,NOT_USABLE,archive,YES,NO,DUP-00287,OLD,OLD,BMY-R001-8.jpg,IMAGE,HIGH,3000,2250,1221441,Archive catch-all — needs manual review
AST-000540,PRJ-LOCAL-0900,ARCHIVE,UNKNOWN,TIER_3,NOT_USABLE,archive,YES,NO,,OLD,OLD,BOT-005.jpg,IMAGE,LOW,1200,1600,474601,Archive catch-all — needs manual review
AST-000541,PRJ-LOCAL-0900,ARCHIVE,UNKNOWN,TIER_3,NOT_USABLE,archive,YES,NO,,OLD,OLD,CAT-023.jpg,IMAGE,LOW,1600,1200,477209,Archive catch-all — needs manual review
AST-000542,PRJ-LOCAL-0900,ARCHIVE,UNKNOWN,TIER_2,NOT_USABLE,archive,YES,NO,,OLD,OLD,CAT-029.jpg,IMAGE,MEDIUM,2000,1200,879093,Archive catch-all — needs manual review
AST-000543,PRJ-LOCAL-0900,ARCHIVE,UNKNOWN,TIER_3,NOT_USABLE,archive,YES,NO,,OLD,OLD,CAT-030.jpg,IMAGE,LOW,1600,1200,477868,Archive catch-all — needs manual review
AST-000544,PRJ-LOCAL-0900,ARCHIVE,UNKNOWN,TIER_2,NOT_USABLE,archive,YES,NO,DUP-00288,OLD,OLD,CAT-035.jpg,IMAGE,MEDIUM,2500,1500,818516,Archive catch-all — needs manual review
AST-000545,PRJ-LOCAL-0900,ARCHIVE,UNKNOWN,TIER_3,NOT_USABLE,archive,YES,NO,,OLD,OLD,CCW-P043.jpg,IMAGE,LOW,936,1353,736816,Archive catch-all — needs manual review
AST-000546,PRJ-LOCAL-0900,ARCHIVE,UNKNOWN,TIER_1,NOT_USABLE,archive,YES,NO,,OLD,OLD,COCNEPT 01.jpg,IMAGE,VERY_HIGH,5100,3300,4495889,Archive catch-all — needs manual review
AST-000547,PRJ-LOCAL-0900,ARCHIVE,UNKNOWN,TIER_2,NOT_USABLE,archive,YES,NO,,OLD,OLD,COL-R001.JPG,IMAGE,MEDIUM,2000,1500,134995,Archive catch-all — needs manual review
AST-000548,PRJ-LOCAL-0900,ARCHIVE,UNKNOWN,TIER_2,NOT_USABLE,archive,YES,NO,,OLD,OLD,COL-R002.JPG,IMAGE,MEDIUM,2000,1500,141043,Archive catch-all — needs manual review
AST-000549,PRJ-LOCAL-0900,ARCHIVE,UNKNOWN,TIER_2,NOT_USABLE,archive,YES,NO,,OLD,OLD,COL-R007.jpg,IMAGE,MEDIUM,2000,1500,1230761,Archive catch-all — needs manual review
AST-000550,PRJ-LOCAL-0900,ARCHIVE,UNKNOWN,TIER_1,NOT_USABLE,archive,YES,NO,,OLD,OLD,CONCEPT01-2.jpg,IMAGE,VERY_HIGH,5100,3300,4746162,Archive catch-all — needs manual review
AST-000551,PRJ-LOCAL-0900,ARCHIVE,UNKNOWN,TIER_3,NOT_USABLE,archive,YES,NO,,OLD,OLD,COV-P046.jpg,IMAGE,LOW,799,1200,442507,Archive catch-all — needs manual review
AST-000552,PRJ-LOCAL-0900,ARCHIVE,UNKNOWN,TIER_3,NOT_USABLE,archive,YES,NO,DUP-00289,OLD,OLD,COV-P047.jpg,IMAGE,LOW,1200,800,437851,Archive catch-all — needs manual review
AST-000553,PRJ-LOCAL-0900,ARCHIVE,UNKNOWN,TIER_1,NOT_USABLE,archive,YES,NO,DUP-00290,OLD,OLD,COV_0000_O15.jpg,IMAGE,VERY_HIGH,5100,3300,1151499,Archive catch-all — needs manual review
AST-000554,PRJ-LOCAL-0900,ARCHIVE,UNKNOWN,TIER_1,NOT_USABLE,archive,YES,NO,,OLD,OLD,COV_0006_O9.jpg,IMAGE,VERY_HIGH,5100,3300,1210939,Archive catch-all — needs manual review
AST-000555,PRJ-LOCAL-0900,ARCHIVE,UNKNOWN,TIER_1,NOT_USABLE,archive,YES,NO,,OLD,OLD,COV_0013_O2.jpg,IMAGE,VERY_HIGH,5100,3300,1088740,Archive catch-all — needs manual review
AST-000556,PRJ-LOCAL-0900,ARCHIVE,UNKNOWN,TIER_1,NOT_USABLE,archive,YES,NO,,OLD,OLD,DIR-2014-05-14-ROUND A.jpg,IMAGE,VERY_HIGH,5100,3300,1818944,Archive catch-all — needs manual review
AST-000557,PRJ-LOCAL-0900,ARCHIVE,UNKNOWN,TIER_3,NOT_USABLE,archive,YES,NO,,OLD,OLD,DIR-R013.jpg,IMAGE,LOW,1500,1125,160379,Archive catch-all — needs manual review
AST-000558,PRJ-LOCAL-0900,ARCHIVE,UNKNOWN,TIER_3,NOT_USABLE,archive,YES,NO,,OLD,OLD,DIR-R019.jpg,IMAGE,LOW,1500,1125,165688,Archive catch-all — needs manual review
AST-000559,PRJ-LOCAL-0900,ARCHIVE,UNKNOWN,TIER_4,NOT_USABLE,archive,YES,NO,DUP-00291,OLD,OLD,DIR-R021.jpg,IMAGE,VERY_LOW,700,525,51931,Archive catch-all — needs manual review
AST-000560,PRJ-LOCAL-0900,ARCHIVE,UNKNOWN,TIER_3,NOT_USABLE,archive,YES,NO,,OLD,OLD,DIR-R029.jpg,IMAGE,LOW,1500,1082,668116,Archive catch-all — needs manual review
AST-000561,PRJ-LOCAL-0900,ARCHIVE,SKETCH,TIER_3,NOT_USABLE,archive,YES,NO,,OLD,OLD,DOM-2015-10-30-CONCEPT SKETCHES_Page_12.jpg,IMAGE,LOW,1645,877,357392,Archive catch-all — needs manual review
AST-000562,PRJ-LOCAL-0900,ARCHIVE,UNKNOWN,TIER_2,NOT_USABLE,archive,YES,NO,DUP-00292,OLD,OLD,DSCF0969.JPG,IMAGE,MEDIUM,2128,1424,1358409,Archive catch-all — needs manual review
AST-000563,PRJ-LOCAL-0900,ARCHIVE,UNKNOWN,TIER_1,NOT_USABLE,archive,YES,NO,DUP-00293,OLD,OLD,DSC_0305.JPG,IMAGE,HIGH,3008,2000,2511328,Archive catch-all — needs manual review
AST-000564,PRJ-LOCAL-0900,ARCHIVE,UNKNOWN,TIER_1,NOT_USABLE,archive,YES,NO,DUP-00294,OLD,OLD,DSC_0418.JPG,IMAGE,HIGH,3008,2000,2743893,Archive catch-all — needs manual review
AST-000565,PRJ-LOCAL-0900,ARCHIVE,UNKNOWN,TIER_3,NOT_USABLE,archive,YES,NO,DUP-00295,OLD,OLD,ECH-R018.JPG,IMAGE,LOW,1600,1004,690871,Archive catch-all — needs manual review
AST-000566,PRJ-LOCAL-0900,ARCHIVE,UNKNOWN,TIER_3,NOT_USABLE,archive,YES,NO,DUP-00296,OLD,OLD,ECH-R019.JPG,IMAGE,LOW,1600,1200,910127,Archive catch-all — needs manual review
AST-000567,PRJ-LOCAL-0900,ARCHIVE,UNKNOWN,TIER_1,NOT_USABLE,archive,YES,NO,,OLD,OLD,EPI-001.jpg,IMAGE,VERY_HIGH,4800,3390,279714,Archive catch-all — needs manual review
AST-000568,PRJ-LOCAL-0900,ARCHIVE,UNKNOWN,TIER_1,NOT_USABLE,archive,YES,NO,,OLD,OLD,EPI-002.jpg,IMAGE,VERY_HIGH,4800,3390,294291,Archive catch-all — needs manual review
AST-000569,PRJ-LOCAL-0900,ARCHIVE,UNKNOWN,TIER_2,NOT_USABLE,archive,YES,NO,,OLD,OLD,FSS-R021-INSTALL-3.jpg,IMAGE,MEDIUM,2500,1875,650988,Archive catch-all — needs manual review
AST-000570,PRJ-LOCAL-0900,ARCHIVE,UNKNOWN,TIER_2,NOT_USABLE,archive,YES,NO,,OLD,OLD,FSS-R023-INSTALL-9-ROTATION2.jpg,IMAGE,MEDIUM,2500,1875,1127501,Archive catch-all — needs manual review
AST-000571,PRJ-LOCAL-0900,ARCHIVE,UNKNOWN,TIER_2,NOT_USABLE,archive,YES,NO,,OLD,OLD,FSS-R031.jpg,IMAGE,MEDIUM,2500,1875,784281,Archive catch-all — needs manual review
AST-000572,PRJ-LOCAL-0900,ARCHIVE,UNKNOWN,TIER_2,NOT_USABLE,archive,YES,NO,,OLD,OLD,FSS-R032.jpg,IMAGE,MEDIUM,2500,1875,726997,Archive catch-all — needs manual review
AST-000573,PRJ-LOCAL-0900,ARCHIVE,UNKNOWN,TIER_2,NOT_USABLE,archive,YES,NO,,OLD,OLD,FSS-R033.jpg,IMAGE,MEDIUM,2500,1875,449018,Archive catch-all — needs manual review
AST-000574,PRJ-LOCAL-0900,ARCHIVE,UNKNOWN,TIER_3,NOT_USABLE,archive,YES,NO,,OLD,OLD,GAM-P017.jpg,IMAGE,LOW,1201,794,402820,Archive catch-all — needs manual review
AST-000575,PRJ-LOCAL-0900,ARCHIVE,UNKNOWN,TIER_2,NOT_USABLE,archive,YES,NO,,OLD,OLD,GAM-P019.jpg,IMAGE,MEDIUM,1775,2000,1940321,Archive catch-all — needs manual review
AST-000576,PRJ-LOCAL-0900,ARCHIVE,UNKNOWN,TIER_3,NOT_USABLE,archive,YES,NO,,OLD,OLD,GAM-P020.jpg,IMAGE,LOW,1200,800,242258,Archive catch-all — needs manual review
AST-000577,PRJ-LOCAL-0900,ARCHIVE,UNKNOWN,TIER_3,NOT_USABLE,archive,YES,NO,,OLD,OLD,GAM-P022.JPG,IMAGE,LOW,1200,900,379087,Archive catch-all — needs manual review
AST-000578,PRJ-LOCAL-0900,ARCHIVE,UNKNOWN,TIER_2,NOT_USABLE,archive,YES,NO,,OLD,OLD,GAM-R002.png,IMAGE,MEDIUM,2000,1500,1302518,Archive catch-all — needs manual review
AST-000579,PRJ-LOCAL-0900,ARCHIVE,UNKNOWN,TIER_3,NOT_USABLE,archive,YES,NO,,OLD,OLD,GLF-27.jpg,IMAGE,LOW,1123,1600,377858,Archive catch-all — needs manual review
AST-000580,PRJ-LOCAL-0900,ARCHIVE,UNKNOWN,TIER_3,NOT_USABLE,archive,YES,NO,,OLD,OLD,GLF-34.jpg,IMAGE,LOW,1123,1600,498576,Archive catch-all — needs manual review
AST-000581,PRJ-LOCAL-0900,ARCHIVE,UNKNOWN,TIER_3,NOT_USABLE,archive,YES,NO,DUP-00297,OLD,OLD,GLF-36.jpg,IMAGE,LOW,1123,1600,540916,Archive catch-all — needs manual review
AST-000582,PRJ-LOCAL-0900,ARCHIVE,UNKNOWN,TIER_3,NOT_USABLE,archive,YES,NO,,OLD,OLD,GLF-4.jpg,IMAGE,LOW,1123,1600,366981,Archive catch-all — needs manual review
AST-000583,PRJ-LOCAL-0900,ARCHIVE,UNKNOWN,TIER_3,NOT_USABLE,archive,YES,NO,,OLD,OLD,GRO-R025.JPG,IMAGE,LOW,1000,750,302216,Archive catch-all — needs manual review
AST-000584,PRJ-LOCAL-0900,ARCHIVE,UNKNOWN,TIER_2,NOT_USABLE,archive,YES,NO,DUP-00298,OLD,OLD,GRO-R036-2.jpg,IMAGE,MEDIUM,2000,1520,677570,Archive catch-all — needs manual review
AST-000585,PRJ-LOCAL-0900,ARCHIVE,UNKNOWN,TIER_2,NOT_USABLE,archive,YES,NO,,OLD,OLD,GRO-R038-2.jpg,IMAGE,MEDIUM,3000,1941,2323600,Archive catch-all — needs manual review
AST-000586,PRJ-LOCAL-0900,ARCHIVE,UNKNOWN,TIER_2,NOT_USABLE,archive,YES,NO,,OLD,OLD,GRO-R040-2.jpg,IMAGE,MEDIUM,2500,1618,2214303,Archive catch-all — needs manual review
AST-000587,PRJ-LOCAL-0900,ARCHIVE,UNKNOWN,TIER_3,NOT_USABLE,archive,YES,NO,,OLD,OLD,GSL-008.jpg,IMAGE,LOW,1200,1200,507002,Archive catch-all — needs manual review
AST-000588,PRJ-LOCAL-0900,ARCHIVE,UNKNOWN,TIER_3,NOT_USABLE,archive,YES,NO,,OLD,OLD,GSL-010..JPG,IMAGE,LOW,1200,1200,454728,Archive catch-all — needs manual review
AST-000589,PRJ-LOCAL-0900,ARCHIVE,UNKNOWN,TIER_1,NOT_USABLE,archive,YES,NO,,OLD,OLD,GSL-012.JPG,IMAGE,HIGH,2500,2500,2257762,Archive catch-all — needs manual review
AST-000590,PRJ-LOCAL-0900,ARCHIVE,UNKNOWN,TIER_3,NOT_USABLE,archive,YES,NO,DUP-00299,OLD,OLD,GSL-013-1.JPG,IMAGE,LOW,1200,1600,1183420,Archive catch-all — needs manual review
AST-000591,PRJ-LOCAL-0900,ARCHIVE,UNKNOWN,TIER_3,NOT_USABLE,archive,YES,NO,DUP-00300,OLD,OLD,GSL-014-1.JPG,IMAGE,LOW,1280,1201,859611,Archive catch-all — needs manual review
AST-000592,PRJ-LOCAL-0900,ARCHIVE,UNKNOWN,TIER_3,NOT_USABLE,archive,YES,NO,,OLD,OLD,GSL-015.JPG,IMAGE,LOW,984,848,454994,Archive catch-all — needs manual review
AST-000593,PRJ-LOCAL-0900,ARCHIVE,UNKNOWN,TIER_3,NOT_USABLE,archive,YES,NO,,OLD,OLD,GSL-018.JPG,IMAGE,LOW,1280,1201,979795,Archive catch-all — needs manual review
AST-000594,PRJ-LOCAL-0900,ARCHIVE,UNKNOWN,TIER_3,NOT_USABLE,archive,YES,NO,,OLD,OLD,GSL-020.JPG,IMAGE,LOW,1600,917,702748,Archive catch-all — needs manual review
AST-000595,PRJ-LOCAL-0900,ARCHIVE,UNKNOWN,TIER_3,NOT_USABLE,archive,YES,NO,DUP-00301,OLD,OLD,GUN-R026-2.jpg,IMAGE,LOW,1200,800,92703,Archive catch-all — needs manual review
AST-000596,PRJ-LOCAL-0900,ARCHIVE,UNKNOWN,TIER_3,NOT_USABLE,archive,YES,NO,,OLD,OLD,GUN-R038.JPG,IMAGE,LOW,1200,799,191230,Archive catch-all — needs manual review
AST-000597,PRJ-LOCAL-0900,ARCHIVE,UNKNOWN,TIER_3,NOT_USABLE,archive,YES,NO,DUP-00302,OLD,OLD,HED-P015a.jpg,IMAGE,LOW,800,1200,621988,Archive catch-all — needs manual review
AST-000598,PRJ-LOCAL-0900,ARCHIVE,UNKNOWN,TIER_3,NOT_USABLE,archive,YES,NO,DUP-00303,OLD,OLD,HED-P016b.jpg,IMAGE,LOW,1600,1212,1311527,Archive catch-all — needs manual review
AST-000599,PRJ-LOCAL-0900,ARCHIVE,UNKNOWN,TIER_3,NOT_USABLE,archive,YES,NO,,OLD,OLD,HED-P017b.jpg,IMAGE,LOW,1600,1198,1290084,Archive catch-all — needs manual review
AST-000600,PRJ-LOCAL-0900,ARCHIVE,UNKNOWN,TIER_2,NOT_USABLE,archive,YES,NO,DUP-00304,OLD,OLD,HED-P018a.jpg,IMAGE,MEDIUM,1869,1500,741649,Archive catch-all — needs manual review
AST-000601,PRJ-LOCAL-0900,ARCHIVE,UNKNOWN,TIER_3,NOT_USABLE,archive,YES,NO,,OLD,OLD,HED-P046.jpg,IMAGE,LOW,1200,667,359107,Archive catch-all — needs manual review
AST-000602,PRJ-LOCAL-0900,ARCHIVE,UNKNOWN,TIER_3,NOT_USABLE,archive,YES,NO,,OLD,OLD,HED-P049.jpg,IMAGE,LOW,1200,667,320006,Archive catch-all — needs manual review
AST-000603,PRJ-LOCAL-0900,ARCHIVE,UNKNOWN,TIER_3,NOT_USABLE,archive,YES,NO,,OLD,OLD,HED-P053.jpg,IMAGE,LOW,1300,722,240676,Archive catch-all — needs manual review
AST-000604,PRJ-LOCAL-0900,ARCHIVE,UNKNOWN,TIER_2,NOT_USABLE,archive,YES,NO,DUP-00305,OLD,OLD,HED-R004.jpg,IMAGE,MEDIUM,2490,1992,772931,Archive catch-all — needs manual review
AST-000605,PRJ-LOCAL-0900,ARCHIVE,UNKNOWN,TIER_3,NOT_USABLE,archive,YES,NO,,OLD,OLD,HED-R006.jpg,IMAGE,LOW,1182,1600,270112,Archive catch-all — needs manual review
AST-000606,PRJ-LOCAL-0900,ARCHIVE,UNKNOWN,TIER_1,NOT_USABLE,archive,YES,NO,,OLD,OLD,HP.jpg,IMAGE,VERY_HIGH,4961,3508,2985302,Archive catch-all — needs manual review
AST-000607,PRJ-LOCAL-0900,ARCHIVE,UNKNOWN,TIER_2,NOT_USABLE,archive,YES,NO,DUP-00306,OLD,OLD,HPS-019.JPG,IMAGE,MEDIUM,1800,2300,677937,Archive catch-all — needs manual review
AST-000608,PRJ-LOCAL-0900,ARCHIVE,UNKNOWN,TIER_2,NOT_USABLE,archive,YES,NO,,OLD,OLD,HPS-020.JPG,IMAGE,MEDIUM,1800,2200,660952,Archive catch-all — needs manual review
AST-000609,PRJ-LOCAL-0900,ARCHIVE,UNKNOWN,TIER_2,NOT_USABLE,archive,YES,NO,,OLD,OLD,HPS-021.jpg,IMAGE,MEDIUM,1800,2300,668830,Archive catch-all — needs manual review
AST-000610,PRJ-LOCAL-0900,ARCHIVE,UNKNOWN,TIER_2,NOT_USABLE,archive,YES,NO,,OLD,OLD,HPS-028.jpg,IMAGE,MEDIUM,1800,2300,636723,Archive catch-all — needs manual review
AST-000611,PRJ-LOCAL-0900,ARCHIVE,UNKNOWN,TIER_3,NOT_USABLE,archive,YES,NO,DUP-00307,OLD,OLD,HPS-031.jpg,IMAGE,LOW,1605,1205,829280,Archive catch-all — needs manual review
AST-000612,PRJ-LOCAL-0900,ARCHIVE,UNKNOWN,TIER_3,NOT_USABLE,archive,YES,NO,DUP-00308,OLD,OLD,HPS-032.jpg,IMAGE,LOW,1200,904,497001,Archive catch-all — needs manual review
AST-000613,PRJ-LOCAL-0900,ARCHIVE,UNKNOWN,TIER_3,NOT_USABLE,archive,YES,NO,DUP-00309,OLD,OLD,HPS-033.JPG,IMAGE,LOW,1600,1200,1009485,Archive catch-all — needs manual review
AST-000614,PRJ-LOCAL-0900,ARCHIVE,UNKNOWN,TIER_3,NOT_USABLE,archive,YES,NO,DUP-00310,OLD,OLD,HPS-034.jpg,IMAGE,LOW,1400,931,665791,Archive catch-all — needs manual review
AST-000615,PRJ-LOCAL-0900,ARCHIVE,UNKNOWN,TIER_3,NOT_USABLE,archive,YES,NO,,OLD,OLD,HPS-P014.jpg,IMAGE,LOW,1200,600,271186,Archive catch-all — needs manual review
AST-000616,PRJ-LOCAL-0900,ARCHIVE,UNKNOWN,TIER_3,NOT_USABLE,archive,YES,NO,,OLD,OLD,HPS-P015.jpg,IMAGE,LOW,1200,600,290176,Archive catch-all — needs manual review
AST-000617,PRJ-LOCAL-0900,ARCHIVE,UNKNOWN,TIER_3,NOT_USABLE,archive,YES,NO,,OLD,OLD,HPS-P016.jpg,IMAGE,LOW,1000,1200,375643,Archive catch-all — needs manual review
AST-000618,PRJ-LOCAL-0900,ARCHIVE,SKETCH,TIER_1,NOT_USABLE,archive,YES,NO,,OLD,OLD,IMG 2014-05-05-CONCEPT SKETCHES - 000.jpg,IMAGE,VERY_HIGH,5100,3300,2945708,Archive catch-all — needs manual review
AST-000619,PRJ-LOCAL-0900,ARCHIVE,SKETCH,TIER_1,NOT_USABLE,archive,YES,NO,,OLD,OLD,IMG 2014-05-05-CONCEPT SKETCHES - 001.jpg,IMAGE,VERY_HIGH,5100,3300,3075545,Archive catch-all — needs manual review
AST-000620,PRJ-LOCAL-0900,ARCHIVE,SKETCH,TIER_1,NOT_USABLE,archive,YES,NO,,OLD,OLD,IMG 2014-05-05-CONCEPT SKETCHES - 002.jpg,IMAGE,VERY_HIGH,5100,3300,3299513,Archive catch-all — needs manual review
AST-000621,PRJ-LOCAL-0900,ARCHIVE,SKETCH,TIER_1,NOT_USABLE,archive,YES,NO,,OLD,OLD,IMG 2014-05-05-CONCEPT SKETCHES - 003.jpg,IMAGE,VERY_HIGH,5100,3300,2943066,Archive catch-all — needs manual review
AST-000622,PRJ-LOCAL-0900,ARCHIVE,SKETCH,TIER_1,NOT_USABLE,archive,YES,NO,,OLD,OLD,IMG 2014-05-05-CONCEPT SKETCHES - 004.jpg,IMAGE,VERY_HIGH,5100,3300,2979045,Archive catch-all — needs manual review
AST-000623,PRJ-LOCAL-0900,ARCHIVE,SKETCH,TIER_1,NOT_USABLE,archive,YES,NO,,OLD,OLD,IMG 2014-05-05-CONCEPT SKETCHES - 005.jpg,IMAGE,VERY_HIGH,5100,3300,2714549,Archive catch-all — needs manual review
AST-000624,PRJ-LOCAL-0900,ARCHIVE,SKETCH,TIER_1,NOT_USABLE,archive,YES,NO,,OLD,OLD,IMG 2014-05-05-CONCEPT SKETCHES - 006.jpg,IMAGE,VERY_HIGH,5100,3300,3209927,Archive catch-all — needs manual review
AST-000625,PRJ-LOCAL-0900,ARCHIVE,SKETCH,TIER_1,NOT_USABLE,archive,YES,NO,,OLD,OLD,IMG 2014-05-05-CONCEPT SKETCHES - 007.jpg,IMAGE,VERY_HIGH,4961,3203,4849490,Archive catch-all — needs manual review
AST-000626,PRJ-LOCAL-0900,ARCHIVE,SKETCH,TIER_1,NOT_USABLE,archive,YES,NO,,OLD,OLD,IMG 2014-05-05-CONCEPT SKETCHES - 008.jpg,IMAGE,VERY_HIGH,5100,3300,3136867,Archive catch-all — needs manual review
AST-000627,PRJ-LOCAL-0900,ARCHIVE,SKETCH,TIER_1,NOT_USABLE,archive,YES,NO,,OLD,OLD,IMG 2014-05-05-CONCEPT SKETCHES - 009.jpg,IMAGE,VERY_HIGH,5100,3300,3189193,Archive catch-all — needs manual review
AST-000628,PRJ-LOCAL-0900,ARCHIVE,SKETCH,TIER_1,NOT_USABLE,archive,YES,NO,,OLD,OLD,IMG 2014-05-05-CONCEPT SKETCHES - 010.jpg,IMAGE,VERY_HIGH,4961,3203,3809386,Archive catch-all — needs manual review
AST-000629,PRJ-LOCAL-0900,ARCHIVE,SKETCH,TIER_1,NOT_USABLE,archive,YES,NO,,OLD,OLD,IMG 2014-05-05-CONCEPT SKETCHES - 011.jpg,IMAGE,VERY_HIGH,4961,3203,3503399,Archive catch-all — needs manual review
AST-000630,PRJ-LOCAL-0900,ARCHIVE,SKETCH,TIER_1,NOT_USABLE,archive,YES,NO,,OLD,OLD,IMG 2014-05-05-CONCEPT SKETCHES - 012.jpg,IMAGE,VERY_HIGH,4961,3203,3341788,Archive catch-all — needs manual review
AST-000631,PRJ-LOCAL-0900,ARCHIVE,SKETCH,TIER_1,NOT_USABLE,archive,YES,NO,,OLD,OLD,IMG 2014-05-05-CONCEPT SKETCHES - 013.jpg,IMAGE,VERY_HIGH,5100,3300,3525566,Archive catch-all — needs manual review
AST-000632,PRJ-LOCAL-0900,ARCHIVE,SKETCH,TIER_1,NOT_USABLE,archive,YES,NO,,OLD,OLD,IMG 2014-05-05-CONCEPT SKETCHES - 014.jpg,IMAGE,VERY_HIGH,4961,3203,3873468,Archive catch-all — needs manual review
AST-000633,PRJ-LOCAL-0900,ARCHIVE,SKETCH,TIER_1,NOT_USABLE,archive,YES,NO,,OLD,OLD,IMG 2014-05-05-CONCEPT SKETCHES - 015.jpg,IMAGE,VERY_HIGH,4961,3203,2996611,Archive catch-all — needs manual review
AST-000634,PRJ-LOCAL-0900,ARCHIVE,SKETCH,TIER_1,NOT_USABLE,archive,YES,NO,,OLD,OLD,IMG 2014-05-05-CONCEPT SKETCHES - 017.jpg,IMAGE,VERY_HIGH,4961,3203,2983728,Archive catch-all — needs manual review
AST-000635,PRJ-LOCAL-0900,ARCHIVE,SKETCH,TIER_1,NOT_USABLE,archive,YES,NO,,OLD,OLD,IMG 2014-05-05-CONCEPT SKETCHES - 018.jpg,IMAGE,VERY_HIGH,4961,3203,4507237,Archive catch-all — needs manual review
AST-000636,PRJ-LOCAL-0900,ARCHIVE,SKETCH,TIER_1,NOT_USABLE,archive,YES,NO,,OLD,OLD,IMG 2014-05-05-CONCEPT SKETCHES - 019.jpg,IMAGE,VERY_HIGH,5100,3300,3023071,Archive catch-all — needs manual review
AST-000637,PRJ-LOCAL-0900,ARCHIVE,SKETCH,TIER_1,NOT_USABLE,archive,YES,NO,,OLD,OLD,IMG 20140505-CONCEPT SKETCHES - 020.jpg,IMAGE,VERY_HIGH,4961,3203,3523864,Archive catch-all — needs manual review
AST-000638,PRJ-LOCAL-0900,ARCHIVE,UNKNOWN,TIER_3,NOT_USABLE,archive,YES,NO,DUP-00311,OLD,OLD,IPM-001_BTD.jpg,IMAGE,LOW,1024,768,61615,Archive catch-all — needs manual review
AST-000639,PRJ-LOCAL-0900,ARCHIVE,UNKNOWN,TIER_4,NOT_USABLE,archive,YES,NO,DUP-00312,OLD,OLD,IPM-009_LR.JPG,IMAGE,VERY_LOW,800,533,207685,Archive catch-all — needs manual review
AST-000640,PRJ-LOCAL-0900,ARCHIVE,UNKNOWN,TIER_2,NOT_USABLE,archive,YES,NO,DUP-00313,OLD,OLD,IPM-010_LR.JPG,IMAGE,MEDIUM,2048,1593,1575297,Archive catch-all — needs manual review
AST-000641,PRJ-LOCAL-0900,ARCHIVE,UNKNOWN,TIER_2,NOT_USABLE,archive,YES,NO,,OLD,OLD,IPM-013.JPG,IMAGE,MEDIUM,2000,1500,452128,Archive catch-all — needs manual review
AST-000642,PRJ-LOCAL-0900,ARCHIVE,UNKNOWN,TIER_3,NOT_USABLE,archive,YES,NO,DUP-00314,OLD,OLD,IPM-1_LR.jpg,IMAGE,LOW,1600,1200,900051,Archive catch-all — needs manual review
AST-000643,PRJ-LOCAL-0900,ARCHIVE,UNKNOWN,TIER_2,NOT_USABLE,archive,YES,NO,DUP-00315,OLD,OLD,IPM-2_LR.jpg,IMAGE,MEDIUM,2448,1632,1722806,Archive catch-all — needs manual review
AST-000644,PRJ-LOCAL-0900,ARCHIVE,UNKNOWN,TIER_2,NOT_USABLE,archive,YES,NO,,OLD,OLD,IPM-3_LR.JPG,IMAGE,MEDIUM,2000,1200,572726,Archive catch-all — needs manual review
AST-000645,PRJ-LOCAL-0900,ARCHIVE,UNKNOWN,TIER_3,NOT_USABLE,archive,YES,NO,,OLD,OLD,JWA-R094.jpeg,IMAGE,LOW,1500,844,465811,Archive catch-all — needs manual review
AST-000646,PRJ-LOCAL-0900,ARCHIVE,UNKNOWN,TIER_3,NOT_USABLE,archive,YES,NO,,OLD,OLD,JWA-R095.jpeg,IMAGE,LOW,1500,844,112474,Archive catch-all — needs manual review
AST-000647,PRJ-LOCAL-0900,ARCHIVE,UNKNOWN,TIER_3,NOT_USABLE,archive,YES,NO,,OLD,OLD,JWA-R096.jpeg,IMAGE,LOW,1500,844,241024,Archive catch-all — needs manual review
AST-000648,PRJ-LOCAL-0900,ARCHIVE,UNKNOWN,TIER_3,NOT_USABLE,archive,YES,NO,,OLD,OLD,JWA-R097.jpeg,IMAGE,LOW,1500,844,282672,Archive catch-all — needs manual review
AST-000649,PRJ-LOCAL-0900,ARCHIVE,UNKNOWN,TIER_3,NOT_USABLE,archive,YES,NO,,OLD,OLD,JWA-R098.jpg,IMAGE,LOW,1235,684,253034,Archive catch-all — needs manual review
AST-000650,PRJ-LOCAL-0900,ARCHIVE,UNKNOWN,TIER_3,NOT_USABLE,archive,YES,NO,,OLD,OLD,JWA-R100.jpeg,IMAGE,LOW,1500,844,274882,Archive catch-all — needs manual review
AST-000651,PRJ-LOCAL-0900,ARCHIVE,UNKNOWN,TIER_3,NOT_USABLE,archive,YES,NO,,OLD,OLD,JWA-R101.jpeg,IMAGE,LOW,1500,844,280810,Archive catch-all — needs manual review
AST-000652,PRJ-LOCAL-0900,ARCHIVE,UNKNOWN,TIER_3,NOT_USABLE,archive,YES,NO,DUP-00316,OLD,OLD,LAS-R045.JPG,IMAGE,LOW,1600,1068,634739,Archive catch-all — needs manual review
AST-000653,PRJ-LOCAL-0900,ARCHIVE,UNKNOWN,TIER_2,NOT_USABLE,archive,YES,NO,DUP-00317,OLD,OLD,LAS-R046.JPG,IMAGE,MEDIUM,2000,1200,151707,Archive catch-all — needs manual review
AST-000654,PRJ-LOCAL-0900,ARCHIVE,UNKNOWN,TIER_1,NOT_USABLE,archive,YES,NO,DUP-00318,OLD,OLD,MCA-R022-2.jpg,IMAGE,HIGH,3780,2517,561400,Archive catch-all — needs manual review
AST-000655,PRJ-LOCAL-0900,ARCHIVE,UNKNOWN,TIER_2,NOT_USABLE,archive,YES,NO,DUP-00319,OLD,OLD,MCA-R027.jpg,IMAGE,MEDIUM,2000,1333,197938,Archive catch-all — needs manual review
AST-000656,PRJ-LOCAL-0900,ARCHIVE,UNKNOWN,TIER_1,NOT_USABLE,archive,YES,NO,,OLD,OLD,MCA-R031.jpg,IMAGE,HIGH,4000,2664,883466,Archive catch-all — needs manual review
AST-000657,PRJ-LOCAL-0900,ARCHIVE,UNKNOWN,TIER_1,NOT_USABLE,archive,YES,NO,DUP-00320,OLD,OLD,MCA-R032-2.jpg,IMAGE,VERY_HIGH,8333,5000,1626773,Archive catch-all — needs manual review
AST-000658,PRJ-LOCAL-0900,ARCHIVE,UNKNOWN,TIER_2,NOT_USABLE,archive,YES,NO,DUP-00321,OLD,OLD,MCA-R033.jpg,IMAGE,MEDIUM,3000,1998,2021807,Archive catch-all — needs manual review
AST-000659,PRJ-LOCAL-0900,ARCHIVE,UNKNOWN,TIER_2,NOT_USABLE,archive,YES,NO,DUP-00322,OLD,OLD,MCA-R034.jpg,IMAGE,MEDIUM,2000,1332,1285722,Archive catch-all — needs manual review
AST-000660,PRJ-LOCAL-0900,ARCHIVE,UNKNOWN,TIER_1,NOT_USABLE,archive,YES,NO,DUP-00323,OLD,OLD,MCA-R035.jpg,IMAGE,HIGH,3000,2004,3210292,Archive catch-all — needs manual review
AST-000661,PRJ-LOCAL-0900,ARCHIVE,UNKNOWN,TIER_3,NOT_USABLE,archive,YES,NO,DUP-00324,OLD,OLD,MEA-R001-51-2014-07-03.jpg,IMAGE,LOW,1500,1125,390255,Archive catch-all — needs manual review
AST-000662,PRJ-LOCAL-0900,ARCHIVE,UNKNOWN,TIER_3,NOT_USABLE,archive,YES,NO,DUP-00325,OLD,OLD,MEA-R001-52-2014-07-03.jpg,IMAGE,LOW,1500,1125,413522,Archive catch-all — needs manual review
AST-000663,PRJ-LOCAL-0900,ARCHIVE,UNKNOWN,TIER_3,NOT_USABLE,archive,YES,NO,,OLD,OLD,MEA-R001-59-2014-07-03.jpg,IMAGE,LOW,1500,1125,573323,Archive catch-all — needs manual review
AST-000664,PRJ-LOCAL-0900,ARCHIVE,UNKNOWN,TIER_1,NOT_USABLE,archive,YES,NO,DUP-00326,OLD,OLD,MEA-R001-62-2014-07-03.jpg,IMAGE,HIGH,3000,2250,1140880,Archive catch-all — needs manual review
AST-000665,PRJ-LOCAL-0900,ARCHIVE,UNKNOWN,TIER_1,NOT_USABLE,archive,YES,NO,,OLD,OLD,MEA-R001-68-2014-07-14.jpg,IMAGE,HIGH,3000,2250,1491096,Archive catch-all — needs manual review
AST-000666,PRJ-LOCAL-0100,ARCHIVE,UNKNOWN,TIER_2,NOT_USABLE,archive,NO,NO,DUP-00267,OLD,OUTSOURCE 60,13 (2).jpg,IMAGE,MEDIUM,3000,1800,2364309,
AST-000667,PRJ-LOCAL-0100,ARCHIVE,UNKNOWN,TIER_3,NOT_USABLE,archive,NO,NO,DUP-00269,OLD,OUTSOURCE 60,5.png,IMAGE,LOW,1600,1200,9204916,
AST-000668,PRJ-LOCAL-0100,ARCHIVE,UNKNOWN,TIER_2,NOT_USABLE,archive,NO,NO,DUP-00272,OLD,OUTSOURCE 60,AIL-R028.JPG,IMAGE,MEDIUM,2258,1500,1203204,
AST-000669,PRJ-LOCAL-0100,ARCHIVE,UNKNOWN,TIER_3,NOT_USABLE,archive,NO,NO,DUP-00273,OLD,OUTSOURCE 60,AIL-R029.JPG,IMAGE,LOW,1024,682,271946,
AST-000670,PRJ-LOCAL-0100,ARCHIVE,UNKNOWN,TIER_2,NOT_USABLE,archive,NO,NO,DUP-00277,OLD,OUTSOURCE 60,BIR-R087-2.jpg,IMAGE,MEDIUM,2016,1500,190732,
AST-000671,PRJ-LOCAL-0100,ARCHIVE,UNKNOWN,TIER_3,NOT_USABLE,archive,NO,NO,DUP-00278,OLD,OUTSOURCE 60,BIR-R096.JPG,IMAGE,LOW,1500,1007,539727,
AST-000672,PRJ-LOCAL-0100,ARCHIVE,UNKNOWN,TIER_2,NOT_USABLE,archive,NO,NO,DUP-00280,OLD,OUTSOURCE 60,BLO-R027.jpg,IMAGE,MEDIUM,2000,1124,990182,
AST-000673,PRJ-LOCAL-0100,ARCHIVE,UNKNOWN,TIER_2,NOT_USABLE,archive,NO,NO,DUP-00281,OLD,OUTSOURCE 60,BLO-R029.jpg,IMAGE,MEDIUM,2000,1332,1025647,
AST-000674,PRJ-LOCAL-0100,ARCHIVE,UNKNOWN,TIER_2,NOT_USABLE,archive,NO,NO,DUP-00282,OLD,OUTSOURCE 60,BLO-R032.jpg,IMAGE,MEDIUM,2000,1500,1794222,
AST-000675,PRJ-LOCAL-0100,ARCHIVE,UNKNOWN,TIER_2,NOT_USABLE,archive,NO,NO,DUP-00283,OLD,OUTSOURCE 60,BLO-R035.jpg,IMAGE,MEDIUM,2000,1332,823661,
AST-000676,PRJ-LOCAL-0100,ARCHIVE,UNKNOWN,TIER_2,NOT_USABLE,archive,NO,NO,DUP-00284,OLD,OUTSOURCE 60,BLO-R037.jpg,IMAGE,MEDIUM,2000,1252,1054998,
AST-000677,PRJ-LOCAL-0100,ARCHIVE,UNKNOWN,TIER_2,NOT_USABLE,archive,NO,NO,DUP-00285,OLD,OUTSOURCE 60,BLO-R039-2.jpg,IMAGE,MEDIUM,2000,1428,336561,
AST-000678,PRJ-LOCAL-0100,ARCHIVE,UNKNOWN,TIER_2,NOT_USABLE,archive,NO,NO,DUP-00286,OLD,OUTSOURCE 60,BLO-R041-2.jpg,IMAGE,MEDIUM,2000,1333,302966,
AST-000679,PRJ-LOCAL-0100,ARCHIVE,UNKNOWN,TIER_1,NOT_USABLE,archive,NO,NO,DUP-00287,OLD,OUTSOURCE 60,BMY-R001-8.jpg,IMAGE,HIGH,3000,2250,1221441,
AST-000680,PRJ-LOCAL-0100,ARCHIVE,UNKNOWN,TIER_2,NOT_USABLE,archive,NO,NO,DUP-00288,OLD,OUTSOURCE 60,CAT-035.jpg,IMAGE,MEDIUM,2500,1500,818516,
AST-000681,PRJ-LOCAL-0100,ARCHIVE,UNKNOWN,TIER_3,NOT_USABLE,archive,NO,NO,DUP-00289,OLD,OUTSOURCE 60,COV-P047.jpg,IMAGE,LOW,1200,800,437851,
AST-000682,PRJ-LOCAL-0100,ARCHIVE,UNKNOWN,TIER_1,NOT_USABLE,archive,NO,NO,DUP-00290,OLD,OUTSOURCE 60,COV_0000_O15.jpg,IMAGE,VERY_HIGH,5100,3300,1151499,
AST-000683,PRJ-LOCAL-0100,ARCHIVE,UNKNOWN,TIER_4,NOT_USABLE,archive,NO,NO,DUP-00291,OLD,OUTSOURCE 60,DIR-R021.jpg,IMAGE,VERY_LOW,700,525,51931,
AST-000684,PRJ-LOCAL-0100,ARCHIVE,UNKNOWN,TIER_2,NOT_USABLE,archive,NO,NO,DUP-00292,OLD,OUTSOURCE 60,DSCF0969.JPG,IMAGE,MEDIUM,2128,1424,1358409,
AST-000685,PRJ-LOCAL-0100,ARCHIVE,UNKNOWN,TIER_1,NOT_USABLE,archive,NO,NO,DUP-00293,OLD,OUTSOURCE 60,DSC_0305.JPG,IMAGE,HIGH,3008,2000,2511328,
AST-000686,PRJ-LOCAL-0100,ARCHIVE,UNKNOWN,TIER_1,NOT_USABLE,archive,NO,NO,DUP-00294,OLD,OUTSOURCE 60,DSC_0418.JPG,IMAGE,HIGH,3008,2000,2743893,
AST-000687,PRJ-LOCAL-0100,ARCHIVE,UNKNOWN,TIER_3,NOT_USABLE,archive,NO,NO,DUP-00295,OLD,OUTSOURCE 60,ECH-R018.JPG,IMAGE,LOW,1600,1004,690871,
AST-000688,PRJ-LOCAL-0100,ARCHIVE,UNKNOWN,TIER_3,NOT_USABLE,archive,NO,NO,DUP-00296,OLD,OUTSOURCE 60,ECH-R019.JPG,IMAGE,LOW,1600,1200,910127,
AST-000689,PRJ-LOCAL-0100,ARCHIVE,UNKNOWN,TIER_3,NOT_USABLE,archive,NO,NO,DUP-00297,OLD,OUTSOURCE 60,GLF-36.jpg,IMAGE,LOW,1123,1600,540916,
AST-000690,PRJ-LOCAL-0100,ARCHIVE,UNKNOWN,TIER_2,NOT_USABLE,archive,NO,NO,DUP-00298,OLD,OUTSOURCE 60,GRO-R036-2.jpg,IMAGE,MEDIUM,2000,1520,677570,
AST-000691,PRJ-LOCAL-0100,ARCHIVE,UNKNOWN,TIER_3,NOT_USABLE,archive,NO,NO,DUP-00299,OLD,OUTSOURCE 60,GSL-013-1.JPG,IMAGE,LOW,1200,1600,1183420,
AST-000692,PRJ-LOCAL-0100,ARCHIVE,UNKNOWN,TIER_3,NOT_USABLE,archive,NO,NO,DUP-00300,OLD,OUTSOURCE 60,GSL-014-1.JPG,IMAGE,LOW,1280,1201,859611,
AST-000693,PRJ-LOCAL-0100,ARCHIVE,UNKNOWN,TIER_3,NOT_USABLE,archive,NO,NO,DUP-00301,OLD,OUTSOURCE 60,GUN-R026-2.jpg,IMAGE,LOW,1200,800,92703,
AST-000694,PRJ-LOCAL-0100,ARCHIVE,UNKNOWN,TIER_3,NOT_USABLE,archive,NO,NO,DUP-00302,OLD,OUTSOURCE 60,HED-P015a.jpg,IMAGE,LOW,800,1200,621988,
AST-000695,PRJ-LOCAL-0100,ARCHIVE,UNKNOWN,TIER_3,NOT_USABLE,archive,NO,NO,DUP-00303,OLD,OUTSOURCE 60,HED-P016b.jpg,IMAGE,LOW,1600,1212,1311527,
AST-000696,PRJ-LOCAL-0100,ARCHIVE,UNKNOWN,TIER_2,NOT_USABLE,archive,NO,NO,DUP-00304,OLD,OUTSOURCE 60,HED-P018a.jpg,IMAGE,MEDIUM,1869,1500,741649,
AST-000697,PRJ-LOCAL-0100,ARCHIVE,UNKNOWN,TIER_2,NOT_USABLE,archive,NO,NO,DUP-00305,OLD,OUTSOURCE 60,HED-R004.jpg,IMAGE,MEDIUM,2490,1992,772931,
AST-000698,PRJ-LOCAL-0100,ARCHIVE,UNKNOWN,TIER_2,NOT_USABLE,archive,NO,NO,DUP-00306,OLD,OUTSOURCE 60,HPS-019.JPG,IMAGE,MEDIUM,1800,2300,677937,
AST-000699,PRJ-LOCAL-0100,ARCHIVE,UNKNOWN,TIER_3,NOT_USABLE,archive,NO,NO,DUP-00307,OLD,OUTSOURCE 60,HPS-031.jpg,IMAGE,LOW,1605,1205,829280,
AST-000700,PRJ-LOCAL-0100,ARCHIVE,UNKNOWN,TIER_3,NOT_USABLE,archive,NO,NO,DUP-00308,OLD,OUTSOURCE 60,HPS-032.jpg,IMAGE,LOW,1200,904,497001,
AST-000701,PRJ-LOCAL-0100,ARCHIVE,UNKNOWN,TIER_3,NOT_USABLE,archive,NO,NO,DUP-00309,OLD,OUTSOURCE 60,HPS-033.JPG,IMAGE,LOW,1600,1200,1009485,
AST-000702,PRJ-LOCAL-0100,ARCHIVE,UNKNOWN,TIER_3,NOT_USABLE,archive,NO,NO,DUP-00310,OLD,OUTSOURCE 60,HPS-034.jpg,IMAGE,LOW,1400,931,665791,
AST-000703,PRJ-LOCAL-0100,ARCHIVE,UNKNOWN,TIER_3,NOT_USABLE,archive,NO,NO,DUP-00311,OLD,OUTSOURCE 60,IPM-001_BTD.jpg,IMAGE,LOW,1024,768,61615,
AST-000704,PRJ-LOCAL-0100,ARCHIVE,UNKNOWN,TIER_4,NOT_USABLE,archive,NO,NO,DUP-00312,OLD,OUTSOURCE 60,IPM-009_LR.JPG,IMAGE,VERY_LOW,800,533,207685,
AST-000705,PRJ-LOCAL-0100,ARCHIVE,UNKNOWN,TIER_2,NOT_USABLE,archive,NO,NO,DUP-00313,OLD,OUTSOURCE 60,IPM-010_LR.JPG,IMAGE,MEDIUM,2048,1593,1575297,
AST-000706,PRJ-LOCAL-0100,ARCHIVE,UNKNOWN,TIER_3,NOT_USABLE,archive,NO,NO,DUP-00314,OLD,OUTSOURCE 60,IPM-1_LR.jpg,IMAGE,LOW,1600,1200,900051,
AST-000707,PRJ-LOCAL-0100,ARCHIVE,UNKNOWN,TIER_2,NOT_USABLE,archive,NO,NO,DUP-00315,OLD,OUTSOURCE 60,IPM-2_LR.jpg,IMAGE,MEDIUM,2448,1632,1722806,
AST-000708,PRJ-LOCAL-0100,ARCHIVE,UNKNOWN,TIER_3,NOT_USABLE,archive,NO,NO,DUP-00316,OLD,OUTSOURCE 60,LAS-R045.JPG,IMAGE,LOW,1600,1068,634739,
AST-000709,PRJ-LOCAL-0100,ARCHIVE,UNKNOWN,TIER_2,NOT_USABLE,archive,NO,NO,DUP-00317,OLD,OUTSOURCE 60,LAS-R046.JPG,IMAGE,MEDIUM,2000,1200,151707,
AST-000710,PRJ-LOCAL-0100,ARCHIVE,UNKNOWN,TIER_1,NOT_USABLE,archive,NO,NO,DUP-00318,OLD,OUTSOURCE 60,MCA-R022-2.jpg,IMAGE,HIGH,3780,2517,561400,
AST-000711,PRJ-LOCAL-0100,ARCHIVE,UNKNOWN,TIER_2,NOT_USABLE,archive,NO,NO,DUP-00319,OLD,OUTSOURCE 60,MCA-R027.jpg,IMAGE,MEDIUM,2000,1333,197938,
AST-000712,PRJ-LOCAL-0100,ARCHIVE,UNKNOWN,TIER_1,NOT_USABLE,archive,NO,NO,DUP-00320,OLD,OUTSOURCE 60,MCA-R032-2.jpg,IMAGE,VERY_HIGH,8333,5000,1626773,
AST-000713,PRJ-LOCAL-0100,ARCHIVE,UNKNOWN,TIER_2,NOT_USABLE,archive,NO,NO,DUP-00321,OLD,OUTSOURCE 60,MCA-R033.jpg,IMAGE,MEDIUM,3000,1998,2021807,
AST-000714,PRJ-LOCAL-0100,ARCHIVE,UNKNOWN,TIER_2,NOT_USABLE,archive,NO,NO,DUP-00322,OLD,OUTSOURCE 60,MCA-R034.jpg,IMAGE,MEDIUM,2000,1332,1285722,
AST-000715,PRJ-LOCAL-0100,ARCHIVE,UNKNOWN,TIER_1,NOT_USABLE,archive,NO,NO,DUP-00323,OLD,OUTSOURCE 60,MCA-R035.jpg,IMAGE,HIGH,3000,2004,3210292,
AST-000716,PRJ-LOCAL-0100,ARCHIVE,UNKNOWN,TIER_3,NOT_USABLE,archive,NO,NO,DUP-00324,OLD,OUTSOURCE 60,MEA-R001-51-2014-07-03.jpg,IMAGE,LOW,1500,1125,390255,
AST-000717,PRJ-LOCAL-0100,ARCHIVE,UNKNOWN,TIER_3,NOT_USABLE,archive,NO,NO,DUP-00325,OLD,OUTSOURCE 60,MEA-R001-52-2014-07-03.jpg,IMAGE,LOW,1500,1125,413522,
AST-000718,PRJ-LOCAL-0100,ARCHIVE,UNKNOWN,TIER_1,NOT_USABLE,archive,NO,NO,DUP-00326,OLD,OUTSOURCE 60,MEA-R001-62-2014-07-03.jpg,IMAGE,HIGH,3000,2250,1140880,
AST-000719,PRJ-LOCAL-0100,ARCHIVE,UNKNOWN,TIER_4,NOT_USABLE,archive,YES,NO,,OLD,OUTSOURCE 60,OUTSOURCE 60.zip,ARCHIVE,,,,78251418,
AST-000720,PRJ-LOCAL-0100,ARCHIVE,UNKNOWN,TIER_2,NOT_USABLE,archive,NO,NO,DUP-00327,OLD,OUTSOURCE 60,SHE-R021.jpg,IMAGE,MEDIUM,2000,1500,1774274,
AST-000721,PRJ-LOCAL-0100,ARCHIVE,UNKNOWN,TIER_2,NOT_USABLE,archive,NO,NO,DUP-00328,OLD,OUTSOURCE 60,SHE-R024.jpg,IMAGE,MEDIUM,2000,1500,1673418,
AST-000722,PRJ-LOCAL-0100,ARCHIVE,UNKNOWN,TIER_2,NOT_USABLE,archive,NO,NO,DUP-00329,OLD,OUTSOURCE 60,TRA-R109.jpg,IMAGE,MEDIUM,2000,1332,924434,
AST-000723,PRJ-LOCAL-0100,ARCHIVE,UNKNOWN,TIER_2,NOT_USABLE,archive,NO,NO,DUP-00330,OLD,OUTSOURCE 60,TRA-R114.JPG,IMAGE,MEDIUM,2000,1200,381696,
AST-000724,PRJ-LOCAL-0100,ARCHIVE,UNKNOWN,TIER_2,NOT_USABLE,archive,NO,NO,DUP-00331,OLD,OUTSOURCE 60,TRA-R121.jpg,IMAGE,MEDIUM,2000,1200,437404,
AST-000725,PRJ-LOCAL-0100,ARCHIVE,UNKNOWN,TIER_2,NOT_USABLE,archive,NO,NO,DUP-00332,OLD,OUTSOURCE 60,TRB-R086.jpg,IMAGE,MEDIUM,2000,1428,716151,
AST-000726,PRJ-LOCAL-0100,ARCHIVE,UNKNOWN,TIER_2,NOT_USABLE,archive,NO,NO,DUP-00333,OLD,OUTSOURCE 60,TRB-R094.JPG,IMAGE,MEDIUM,2000,1500,161430,
AST-000727,PRJ-LOCAL-0100,ARCHIVE,UNKNOWN,TIER_2,NOT_USABLE,archive,NO,NO,DUP-00334,OLD,OUTSOURCE 60,TRC-R052.jpg,IMAGE,MEDIUM,2000,2000,1978274,
AST-000728,PRJ-LOCAL-0100,ARCHIVE,UNKNOWN,TIER_3,NOT_USABLE,archive,NO,NO,DUP-00335,OLD,OUTSOURCE 60,TRD-R066-2.jpg,IMAGE,LOW,1500,1125,141967,
AST-000729,PRJ-LOCAL-0100,ARCHIVE,UNKNOWN,TIER_3,NOT_USABLE,archive,NO,NO,DUP-00336,OLD,OUTSOURCE 60,TRD-R067-2.jpg,IMAGE,LOW,1600,1067,150920,
AST-000730,PRJ-LOCAL-0100,ARCHIVE,UNKNOWN,TIER_2,NOT_USABLE,archive,NO,NO,DUP-00337,OLD,OUTSOURCE 60,TRY-R026.jpg,IMAGE,MEDIUM,2000,1484,292061,
AST-000731,PRJ-LOCAL-0100,ARCHIVE,UNKNOWN,TIER_2,NOT_USABLE,archive,NO,NO,DUP-00338,OLD,OUTSOURCE 60,TRY-R032.jpg,IMAGE,MEDIUM,2000,1332,227398,
AST-000732,PRJ-LOCAL-0100,ARCHIVE,UNKNOWN,TIER_2,NOT_USABLE,archive,NO,NO,DUP-00339,OLD,OUTSOURCE 60,TRY-R033.JPG,IMAGE,MEDIUM,2000,1200,1268186,
AST-000733,PRJ-LOCAL-0100,ARCHIVE,UNKNOWN,TIER_2,NOT_USABLE,archive,NO,NO,DUP-00340,OLD,OUTSOURCE 60,TRY-R038.jpg,IMAGE,MEDIUM,2000,1460,276701,
AST-000734,PRJ-LOCAL-0100,ARCHIVE,CONCEPT_RENDER,TIER_2,NOT_USABLE,archive,NO,NO,DUP-00341,OLD,OUTSOURCE 60,VEN-rendering.jpg,IMAGE,MEDIUM,2000,1330,1572153,
AST-000735,PRJ-LOCAL-0100,ARCHIVE,CONCEPT_RENDER,TIER_2,NOT_USABLE,archive,NO,NO,DUP-00342,OLD,OUTSOURCE 60,VEN-rendering2.jpg,IMAGE,MEDIUM,2500,1875,2374296,
AST-000736,PRJ-LOCAL-0100,ARCHIVE,CONCEPT_RENDER,TIER_3,NOT_USABLE,archive,NO,NO,DUP-00343,OLD,OUTSOURCE 60,VEN-rendering9.jpg,IMAGE,LOW,1200,1600,483458,
AST-000737,PRJ-LOCAL-0100,ARCHIVE,UNKNOWN,TIER_3,NOT_USABLE,archive,NO,NO,DUP-00344,OLD,OUTSOURCE 60,bot-002a.jpg,IMAGE,LOW,1600,1036,718916,
AST-000738,PRJ-LOCAL-0100,ARCHIVE,UNKNOWN,TIER_3,NOT_USABLE,archive,NO,NO,DUP-00345,OLD,OUTSOURCE 60,bot-004.jpg,IMAGE,LOW,1200,1600,396784,
AST-000739,PRJ-LOCAL-0100,ARCHIVE,UNKNOWN,TIER_1,NOT_USABLE,archive,NO,NO,DUP-00346,OLD,OUTSOURCE 60,carseat.jpg,IMAGE,VERY_HIGH,5100,3300,2191098,
AST-000740,PRJ-LOCAL-0100,ARCHIVE,UNKNOWN,TIER_3,NOT_USABLE,archive,NO,NO,DUP-00347,OLD,OUTSOURCE 60,gun-p018.jpg,IMAGE,LOW,1600,1132,608885,
AST-000741,PRJ-LOCAL-0100,ARCHIVE,UNKNOWN,TIER_3,NOT_USABLE,archive,NO,NO,DUP-00348,OLD,OUTSOURCE 60,gun-p021.jpg,IMAGE,LOW,800,1200,465971,
AST-000742,PRJ-LOCAL-0100,ARCHIVE,UNKNOWN,TIER_3,NOT_USABLE,archive,NO,NO,DUP-00349,OLD,OUTSOURCE 60,gun-p023.jpg,IMAGE,LOW,1183,900,507939,
AST-000743,PRJ-LOCAL-0100,ARCHIVE,UNKNOWN,TIER_3,NOT_USABLE,archive,NO,NO,DUP-00350,OLD,OUTSOURCE 60,gun-p047.jpg,IMAGE,LOW,963,1200,709860,
AST-000744,PRJ-LOCAL-0100,ARCHIVE,UNKNOWN,TIER_2,NOT_USABLE,archive,NO,NO,DUP-00351,OLD,OUTSOURCE 60,ipm-008_LR.jpg,IMAGE,MEDIUM,2000,1547,1572515,
AST-000745,PRJ-LOCAL-0100,ARCHIVE,UNKNOWN,TIER_3,NOT_USABLE,archive,NO,NO,DUP-00352,OLD,OUTSOURCE 60,ipm-011_LR.jpg,IMAGE,LOW,1280,853,633182,
AST-000746,PRJ-LOCAL-0100,ARCHIVE,UNKNOWN,TIER_2,NOT_USABLE,archive,NO,NO,DUP-00353,OLD,OUTSOURCE 60,unnamed.jpg,IMAGE,MEDIUM,2100,1500,793451,
AST-000747,PRJ-LOCAL-0900,ARCHIVE,UNKNOWN,TIER_2,NOT_USABLE,archive,YES,NO,,OLD,OLD,SHE-R016.jpg,IMAGE,MEDIUM,2000,1500,1474466,Archive catch-all — needs manual review
AST-000748,PRJ-LOCAL-0900,ARCHIVE,UNKNOWN,TIER_2,NOT_USABLE,archive,YES,NO,DUP-00327,OLD,OLD,SHE-R021 - Copy.jpg,IMAGE,MEDIUM,2000,1500,1774274,Archive catch-all — needs manual review
AST-000749,PRJ-LOCAL-0900,ARCHIVE,UNKNOWN,TIER_2,NOT_USABLE,archive,NO,NO,DUP-00327,OLD,OLD,SHE-R021.jpg,IMAGE,MEDIUM,2000,1500,1774274,Archive catch-all — needs manual review
AST-000750,PRJ-LOCAL-0900,ARCHIVE,UNKNOWN,TIER_2,NOT_USABLE,archive,YES,NO,DUP-00354,OLD,OLD,SHE-R022 - Copy - Copy.jpg,IMAGE,MEDIUM,2000,1500,1616440,Archive catch-all — needs manual review
AST-000751,PRJ-LOCAL-0900,ARCHIVE,UNKNOWN,TIER_2,NOT_USABLE,archive,NO,NO,DUP-00354,OLD,OLD,SHE-R022 - Copy.jpg,IMAGE,MEDIUM,2000,1500,1616440,Archive catch-all — needs manual review
AST-000752,PRJ-LOCAL-0900,ARCHIVE,UNKNOWN,TIER_2,NOT_USABLE,archive,NO,NO,DUP-00354,OLD,OLD,SHE-R022.jpg,IMAGE,MEDIUM,2000,1500,1616440,Archive catch-all — needs manual review
AST-000753,PRJ-LOCAL-0900,ARCHIVE,UNKNOWN,TIER_2,NOT_USABLE,archive,YES,NO,DUP-00328,OLD,OLD,SHE-R024 - Copy - Copy.jpg,IMAGE,MEDIUM,2000,1500,1673418,Archive catch-all — needs manual review
AST-000754,PRJ-LOCAL-0900,ARCHIVE,UNKNOWN,TIER_2,NOT_USABLE,archive,NO,NO,DUP-00328,OLD,OLD,SHE-R024 - Copy.jpg,IMAGE,MEDIUM,2000,1500,1673418,Archive catch-all — needs manual review
AST-000755,PRJ-LOCAL-0900,ARCHIVE,UNKNOWN,TIER_2,NOT_USABLE,archive,NO,NO,DUP-00328,OLD,OLD,SHE-R024.jpg,IMAGE,MEDIUM,2000,1500,1673418,Archive catch-all — needs manual review
AST-000756,PRJ-LOCAL-0900,ARCHIVE,UNKNOWN,TIER_3,NOT_USABLE,archive,YES,NO,,OLD,OLD,SMD-025.jpg,IMAGE,LOW,1200,900,650899,Archive catch-all — needs manual review
AST-000757,PRJ-LOCAL-0900,ARCHIVE,UNKNOWN,TIER_2,NOT_USABLE,archive,YES,NO,,OLD,OLD,SMD-030.jpg,IMAGE,MEDIUM,2000,1500,880195,Archive catch-all — needs manual review
AST-000758,PRJ-LOCAL-0900,ARCHIVE,UNKNOWN,TIER_2,NOT_USABLE,archive,YES,NO,,OLD,OLD,SMD-031.jpg,IMAGE,MEDIUM,2000,1500,815710,Archive catch-all — needs manual review
AST-000759,PRJ-LOCAL-0900,ARCHIVE,UNKNOWN,TIER_4,NOT_USABLE,archive,YES,NO,,OLD,OLD,SMD-034.jpg,IMAGE,VERY_LOW,549,366,176024,Archive catch-all — needs manual review
AST-000760,PRJ-LOCAL-0900,ARCHIVE,UNKNOWN,TIER_3,NOT_USABLE,archive,YES,NO,,OLD,OLD,SMD-043.jpg,IMAGE,LOW,1004,1500,910840,Archive catch-all — needs manual review
AST-000761,PRJ-LOCAL-0900,ARCHIVE,UNKNOWN,TIER_3,NOT_USABLE,archive,YES,NO,,OLD,OLD,SMD-046.jpg,IMAGE,LOW,1300,867,782318,Archive catch-all — needs manual review
AST-000762,PRJ-LOCAL-0900,ARCHIVE,UNKNOWN,TIER_3,NOT_USABLE,archive,YES,NO,,OLD,OLD,SMD-049.jpg,IMAGE,LOW,1600,1062,991742,Archive catch-all — needs manual review
AST-000763,PRJ-LOCAL-0900,ARCHIVE,UNKNOWN,TIER_2,NOT_USABLE,archive,YES,NO,,OLD,OLD,SMD-051.jpg,IMAGE,MEDIUM,2000,1500,1046520,Archive catch-all — needs manual review
AST-000764,PRJ-LOCAL-0900,ARCHIVE,UNKNOWN,TIER_2,NOT_USABLE,archive,YES,NO,,OLD,OLD,SMD-059.jpg,IMAGE,MEDIUM,2000,1500,710601,Archive catch-all — needs manual review
AST-000765,PRJ-LOCAL-0900,ARCHIVE,UNKNOWN,TIER_2,NOT_USABLE,archive,YES,NO,,OLD,OLD,SMD-060.jpg,IMAGE,MEDIUM,2000,1500,725447,Archive catch-all — needs manual review
AST-000766,PRJ-LOCAL-0900,ARCHIVE,UNKNOWN,TIER_2,NOT_USABLE,archive,YES,NO,,OLD,OLD,SMD-062.jpg,IMAGE,MEDIUM,1448,1384,782090,Archive catch-all — needs manual review
AST-000767,PRJ-LOCAL-0900,ARCHIVE,UNKNOWN,TIER_2,NOT_USABLE,archive,YES,NO,,OLD,OLD,STH-R01.jpg,IMAGE,MEDIUM,2000,2831,1768481,Archive catch-all — needs manual review
AST-000768,PRJ-LOCAL-0900,ARCHIVE,UNKNOWN,TIER_3,NOT_USABLE,archive,YES,NO,,OLD,OLD,StandingPoseGreenman2.jpg,IMAGE,LOW,1401,1401,136770,Archive catch-all — needs manual review
AST-000769,PRJ-LOCAL-0900,ARCHIVE,UNKNOWN,TIER_2,NOT_USABLE,archive,YES,NO,,OLD,OLD,TRA-R107.jpg,IMAGE,MEDIUM,2000,1200,383025,Archive catch-all — needs manual review
AST-000770,PRJ-LOCAL-0900,ARCHIVE,UNKNOWN,TIER_2,NOT_USABLE,archive,YES,NO,DUP-00329,OLD,OLD,TRA-R109.jpg,IMAGE,MEDIUM,2000,1332,924434,Archive catch-all — needs manual review
AST-000771,PRJ-LOCAL-0900,ARCHIVE,UNKNOWN,TIER_2,NOT_USABLE,archive,YES,NO,DUP-00330,OLD,OLD,TRA-R114.JPG,IMAGE,MEDIUM,2000,1200,381696,Archive catch-all — needs manual review
AST-000772,PRJ-LOCAL-0900,ARCHIVE,UNKNOWN,TIER_2,NOT_USABLE,archive,YES,NO,,OLD,OLD,TRA-R115.JPG,IMAGE,MEDIUM,2000,1200,326680,Archive catch-all — needs manual review
AST-000773,PRJ-LOCAL-0900,ARCHIVE,UNKNOWN,TIER_2,NOT_USABLE,archive,YES,NO,DUP-00331,OLD,OLD,TRA-R121.jpg,IMAGE,MEDIUM,2000,1200,437404,Archive catch-all — needs manual review
AST-000774,PRJ-LOCAL-0900,ARCHIVE,UNKNOWN,TIER_2,NOT_USABLE,archive,YES,NO,,OLD,OLD,TRA-R124.jpg,IMAGE,MEDIUM,2000,1200,309228,Archive catch-all — needs manual review
AST-000775,PRJ-LOCAL-0900,ARCHIVE,UNKNOWN,TIER_2,NOT_USABLE,archive,YES,NO,DUP-00332,OLD,OLD,TRB-R086.jpg,IMAGE,MEDIUM,2000,1428,716151,Archive catch-all — needs manual review
AST-000776,PRJ-LOCAL-0900,ARCHIVE,UNKNOWN,TIER_2,NOT_USABLE,archive,YES,NO,,OLD,OLD,TRB-R092.JPG,IMAGE,MEDIUM,2000,1500,164137,Archive catch-all — needs manual review
AST-000777,PRJ-LOCAL-0900,ARCHIVE,UNKNOWN,TIER_2,NOT_USABLE,archive,YES,NO,DUP-00333,OLD,OLD,TRB-R094.JPG,IMAGE,MEDIUM,2000,1500,161430,Archive catch-all — needs manual review
AST-000778,PRJ-LOCAL-0900,ARCHIVE,UNKNOWN,TIER_2,NOT_USABLE,archive,YES,NO,,OLD,OLD,TRB-R095.JPG,IMAGE,MEDIUM,2000,1500,145466,Archive catch-all — needs manual review
AST-000779,PRJ-LOCAL-0900,ARCHIVE,UNKNOWN,TIER_2,NOT_USABLE,archive,YES,NO,,OLD,OLD,TRC-R049.jpg,IMAGE,MEDIUM,2000,1288,660293,Archive catch-all — needs manual review
AST-000780,PRJ-LOCAL-0900,ARCHIVE,UNKNOWN,TIER_2,NOT_USABLE,archive,YES,NO,DUP-00334,OLD,OLD,TRC-R052.jpg,IMAGE,MEDIUM,2000,2000,1978274,Archive catch-all — needs manual review
AST-000781,PRJ-LOCAL-0900,ARCHIVE,UNKNOWN,TIER_1,NOT_USABLE,archive,YES,NO,,OLD,OLD,TRC-R053.jpg,IMAGE,HIGH,3000,2226,2817252,Archive catch-all — needs manual review
AST-000782,PRJ-LOCAL-0900,ARCHIVE,UNKNOWN,TIER_3,NOT_USABLE,archive,YES,NO,DUP-00335,OLD,OLD,TRD-R066-2.jpg,IMAGE,LOW,1500,1125,141967,Archive catch-all — needs manual review
AST-000783,PRJ-LOCAL-0900,ARCHIVE,UNKNOWN,TIER_3,NOT_USABLE,archive,YES,NO,DUP-00336,OLD,OLD,TRD-R067-2 - Copy.jpg,IMAGE,LOW,1600,1067,150920,Archive catch-all — needs manual review
AST-000784,PRJ-LOCAL-0900,ARCHIVE,UNKNOWN,TIER_3,NOT_USABLE,archive,NO,NO,DUP-00336,OLD,OLD,TRD-R067-2.jpg,IMAGE,LOW,1600,1067,150920,Archive catch-all — needs manual review
AST-000785,PRJ-LOCAL-0900,ARCHIVE,UNKNOWN,TIER_2,NOT_USABLE,archive,YES,NO,DUP-00355,OLD,OLD,TRD-R068-2 - Copy.jpg,IMAGE,MEDIUM,2000,1336,157937,Archive catch-all — needs manual review
AST-000786,PRJ-LOCAL-0900,ARCHIVE,UNKNOWN,TIER_2,NOT_USABLE,archive,NO,NO,DUP-00355,OLD,OLD,TRD-R068-2.jpg,IMAGE,MEDIUM,2000,1336,157937,Archive catch-all — needs manual review
AST-000787,PRJ-LOCAL-0900,ARCHIVE,UNKNOWN,TIER_2,NOT_USABLE,archive,YES,NO,DUP-00337,OLD,OLD,TRY-R026.jpg,IMAGE,MEDIUM,2000,1484,292061,Archive catch-all — needs manual review
AST-000788,PRJ-LOCAL-0900,ARCHIVE,UNKNOWN,TIER_2,NOT_USABLE,archive,YES,NO,DUP-00338,OLD,OLD,TRY-R032.jpg,IMAGE,MEDIUM,2000,1332,227398,Archive catch-all — needs manual review
AST-000789,PRJ-LOCAL-0900,ARCHIVE,UNKNOWN,TIER_2,NOT_USABLE,archive,YES,NO,DUP-00339,OLD,OLD,TRY-R033.JPG,IMAGE,MEDIUM,2000,1200,1268186,Archive catch-all — needs manual review
AST-000790,PRJ-LOCAL-0900,ARCHIVE,UNKNOWN,TIER_2,NOT_USABLE,archive,YES,NO,DUP-00340,OLD,OLD,TRY-R038.jpg,IMAGE,MEDIUM,2000,1460,276701,Archive catch-all — needs manual review
AST-000791,PRJ-LOCAL-0900,ARCHIVE,UNKNOWN,TIER_3,NOT_USABLE,archive,YES,NO,,OLD,OLD,TRY-R042-2.jpg,IMAGE,LOW,1200,672,90824,Archive catch-all — needs manual review
AST-000792,PRJ-LOCAL-0900,ARCHIVE,UNKNOWN,TIER_3,NOT_USABLE,archive,YES,NO,,OLD,OLD,VEN-r10-logo.jpg,IMAGE,LOW,798,1576,483931,Archive catch-all — needs manual review
AST-000793,PRJ-LOCAL-0900,ARCHIVE,CONCEPT_RENDER,TIER_2,NOT_USABLE,archive,YES,NO,DUP-00341,OLD,OLD,VEN-rendering.jpg,IMAGE,MEDIUM,2000,1330,1572153,Archive catch-all — needs manual review
AST-000794,PRJ-LOCAL-0900,ARCHIVE,CONCEPT_RENDER,TIER_2,NOT_USABLE,archive,YES,NO,DUP-00342,OLD,OLD,VEN-rendering2.jpg,IMAGE,MEDIUM,2500,1875,2374296,Archive catch-all — needs manual review
AST-000795,PRJ-LOCAL-0900,ARCHIVE,CONCEPT_RENDER,TIER_3,NOT_USABLE,archive,YES,NO,DUP-00343,OLD,OLD,VEN-rendering9.jpg,IMAGE,LOW,1200,1600,483458,Archive catch-all — needs manual review
AST-000796,PRJ-LOCAL-0900,ARCHIVE,UNKNOWN,TIER_2,NOT_USABLE,archive,YES,NO,,OLD,OLD,_AER_27.jpg,IMAGE,MEDIUM,1896,1836,246536,Archive catch-all — needs manual review
AST-000797,PRJ-LOCAL-0900,ARCHIVE,UNKNOWN,TIER_3,NOT_USABLE,archive,YES,NO,,OLD,OLD,avivs.jpg,IMAGE,LOW,917,917,266888,Archive catch-all — needs manual review
AST-000798,PRJ-LOCAL-0900,ARCHIVE,UNKNOWN,TIER_2,NOT_USABLE,archive,YES,NO,,OLD,OLD,b.jpg,IMAGE,MEDIUM,3000,1800,2353546,Archive catch-all — needs manual review
AST-000799,PRJ-LOCAL-0900,ARCHIVE,UNKNOWN,TIER_3,NOT_USABLE,archive,YES,NO,DUP-00344,OLD,OLD,bot-002a.jpg,IMAGE,LOW,1600,1036,718916,Archive catch-all — needs manual review
AST-000800,PRJ-LOCAL-0900,ARCHIVE,UNKNOWN,TIER_3,NOT_USABLE,archive,YES,NO,DUP-00345,OLD,OLD,bot-004.jpg,IMAGE,LOW,1200,1600,396784,Archive catch-all — needs manual review
AST-000801,PRJ-LOCAL-0900,ARCHIVE,UNKNOWN,TIER_3,NOT_USABLE,archive,YES,NO,,OLD,OLD,bot-008.jpg,IMAGE,LOW,1200,1600,529727,Archive catch-all — needs manual review
AST-000802,PRJ-LOCAL-0900,ARCHIVE,UNKNOWN,TIER_3,NOT_USABLE,archive,YES,NO,,OLD,OLD,bot-010.jpg,IMAGE,LOW,1200,1600,559021,Archive catch-all — needs manual review
AST-000803,PRJ-LOCAL-0900,ARCHIVE,UNKNOWN,TIER_1,NOT_USABLE,archive,YES,NO,DUP-00346,OLD,OLD,carseat.jpg,IMAGE,VERY_HIGH,5100,3300,2191098,Archive catch-all — needs manual review
AST-000804,PRJ-LOCAL-0900,ARCHIVE,UNKNOWN,TIER_3,NOT_USABLE,archive,YES,NO,,OLD,OLD,cup-001.jpg,IMAGE,LOW,1200,900,246999,Archive catch-all — needs manual review
AST-000805,PRJ-LOCAL-0900,ARCHIVE,UNKNOWN,TIER_3,NOT_USABLE,archive,YES,NO,,OLD,OLD,cup-006.jpg,IMAGE,LOW,909,700,214456,Archive catch-all — needs manual review
AST-000806,PRJ-LOCAL-0900,ARCHIVE,UNKNOWN,TIER_4,NOT_USABLE,archive,YES,NO,,OLD,OLD,cup-008.jpg,IMAGE,VERY_LOW,640,480,106947,Archive catch-all — needs manual review
AST-000807,PRJ-LOCAL-0900,ARCHIVE,UNKNOWN,TIER_4,NOT_USABLE,archive,YES,NO,,OLD,OLD,cup-011.jpg,IMAGE,VERY_LOW,223,303,52649,Archive catch-all — needs manual review
AST-000808,PRJ-LOCAL-0900,ARCHIVE,UNKNOWN,TIER_1,NOT_USABLE,archive,YES,NO,,OLD,OLD,desktop.jpg,IMAGE,VERY_HIGH,5100,3300,1808325,Archive catch-all — needs manual review
AST-000809,PRJ-LOCAL-0900,ARCHIVE,UNKNOWN,TIER_3,NOT_USABLE,archive,YES,NO,DUP-00347,OLD,OLD,gun-p018.jpg,IMAGE,LOW,1600,1132,608885,Archive catch-all — needs manual review
AST-000810,PRJ-LOCAL-0900,ARCHIVE,UNKNOWN,TIER_3,NOT_USABLE,archive,YES,NO,,OLD,OLD,gun-p020.jpg,IMAGE,LOW,1200,977,624120,Archive catch-all — needs manual review
AST-000811,PRJ-LOCAL-0900,ARCHIVE,UNKNOWN,TIER_3,NOT_USABLE,archive,YES,NO,DUP-00348,OLD,OLD,gun-p021.jpg,IMAGE,LOW,800,1200,465971,Archive catch-all — needs manual review
AST-000812,PRJ-LOCAL-0900,ARCHIVE,UNKNOWN,TIER_3,NOT_USABLE,archive,YES,NO,DUP-00349,OLD,OLD,gun-p023.jpg,IMAGE,LOW,1183,900,507939,Archive catch-all — needs manual review
AST-000813,PRJ-LOCAL-0900,ARCHIVE,UNKNOWN,TIER_3,NOT_USABLE,archive,YES,NO,DUP-00350,OLD,OLD,gun-p047.jpg,IMAGE,LOW,963,1200,709860,Archive catch-all — needs manual review
AST-000814,PRJ-LOCAL-0900,ARCHIVE,UNKNOWN,TIER_1,NOT_USABLE,archive,YES,NO,,OLD,OLD,helmet-research1.jpg,IMAGE,VERY_HIGH,4134,2923,1089467,Archive catch-all — needs manual review
AST-000815,PRJ-LOCAL-0900,ARCHIVE,UNKNOWN,TIER_1,NOT_USABLE,archive,YES,NO,,OLD,OLD,helmet-research2.jpg,IMAGE,VERY_HIGH,4134,2923,1141325,Archive catch-all — needs manual review
AST-000816,PRJ-LOCAL-0900,ARCHIVE,UNKNOWN,TIER_1,NOT_USABLE,archive,YES,NO,,OLD,OLD,helmet-research3.jpg,IMAGE,VERY_HIGH,4134,2923,994020,Archive catch-all — needs manual review
AST-000817,PRJ-LOCAL-0900,ARCHIVE,UNKNOWN,TIER_1,NOT_USABLE,archive,YES,NO,,OLD,OLD,helmet-research4.jpg,IMAGE,VERY_HIGH,4134,2923,719981,Archive catch-all — needs manual review
AST-000818,PRJ-LOCAL-0900,ARCHIVE,UNKNOWN,TIER_4,NOT_USABLE,archive,NO,NO,DUP-00270,OLD,OLD,images.jpg,IMAGE,VERY_LOW,358,141,6263,Archive catch-all — needs manual review
AST-000819,PRJ-LOCAL-0900,ARCHIVE,UNKNOWN,TIER_2,NOT_USABLE,archive,YES,NO,DUP-00351,OLD,OLD,ipm-008_LR.jpg,IMAGE,MEDIUM,2000,1547,1572515,Archive catch-all — needs manual review
AST-000820,PRJ-LOCAL-0900,ARCHIVE,UNKNOWN,TIER_3,NOT_USABLE,archive,YES,NO,DUP-00352,OLD,OLD,ipm-011_LR.jpg,IMAGE,LOW,1280,853,633182,Archive catch-all — needs manual review
AST-000821,PRJ-LOCAL-0900,ARCHIVE,UNKNOWN,TIER_1,NOT_USABLE,archive,YES,NO,,OLD,OLD,mouse print.jpg,IMAGE,VERY_HIGH,5100,3300,1848529,Archive catch-all — needs manual review
AST-000822,PRJ-LOCAL-0900,ARCHIVE,UNKNOWN,TIER_3,NOT_USABLE,archive,YES,NO,,OLD,OLD,option1_pers4.jpg,IMAGE,LOW,1024,768,285725,Archive catch-all — needs manual review
AST-000823,PRJ-LOCAL-0900,ARCHIVE,UNKNOWN,TIER_3,NOT_USABLE,archive,YES,NO,,OLD,OLD,option3_detail.jpg,IMAGE,LOW,1024,768,395154,Archive catch-all — needs manual review
AST-000824,PRJ-LOCAL-0900,ARCHIVE,UNKNOWN,TIER_3,NOT_USABLE,archive,YES,NO,,OLD,OLD,option3_detail2.jpg,IMAGE,LOW,1000,750,421186,Archive catch-all — needs manual review
AST-000825,PRJ-LOCAL-0900,ARCHIVE,UNKNOWN,TIER_3,NOT_USABLE,archive,YES,NO,,OLD,OLD,option3_detail3.jpg,IMAGE,LOW,1000,750,433538,Archive catch-all — needs manual review
AST-000826,PRJ-LOCAL-0900,ARCHIVE,UNKNOWN,TIER_3,NOT_USABLE,archive,YES,NO,,OLD,OLD,pic 2.jpg,IMAGE,LOW,800,800,296625,Archive catch-all — needs manual review
AST-000827,PRJ-LOCAL-0900,ARCHIVE,UNKNOWN,TIER_3,NOT_USABLE,archive,YES,NO,,OLD,OLD,pic 3.jpg,IMAGE,LOW,800,800,297480,Archive catch-all — needs manual review
AST-000828,PRJ-LOCAL-0900,ARCHIVE,UNKNOWN,TIER_4,NOT_USABLE,archive,YES,NO,,OLD,OLD,rrsport2030_by_bembli-d6auc9i.jpg,IMAGE,VERY_LOW,900,477,82555,Archive catch-all — needs manual review
AST-000829,PRJ-LOCAL-0900,ARCHIVE,UNKNOWN,TIER_3,NOT_USABLE,archive,YES,NO,,OLD,OLD,spaceship_by_bembli-d66cfdv.jpg,IMAGE,LOW,1280,603,98362,Archive catch-all — needs manual review
AST-000830,PRJ-LOCAL-0900,ARCHIVE,UNKNOWN,TIER_2,NOT_USABLE,archive,YES,NO,DUP-00353,OLD,OLD,unnamed.jpg,IMAGE,MEDIUM,2100,1500,793451,Archive catch-all — needs manual review
AST-000831,PRJ-LOCAL-0900,ARCHIVE,UNKNOWN,TIER_1,NOT_USABLE,archive,YES,NO,,OLD,OLD,xxx12.jpg,IMAGE,VERY_HIGH,5100,3300,4354019,Archive catch-all — needs manual review
AST-000832,PRJ-LOCAL-0094,GALLERY,FINAL_PRODUCT,TIER_4,NEEDS_RESTORE,gallery,YES,NO,,OUTDOORS,All-in-One Grill,All_in_One_Grill-2.jpg,IMAGE,VERY_LOW,400,240,10357,
AST-000833,PRJ-LOCAL-0094,GALLERY,FINAL_PRODUCT,TIER_4,NEEDS_RESTORE,gallery,YES,NO,DUP-00068,OUTDOORS,All-in-One Grill,Outdoor Products_main_img.jpg,IMAGE,VERY_LOW,660,369,116019,
AST-000834,PRJ-LOCAL-0094,GALLERY,FINAL_PRODUCT,TIER_4,NEEDS_RESTORE,gallery,YES,NO,DUP-00161,OUTDOORS,Diving Goggle (with Camera),goggles1.jpg,IMAGE,VERY_LOW,660,428,25695,
AST-000835,PRJ-LOCAL-0094,GALLERY,FINAL_PRODUCT,TIER_4,NEEDS_RESTORE,gallery,YES,NO,DUP-00162,OUTDOORS,Diving Goggle (with Camera),goggles2.jpg,IMAGE,VERY_LOW,660,439,23573,
AST-000836,PRJ-LOCAL-0094,GALLERY,FINAL_PRODUCT,TIER_4,NEEDS_RESTORE,gallery,YES,NO,DUP-00163,OUTDOORS,Diving Goggle (with Camera),goggles3.jpg,IMAGE,VERY_LOW,660,495,83169,
AST-000837,PRJ-LOCAL-0094,GALLERY,FINAL_PRODUCT,TIER_4,NEEDS_RESTORE,gallery,YES,NO,DUP-00264,OUTDOORS,LED Street Light,windsor30.jpg,IMAGE,VERY_LOW,660,401,69295,
AST-000838,PRJ-LOCAL-0094,GALLERY,FINAL_PRODUCT,TIER_4,NEEDS_RESTORE,gallery,YES,NO,DUP-00265,OUTDOORS,LED Street Light,windsor30_1.jpg,IMAGE,VERY_LOW,660,401,22209,
AST-000839,PRJ-LOCAL-0094,GALLERY,FINAL_PRODUCT,TIER_4,NEEDS_RESTORE,gallery,YES,NO,DUP-00064,OUTDOORS,Mosquito Deleto,Mosquito_Deleto.jpg,IMAGE,VERY_LOW,660,310,25354,
AST-000840,PRJ-LOCAL-0094,GALLERY,FINAL_PRODUCT,TIER_4,NEEDS_RESTORE,gallery,YES,NO,DUP-00065,OUTDOORS,Mosquito Deleto,Mosquito_Deleto_2.jpg,IMAGE,VERY_LOW,400,284,42880,
AST-000841,PRJ-LOCAL-0094,GALLERY,FINAL_PRODUCT,TIER_4,NEEDS_RESTORE,gallery,YES,NO,DUP-00263,OUTDOORS,Waterproof Case,waterproof_case-1.jpg,IMAGE,VERY_LOW,660,341,33765,
AST-000842,PRJ-LOCAL-0094,GALLERY,FINAL_PRODUCT,TIER_4,NEEDS_RESTORE,gallery,YES,NO,,OUTDOORS,Waterproof Case,waterproof_case-2.jpg,IMAGE,VERY_LOW,400,284,66706,
AST-000843,PRJ-LOCAL-0031,ARCHIVE,EARLY_PROTOTYPE,TIER_4,NOT_USABLE,archive,YES,NO,DUP-00180,PROTOTYPING,ABS + RTV Tooling,ipm_prototype1.jpg,IMAGE,VERY_LOW,660,439,63233,
AST-000844,PRJ-LOCAL-0031,ARCHIVE,EARLY_PROTOTYPE,TIER_4,NOT_USABLE,archive,YES,NO,DUP-00181,PROTOTYPING,ABS + RTV Tooling,ipm_prototype2.jpg,IMAGE,VERY_LOW,660,439,57995,
AST-000845,PRJ-LOCAL-0031,ARCHIVE,EARLY_PROTOTYPE,TIER_4,NOT_USABLE,archive,YES,NO,DUP-00182,PROTOTYPING,ABS + RTV Tooling,ipm_prototype3.jpg,IMAGE,VERY_LOW,660,439,85196,
AST-000846,PRJ-LOCAL-0080,ARCHIVE,EARLY_PROTOTYPE,TIER_4,NOT_USABLE,archive,YES,NO,DUP-00222,PROTOTYPING,Acrylic FormingBending,prototype_guitar_support.jpg,IMAGE,VERY_LOW,660,439,29374,
AST-000847,PRJ-LOCAL-0080,ARCHIVE,EARLY_PROTOTYPE,TIER_4,NOT_USABLE,archive,YES,NO,DUP-00223,PROTOTYPING,Acrylic FormingBending,prototype_guitar_support2.jpg,IMAGE,VERY_LOW,660,476,33552,
AST-000848,PRJ-LOCAL-0080,ARCHIVE,EARLY_PROTOTYPE,TIER_4,NOT_USABLE,archive,YES,NO,DUP-00218,PROTOTYPING,Carbon Fiber Molding,prototype_carbon_fiber.jpg,IMAGE,VERY_LOW,660,403,38041,
AST-000849,PRJ-LOCAL-0080,ARCHIVE,EARLY_PROTOTYPE,TIER_4,NOT_USABLE,archive,YES,NO,DUP-00219,PROTOTYPING,Carbon Fiber Molding,prototype_carbon_fiber2.jpg,IMAGE,VERY_LOW,660,439,51351,
AST-000850,PRJ-LOCAL-0080,ARCHIVE,EARLY_PROTOTYPE,TIER_4,NOT_USABLE,archive,YES,NO,DUP-00221,PROTOTYPING,FDM Printing,prototype_fdm.jpg,IMAGE,VERY_LOW,660,456,27204,
AST-000851,PRJ-LOCAL-0080,PROCESS,ASSEMBLY,TIER_4,NEEDS_RESTORE,process_page,YES,NO,DUP-00254,PROTOTYPING,Multi Level Prototyping,therapy_bike.jpg,IMAGE,VERY_LOW,660,439,76699,
AST-000852,PRJ-LOCAL-0080,PROCESS,ASSEMBLY,TIER_4,NEEDS_RESTORE,process_page,YES,NO,DUP-00255,PROTOTYPING,Multi Level Prototyping,therapy_bike2.jpg,IMAGE,VERY_LOW,660,439,68869,
AST-000853,PRJ-LOCAL-0080,ARCHIVE,EARLY_PROTOTYPE,TIER_4,NOT_USABLE,archive,YES,NO,DUP-00217,PROTOTYPING,"Rubber Coating, Silkscreening",prototype_camera_hd.jpg,IMAGE,VERY_LOW,660,507,35919,
AST-000854,PRJ-LOCAL-0080,ARCHIVE,EARLY_PROTOTYPE,TIER_4,NOT_USABLE,archive,YES,NO,DUP-00224,PROTOTYPING,"Rubber Coating, Silkscreening",prototype_remote1.jpg,IMAGE,VERY_LOW,660,439,26893,
AST-000855,PRJ-LOCAL-0080,ARCHIVE,EARLY_PROTOTYPE,TIER_4,NOT_USABLE,archive,YES,NO,DUP-00225,PROTOTYPING,"Rubber Coating, Silkscreening",prototype_remote2.jpg,IMAGE,VERY_LOW,660,439,32725,
AST-000856,PRJ-LOCAL-0080,ARCHIVE,EARLY_PROTOTYPE,TIER_4,NOT_USABLE,archive,YES,NO,DUP-00226,PROTOTYPING,"Rubber Coating, Silkscreening",prototype_remote3.jpg,IMAGE,VERY_LOW,660,439,21136,
AST-000857,PRJ-LOCAL-0080,ARCHIVE,EARLY_PROTOTYPE,TIER_4,NOT_USABLE,archive,YES,NO,DUP-00220,PROTOTYPING,SLA  SLS,prototype_clip_fdm.jpg,IMAGE,VERY_LOW,660,463,27403,
AST-000858,PRJ-LOCAL-0080,PROCESS,TOOLING,TIER_4,NEEDS_RESTORE,process_page,YES,NO,DUP-00069,PROTOTYPING,Sheet Metal + RTV Tooling,PAP1.jpg,IMAGE,VERY_LOW,660,439,29940,
AST-000859,PRJ-LOCAL-0080,PROCESS,TOOLING,TIER_4,NEEDS_RESTORE,process_page,YES,NO,DUP-00205,PROTOTYPING,Sheet Metal + RTV Tooling,pap2.jpg,IMAGE,VERY_LOW,660,439,40440,
AST-000860,PRJ-LOCAL-0080,PROCESS,TOOLING,TIER_4,NEEDS_RESTORE,process_page,YES,NO,DUP-00206,PROTOTYPING,Sheet Metal + RTV Tooling,pap3.jpg,IMAGE,VERY_LOW,660,439,43788,
AST-000861,PRJ-LOCAL-0080,PROCESS,TOOLING,TIER_4,NEEDS_RESTORE,process_page,YES,NO,DUP-00207,PROTOTYPING,Sheet Metal + RTV Tooling,pap4.jpg,IMAGE,VERY_LOW,660,439,32796,
AST-000862,PRJ-LOCAL-0080,PROCESS,TOOLING,TIER_4,NEEDS_RESTORE,process_page,YES,NO,DUP-00208,PROTOTYPING,Sheet Metal + RTV Tooling,pap5.jpg,IMAGE,VERY_LOW,660,439,33994,
AST-000863,PRJ-LOCAL-0080,PROCESS,TOOLING,TIER_4,NEEDS_RESTORE,process_page,YES,NO,DUP-00209,PROTOTYPING,Sheet Metal + RTV Tooling,pap6.jpg,IMAGE,VERY_LOW,660,439,37006,
AST-000864,PRJ-LOCAL-0021,FEATURE,FINAL_PRODUCT,TIER_3,NEEDS_UPSCALE,project_page,YES,NO,,SPEC,DBLL,123_design_blog_new_products_DUMB_BELL_(1).jpg,IMAGE,LOW,1600,900,190901,
AST-000865,PRJ-LOCAL-0021,FEATURE,FINAL_PRODUCT,TIER_3,NEEDS_UPSCALE,project_page,YES,NO,,SPEC,DBLL,123_design_blog_new_products_DUMB_BELL_(2).jpg,IMAGE,LOW,1600,1067,231461,
AST-000866,PRJ-LOCAL-0021,FEATURE,FINAL_PRODUCT,TIER_3,NEEDS_UPSCALE,project_page,YES,NO,,SPEC,DBLL,123_design_blog_new_products_DUMB_BELL_(3).jpg,IMAGE,LOW,1600,1067,227054,
AST-000867,PRJ-LOCAL-0021,FEATURE,FINAL_PRODUCT,TIER_3,NEEDS_UPSCALE,project_page,YES,NO,,SPEC,DBLL,123_design_blog_new_products_DUMB_BELL_(4).jpg,IMAGE,LOW,1600,1067,76478,
AST-000868,PRJ-LOCAL-0021,FEATURE,FINAL_PRODUCT,TIER_3,NEEDS_UPSCALE,project_page,YES,NO,,SPEC,DBLL,123_design_blog_new_products_DUMB_BELL_(5).jpg,IMAGE,LOW,1600,1067,163394,
AST-000869,PRJ-LOCAL-0021,FEATURE,FINAL_PRODUCT,TIER_3,NEEDS_UPSCALE,project_page,YES,NO,,SPEC,DBLL,123_design_blog_new_products_DUMB_BELL_(6).jpg,IMAGE,LOW,1600,1067,125877,
AST-000870,PRJ-LOCAL-0021,FEATURE,FINAL_PRODUCT,TIER_3,NEEDS_UPSCALE,project_page,YES,NO,,SPEC,DBLL,123_design_blog_new_products_DUMB_BELL_icon.jpg,IMAGE,LOW,902,902,164415,
AST-000871,PRJ-LOCAL-0021,ARCHIVE,FINAL_PRODUCT,TIER_1,NOT_USABLE,archive,YES,YES,,SPEC,DBLL,AdobeStock_214657508.jpeg,IMAGE,VERY_HIGH,7360,4912,8326485,Stock photo — not original work
AST-000872,PRJ-LOCAL-0021,ARCHIVE,FINAL_PRODUCT,TIER_1,NOT_USABLE,archive,YES,YES,DUP-00356,SPEC,DBLL,AdobeStock_214657508.jpg,IMAGE,VERY_HIGH,7360,4912,6222119,Stock photo — not original work
AST-000873,PRJ-LOCAL-0021,ARCHIVE,FINAL_PRODUCT,TIER_4,NOT_USABLE,archive,NO,YES,DUP-00356,SPEC,DBLL,AdobeStock_214657508_tmp14089,UNKNOWN,,,,6222119,Stock photo — not original work
AST-000874,PRJ-LOCAL-0021,ARCHIVE,FINAL_PRODUCT,TIER_1,NOT_USABLE,archive,YES,YES,,SPEC,DBLL,AdobeStock_268562538.jpeg,IMAGE,VERY_HIGH,6230,4154,4236813,Stock photo — not original work
AST-000875,PRJ-LOCAL-0021,ARCHIVE,FINAL_PRODUCT,TIER_1,NOT_USABLE,archive,YES,YES,DUP-00357,SPEC,DBLL,AdobeStock_268562538.jpg,IMAGE,VERY_HIGH,6230,4154,3563771,Stock photo — not original work
AST-000876,PRJ-LOCAL-0021,ARCHIVE,FINAL_PRODUCT,TIER_4,NOT_USABLE,archive,NO,YES,DUP-00357,SPEC,DBLL,AdobeStock_268562538_tmp29848,UNKNOWN,,,,3563771,Stock photo — not original work
AST-000877,PRJ-LOCAL-0021,ARCHIVE,FINAL_PRODUCT,TIER_1,NOT_USABLE,archive,YES,YES,,SPEC,DBLL,AdobeStock_26856253ww8.jpg,IMAGE,VERY_HIGH,6230,4154,3445404,Stock photo — not original work
AST-000878,PRJ-LOCAL-0021,FEATURE,FINAL_PRODUCT,TIER_3,NEEDS_UPSCALE,project_page,YES,NO,,SPEC,DBLL,WhatsApp Image 2019-08-19 at 3.37.32 PM.jpeg,IMAGE,LOW,1408,1066,377993,
AST-000879,PRJ-LOCAL-0022,FEATURE,FINAL_PRODUCT,TIER_3,NEEDS_UPSCALE,project_page,YES,NO,,SPEC,RACK,123_design_blog_new_products_1 (1).jpg,IMAGE,LOW,1280,854,154477,
AST-000880,PRJ-LOCAL-0022,FEATURE,FINAL_PRODUCT,TIER_3,NEEDS_UPSCALE,project_page,YES,NO,,SPEC,RACK,123_design_blog_new_products_1 (2).jpg,IMAGE,LOW,1280,854,56851,
AST-000881,PRJ-LOCAL-0022,FEATURE,FINAL_PRODUCT,TIER_3,NEEDS_UPSCALE,project_page,YES,NO,,SPEC,RACK,123_design_blog_new_products_1 (3).jpg,IMAGE,LOW,1280,854,66557,
AST-000882,PRJ-LOCAL-0022,FEATURE,FINAL_PRODUCT,TIER_3,NEEDS_UPSCALE,project_page,YES,NO,,SPEC,RACK,123_design_blog_new_products_1 (4).jpg,IMAGE,LOW,1280,854,67839,
AST-000883,PRJ-LOCAL-0022,FEATURE,FINAL_PRODUCT,TIER_3,NEEDS_UPSCALE,project_page,YES,NO,,SPEC,RACK,123_design_blog_new_products_1 (5).jpg,IMAGE,LOW,1280,854,164448,
AST-000884,PRJ-LOCAL-0022,FEATURE,FINAL_PRODUCT,TIER_3,NEEDS_UPSCALE,project_page,YES,NO,,SPEC,RACK,123_design_blog_new_products_1 (6).jpg,IMAGE,LOW,1280,854,22890,
AST-000885,PRJ-LOCAL-0022,FEATURE,FINAL_PRODUCT,TIER_3,NEEDS_UPSCALE,project_page,YES,NO,,SPEC,RACK,123_design_blog_new_products_1-(1).jpg,IMAGE,LOW,854,854,144284,
AST-000886,PRJ-LOCAL-0020,FEATURE,FINAL_PRODUCT,TIER_3,NEEDS_UPSCALE,project_page,YES,NO,,SPEC,SPON,0a1204ff-86f3-44b1-970e-cfb8c883a9bc.jpg,IMAGE,LOW,1600,900,52471,
AST-000887,PRJ-LOCAL-0020,FEATURE,FINAL_PRODUCT,TIER_3,NEEDS_UPSCALE,project_page,YES,NO,,SPEC,A,07964f5d-d6ef-420c-9a52-e91f97349dfb.jpg,IMAGE,LOW,1600,900,84905,
AST-000888,PRJ-LOCAL-0020,FEATURE,FINAL_PRODUCT,TIER_3,NEEDS_UPSCALE,project_page,YES,NO,,SPEC,A,09e72b74-6f40-4a4d-afd6-9fe4d0d10936.jpg,IMAGE,LOW,1600,900,82594,
AST-000889,PRJ-LOCAL-0020,FEATURE,FINAL_PRODUCT,TIER_3,NEEDS_UPSCALE,project_page,YES,NO,,SPEC,A,1bad19be-c681-44e1-b684-ed5592c44a15.jpg,IMAGE,LOW,1600,900,269293,
AST-000890,PRJ-LOCAL-0020,FEATURE,CONCEPT_RENDER,TIER_3,NEEDS_UPSCALE,project_page,YES,NO,,SPEC,A,248527da-fefa-4432-83d7-f2a41307cacc.jpg,IMAGE,LOW,1600,900,82128,
AST-000891,PRJ-LOCAL-0020,FEATURE,CONCEPT_RENDER,TIER_3,NEEDS_UPSCALE,project_page,YES,NO,,SPEC,A,2edfa118-40b3-40e2-842a-5bfa83d56a20.jpg,IMAGE,LOW,1600,1168,674679,
AST-000892,PRJ-LOCAL-0020,FEATURE,FINAL_PRODUCT,TIER_3,NEEDS_UPSCALE,project_page,YES,NO,,SPEC,A,34b26467-fb16-4c55-a506-090be4239985.jpg,IMAGE,LOW,1600,900,298268,
AST-000893,PRJ-LOCAL-0020,FEATURE,CONCEPT_RENDER,TIER_3,NEEDS_UPSCALE,project_page,YES,NO,,SPEC,A,47c0b82e-3d94-497e-a75b-8510ab2737d8.jpg,IMAGE,LOW,1600,900,119825,
AST-000894,PRJ-LOCAL-0020,FEATURE,FINAL_PRODUCT,TIER_3,NEEDS_UPSCALE,project_page,YES,NO,,SPEC,A,565828ca-64ae-44cc-9ef3-fd3fde21daac.jpg,IMAGE,LOW,1600,900,73824,
AST-000895,PRJ-LOCAL-0020,FEATURE,FINAL_PRODUCT,TIER_3,NEEDS_UPSCALE,project_page,YES,NO,,SPEC,A,6374c322-53c8-4e11-88d4-9b20e74947dd.jpg,IMAGE,LOW,1600,900,87401,
AST-000896,PRJ-LOCAL-0020,FEATURE,FINAL_PRODUCT,TIER_3,NEEDS_UPSCALE,project_page,YES,NO,,SPEC,A,81134d30-b341-4e59-bc7f-054f37c7c88b.jpg,IMAGE,LOW,1600,900,77747,
AST-000897,PRJ-LOCAL-0020,FEATURE,FINAL_PRODUCT,TIER_3,NEEDS_UPSCALE,project_page,YES,NO,,SPEC,A,SPOONY-THUMBNAIL.png,IMAGE,LOW,1168,1168,1941696,
AST-000898,PRJ-LOCAL-0020,FEATURE,FINAL_PRODUCT,TIER_3,NEEDS_UPSCALE,project_page,YES,NO,,SPEC,A,bf46d228-b42d-43ce-99fc-bb67b210bb79.jpg,IMAGE,LOW,1600,900,119805,
AST-000899,PRJ-LOCAL-0020,FEATURE,FINAL_PRODUCT,TIER_3,NEEDS_UPSCALE,project_page,YES,NO,,SPEC,A,cd21d58b-5d21-41a8-9677-5993cf521e35.jpg,IMAGE,LOW,1280,847,237346,
AST-000900,PRJ-LOCAL-0020,FEATURE,FINAL_PRODUCT,TIER_3,NEEDS_UPSCALE,project_page,YES,NO,,SPEC,A,da673554-c904-4aed-b6c8-d73372a196b7.jpg,IMAGE,LOW,1280,847,230529,
AST-000901,PRJ-LOCAL-0023,FEATURE,FINAL_PRODUCT,TIER_3,NEEDS_UPSCALE,project_page,YES,NO,,SPEC,VIRT,WhatsApp Image 2019-08-22 at 11.30.15 AM.jpeg,IMAGE,LOW,1600,1068,286096,
AST-000902,PRJ-LOCAL-0094,GALLERY,FINAL_PRODUCT,TIER_4,NEEDS_RESTORE,gallery,YES,NO,DUP-00028,SPORT,Dumbbells,Dumbbells-1.jpg,IMAGE,VERY_LOW,660,341,23686,
AST-000903,PRJ-LOCAL-0094,GALLERY,FINAL_PRODUCT,TIER_4,NEEDS_RESTORE,gallery,YES,NO,DUP-00029,SPORT,Dumbbells,Dumbbells-2.jpg,IMAGE,VERY_LOW,400,284,22825,
AST-000904,PRJ-LOCAL-0094,GALLERY,FINAL_PRODUCT,TIER_4,NEEDS_RESTORE,gallery,YES,NO,DUP-00164,SPORT,Golf Caddy,golf_caddy-1.jpg,IMAGE,VERY_LOW,660,341,24164,
AST-000905,PRJ-LOCAL-0094,GALLERY,FINAL_PRODUCT,TIER_4,NEEDS_RESTORE,gallery,YES,NO,DUP-00165,SPORT,Golf Caddy,golf_caddy-2.jpg,IMAGE,VERY_LOW,400,284,33812,
AST-000906,PRJ-LOCAL-0094,TECHNICAL,PCB,TIER_4,NEEDS_RESTORE,process_page,YES,NO,DUP-00185,SPORT,Knee Board,knee_board-1.jpg,IMAGE,VERY_LOW,660,341,46515,
AST-000907,PRJ-LOCAL-0094,TECHNICAL,PCB,TIER_4,NEEDS_RESTORE,process_page,YES,NO,DUP-00186,SPORT,Knee Board,knee_board-2.jpg,IMAGE,VERY_LOW,400,284,41526,
AST-000908,PRJ-LOCAL-0094,GALLERY,FINAL_PRODUCT,TIER_4,NEEDS_RESTORE,gallery,YES,NO,DUP-00211,SPORT,Pedometer,pedometer-1.jpg,IMAGE,VERY_LOW,660,341,25194,
AST-000909,PRJ-LOCAL-0094,GALLERY,FINAL_PRODUCT,TIER_4,NEEDS_RESTORE,gallery,YES,NO,DUP-00212,SPORT,Pedometer,pedometer-2.jpg,IMAGE,VERY_LOW,400,284,32599,
AST-000910,PRJ-LOCAL-0094,GALLERY,FINAL_PRODUCT,TIER_4,NEEDS_RESTORE,gallery,YES,NO,DUP-00227,SPORT,Putter,putter_1.jpg,IMAGE,VERY_LOW,660,310,72720,
AST-000911,PRJ-LOCAL-0094,GALLERY,FINAL_PRODUCT,TIER_4,NEEDS_RESTORE,gallery,YES,NO,DUP-00228,SPORT,Putter,putter_2.jpg,IMAGE,VERY_LOW,400,284,68828,
AST-000912,PRJ-LOCAL-0094,GALLERY,FINAL_PRODUCT,TIER_4,NEEDS_RESTORE,gallery,YES,NO,DUP-00085,SPORT,Roller Blades,Roller_Blade-1.jpg,IMAGE,VERY_LOW,660,310,67697,
AST-000913,PRJ-LOCAL-0094,GALLERY,FINAL_PRODUCT,TIER_4,NEEDS_RESTORE,gallery,YES,NO,DUP-00086,SPORT,Roller Blades,Roller_Blade-2.jpg,IMAGE,VERY_LOW,400,284,48412,
AST-000914,PRJ-LOCAL-0094,GALLERY,FINAL_PRODUCT,TIER_4,NEEDS_RESTORE,gallery,YES,NO,DUP-00237,SPORT,Sports Bottle,sports_bottle.jpg,IMAGE,VERY_LOW,660,310,15450,
AST-000915,PRJ-LOCAL-0094,GALLERY,FINAL_PRODUCT,TIER_4,NEEDS_RESTORE,gallery,YES,NO,DUP-00238,SPORT,Sports Bottle,sports_bottle_2.jpg,IMAGE,VERY_LOW,400,284,13834,
AST-000916,PRJ-LOCAL-0094,GALLERY,FINAL_PRODUCT,TIER_4,NEEDS_RESTORE,gallery,YES,NO,DUP-00252,SPORT,Tennis Ball Machine,tennis_ball_machine-1.jpg,IMAGE,VERY_LOW,660,341,20982,
AST-000917,PRJ-LOCAL-0094,GALLERY,FINAL_PRODUCT,TIER_4,NEEDS_RESTORE,gallery,YES,NO,DUP-00253,SPORT,Tennis Ball Machine,tennis_ball_machine-2.jpg,IMAGE,VERY_LOW,400,284,16202,
AST-000918,PRJ-LOCAL-0097,GALLERY,FINAL_PRODUCT,TIER_4,NEEDS_RESTORE,gallery,YES,NO,DUP-00001,TOYS GAMES JUVENILE,Massaging Vibrating Teether,5717newpoohsmall.jpg,IMAGE,VERY_LOW,640,525,44182,
AST-000919,PRJ-LOCAL-0097,GALLERY,FINAL_PRODUCT,TIER_4,NEEDS_RESTORE,gallery,YES,NO,DUP-00251,TOYS GAMES JUVENILE,Massaging Vibrating Teether,teether.jpg,IMAGE,VERY_LOW,660,401,48943,
AST-000920,PRJ-LOCAL-0097,GALLERY,FINAL_PRODUCT,TIER_4,NEEDS_RESTORE,gallery,YES,NO,DUP-00135,TOYS GAMES JUVENILE,Wild Peas,brass-balls6.jpg,IMAGE,VERY_LOW,370,368,27213,
AST-000921,PRJ-LOCAL-0011,GALLERY,CONCEPT_RENDER,TIER_4,NEEDS_RESTORE,gallery,YES,NO,DUP-00114,TRANSPORTATION,Aircraft Interior,Transportation_img.jpg,IMAGE,VERY_LOW,660,369,171731,
AST-000922,PRJ-LOCAL-0011,GALLERY,CONCEPT_RENDER,TIER_4,NEEDS_RESTORE,gallery,YES,NO,DUP-00259,TRANSPORTATION,Aircraft Interior,transportation_2.jpg,IMAGE,VERY_LOW,400,284,107758,
AST-000923,PRJ-LOCAL-0010,GALLERY,CONCEPT_RENDER,TIER_4,NEEDS_RESTORE,gallery,YES,NO,DUP-00215,TRANSPORTATION,Boat Profile,profile.jpg,IMAGE,VERY_LOW,660,274,52214,
AST-000924,PRJ-LOCAL-0010,GALLERY,CONCEPT_RENDER,TIER_4,NEEDS_RESTORE,gallery,YES,NO,DUP-00216,TRANSPORTATION,Boat Profile,profile_2.jpg,IMAGE,VERY_LOW,400,284,53445,
AST-000925,PRJ-LOCAL-0010,GALLERY,CONCEPT_RENDER,TIER_4,NEEDS_RESTORE,gallery,YES,NO,DUP-00011,TRANSPORTATION,Catamaran,Catamaran-1.jpg,IMAGE,VERY_LOW,660,274,172442,
AST-000926,PRJ-LOCAL-0010,GALLERY,CONCEPT_RENDER,TIER_4,NEEDS_RESTORE,gallery,YES,NO,DUP-00012,TRANSPORTATION,Catamaran,Catamaran-2.jpg,IMAGE,VERY_LOW,400,284,32395,
AST-000927,PRJ-LOCAL-0010,GALLERY,CONCEPT_RENDER,TIER_4,NEEDS_RESTORE,gallery,YES,NO,DUP-00024,TRANSPORTATION,Diamond,Diamond-1.jpg,IMAGE,VERY_LOW,660,274,163581,
AST-000928,PRJ-LOCAL-0010,GALLERY,CONCEPT_RENDER,TIER_4,NEEDS_RESTORE,gallery,YES,NO,DUP-00025,TRANSPORTATION,Diamond,Diamond-2.jpg,IMAGE,VERY_LOW,400,284,102959,
AST-000929,PRJ-LOCAL-0010,GALLERY,CONCEPT_RENDER,TIER_4,NEEDS_RESTORE,gallery,YES,NO,DUP-00045,TRANSPORTATION,Hydra,Hydra-1.jpg,IMAGE,VERY_LOW,660,274,22158,
AST-000930,PRJ-LOCAL-0010,GALLERY,CONCEPT_RENDER,TIER_4,NEEDS_RESTORE,gallery,YES,NO,DUP-00046,TRANSPORTATION,Hydra,Hydra-2.jpg,IMAGE,VERY_LOW,400,284,106833,
AST-000931,PRJ-LOCAL-0010,GALLERY,CONCEPT_RENDER,TIER_4,NEEDS_RESTORE,gallery,YES,NO,DUP-00051,TRANSPORTATION,Luxury Yacht,Luxury_Yacht-1.jpg,IMAGE,VERY_LOW,660,274,39734,
AST-000932,PRJ-LOCAL-0010,GALLERY,CONCEPT_RENDER,TIER_4,NEEDS_RESTORE,gallery,YES,NO,DUP-00052,TRANSPORTATION,Luxury Yacht,Luxury_Yacht-2.jpg,IMAGE,VERY_LOW,400,284,124686,
AST-000933,PRJ-LOCAL-0010,GALLERY,CONCEPT_RENDER,TIER_4,NEEDS_RESTORE,gallery,YES,NO,DUP-00062,TRANSPORTATION,Mega Yacht,Mega Yacht-1.jpg,IMAGE,VERY_LOW,400,284,92928,
AST-000934,PRJ-LOCAL-0010,GALLERY,CONCEPT_RENDER,TIER_4,NEEDS_RESTORE,gallery,YES,NO,DUP-00063,TRANSPORTATION,Mega Yacht,Mega Yacht-2.jpg,IMAGE,VERY_LOW,660,274,39392,
AST-000935,PRJ-LOCAL-0010,GALLERY,CONCEPT_RENDER,TIER_4,NEEDS_RESTORE,gallery,YES,NO,DUP-00103,TRANSPORTATION,Super Yacht,Super_Yacht-1.jpg,IMAGE,VERY_LOW,660,274,245917,
AST-000936,PRJ-LOCAL-0010,GALLERY,CONCEPT_RENDER,TIER_4,NEEDS_RESTORE,gallery,YES,NO,DUP-00104,TRANSPORTATION,Super Yacht,Super_Yacht-2.jpg,IMAGE,VERY_LOW,400,284,170441,
AST-000937,PRJ-LOCAL-0010,GALLERY,CONCEPT_RENDER,TIER_4,NEEDS_RESTORE,gallery,YES,NO,DUP-00122,TRANSPORTATION,Yacht Interior,Yacht_Interior-1.jpg,IMAGE,VERY_LOW,660,274,149480,
AST-000938,PRJ-LOCAL-0010,GALLERY,CONCEPT_RENDER,TIER_4,NEEDS_RESTORE,gallery,YES,NO,DUP-00123,TRANSPORTATION,Yacht Interior,Yacht_Interior-2.jpg,IMAGE,VERY_LOW,400,284,89705,
AST-000939,,ARCHIVE,UNKNOWN,TIER_4,NOT_USABLE,archive,YES,NO,,VIDEO,VIDEO,1.mp4,VIDEO,,,,3359094,No project assignment — VIDEO category or unclassified
AST-000940,,ARCHIVE,UNKNOWN,TIER_4,NOT_USABLE,archive,YES,NO,,VIDEO,VIDEO,10.mp4,VIDEO,,,,1591519,No project assignment — VIDEO category or unclassified
AST-000941,,ARCHIVE,UNKNOWN,TIER_4,NOT_USABLE,archive,YES,NO,,VIDEO,VIDEO,11.mp4,VIDEO,,,,1128975,No project assignment — VIDEO category or unclassified
AST-000942,,ARCHIVE,UNKNOWN,TIER_4,NOT_USABLE,archive,YES,NO,,VIDEO,VIDEO,12.mp4,VIDEO,,,,1504444,No project assignment — VIDEO category or unclassified
AST-000943,,ARCHIVE,UNKNOWN,TIER_4,NOT_USABLE,archive,YES,NO,,VIDEO,VIDEO,13.mp4,VIDEO,,,,1936930,No project assignment — VIDEO category or unclassified
AST-000944,,ARCHIVE,UNKNOWN,TIER_4,NOT_USABLE,archive,YES,NO,,VIDEO,VIDEO,14.mp4,VIDEO,,,,1486392,No project assignment — VIDEO category or unclassified
AST-000945,,ARCHIVE,UNKNOWN,TIER_4,NOT_USABLE,archive,YES,NO,,VIDEO,VIDEO,15.mp4,VIDEO,,,,4790778,No project assignment — VIDEO category or unclassified
AST-000946,,ARCHIVE,UNKNOWN,TIER_4,NOT_USABLE,archive,YES,NO,,VIDEO,VIDEO,16.mp4,VIDEO,,,,925147,No project assignment — VIDEO category or unclassified
AST-000947,,ARCHIVE,UNKNOWN,TIER_4,NOT_USABLE,archive,YES,NO,,VIDEO,VIDEO,17.mp4,VIDEO,,,,403967,No project assignment — VIDEO category or unclassified
AST-000948,,ARCHIVE,UNKNOWN,TIER_4,NOT_USABLE,archive,YES,NO,,VIDEO,VIDEO,18.mp4,VIDEO,,,,978490,No project assignment — VIDEO category or unclassified
AST-000949,,ARCHIVE,UNKNOWN,TIER_4,NOT_USABLE,archive,YES,NO,,VIDEO,VIDEO,19.mp4,VIDEO,,,,1844719,No project assignment — VIDEO category or unclassified
AST-000950,,ARCHIVE,UNKNOWN,TIER_4,NOT_USABLE,archive,YES,NO,,VIDEO,VIDEO,2.mp4,VIDEO,,,,3405640,No project assignment — VIDEO category or unclassified
AST-000951,,ARCHIVE,UNKNOWN,TIER_4,NOT_USABLE,archive,YES,NO,,VIDEO,VIDEO,20.mp4,VIDEO,,,,1926419,No project assignment — VIDEO category or unclassified
AST-000952,,ARCHIVE,UNKNOWN,TIER_4,NOT_USABLE,archive,YES,NO,,VIDEO,VIDEO,21.mp4,VIDEO,,,,2186540,No project assignment — VIDEO category or unclassified
AST-000953,,ARCHIVE,UNKNOWN,TIER_4,NOT_USABLE,archive,YES,NO,,VIDEO,VIDEO,22.mp4,VIDEO,,,,3191827,No project assignment — VIDEO category or unclassified
AST-000954,,ARCHIVE,UNKNOWN,TIER_4,NOT_USABLE,archive,YES,NO,,VIDEO,VIDEO,23.mp4,VIDEO,,,,2734091,No project assignment — VIDEO category or unclassified
AST-000955,,ARCHIVE,UNKNOWN,TIER_4,NOT_USABLE,archive,YES,NO,,VIDEO,VIDEO,24.mp4,VIDEO,,,,2824621,No project assignment — VIDEO category or unclassified
AST-000956,,ARCHIVE,UNKNOWN,TIER_4,NOT_USABLE,archive,YES,NO,,VIDEO,VIDEO,25.mp4,VIDEO,,,,5051454,No project assignment — VIDEO category or unclassified
AST-000957,,ARCHIVE,UNKNOWN,TIER_4,NOT_USABLE,archive,YES,NO,,VIDEO,VIDEO,26.mp4,VIDEO,,,,1254957,No project assignment — VIDEO category or unclassified
AST-000958,,ARCHIVE,UNKNOWN,TIER_4,NOT_USABLE,archive,YES,NO,,VIDEO,VIDEO,27.mp4,VIDEO,,,,2189345,No project assignment — VIDEO category or unclassified
AST-000959,,ARCHIVE,UNKNOWN,TIER_4,NOT_USABLE,archive,YES,NO,,VIDEO,VIDEO,28.mp4,VIDEO,,,,26165067,No project assignment — VIDEO category or unclassified
AST-000960,,ARCHIVE,UNKNOWN,TIER_4,NOT_USABLE,archive,YES,NO,,VIDEO,VIDEO,28a.mp4,VIDEO,,,,26746593,No project assignment — VIDEO category or unclassified
AST-000961,,ARCHIVE,UNKNOWN,TIER_4,NOT_USABLE,archive,YES,NO,,VIDEO,VIDEO,29.mp4,VIDEO,,,,9158036,No project assignment — VIDEO category or unclassified
AST-000962,,ARCHIVE,UNKNOWN,TIER_4,NOT_USABLE,archive,YES,NO,,VIDEO,VIDEO,3.mp4,VIDEO,,,,5234362,No project assignment — VIDEO category or unclassified
AST-000963,,ARCHIVE,UNKNOWN,TIER_4,NOT_USABLE,archive,YES,NO,,VIDEO,VIDEO,30.mp4,VIDEO,,,,3453458,No project assignment — VIDEO category or unclassified
AST-000964,,ARCHIVE,UNKNOWN,TIER_4,NOT_USABLE,archive,YES,NO,,VIDEO,VIDEO,31.mp4,VIDEO,,,,4560318,No project assignment — VIDEO category or unclassified
AST-000965,,ARCHIVE,UNKNOWN,TIER_4,NOT_USABLE,archive,YES,NO,,VIDEO,VIDEO,32.mp4,VIDEO,,,,7692770,No project assignment — VIDEO category or unclassified
AST-000966,,ARCHIVE,UNKNOWN,TIER_4,NOT_USABLE,archive,YES,NO,,VIDEO,VIDEO,33.mp4,VIDEO,,,,9758859,No project assignment — VIDEO category or unclassified
AST-000967,,ARCHIVE,UNKNOWN,TIER_4,NOT_USABLE,archive,YES,NO,,VIDEO,VIDEO,34.mp4,VIDEO,,,,6388819,No project assignment — VIDEO category or unclassified
AST-000968,,ARCHIVE,UNKNOWN,TIER_4,NOT_USABLE,archive,YES,NO,,VIDEO,VIDEO,35.mp4,VIDEO,,,,4701147,No project assignment — VIDEO category or unclassified
AST-000969,,ARCHIVE,UNKNOWN,TIER_4,NOT_USABLE,archive,YES,NO,,VIDEO,VIDEO,36.mp4,VIDEO,,,,5792115,No project assignment — VIDEO category or unclassified
AST-000970,,ARCHIVE,UNKNOWN,TIER_4,NOT_USABLE,archive,YES,NO,,VIDEO,VIDEO,37.mp4,VIDEO,,,,3776454,No project assignment — VIDEO category or unclassified
AST-000971,,ARCHIVE,UNKNOWN,TIER_4,NOT_USABLE,archive,YES,NO,,VIDEO,VIDEO,38.mp4,VIDEO,,,,18650449,No project assignment — VIDEO category or unclassified
AST-000972,,ARCHIVE,UNKNOWN,TIER_4,NOT_USABLE,archive,YES,NO,,VIDEO,VIDEO,39.mp4,VIDEO,,,,2304164,No project assignment — VIDEO category or unclassified
AST-000973,,ARCHIVE,UNKNOWN,TIER_4,NOT_USABLE,archive,YES,NO,,VIDEO,VIDEO,4.mp4,VIDEO,,,,3585090,No project assignment — VIDEO category or unclassified
AST-000974,,ARCHIVE,UNKNOWN,TIER_4,NOT_USABLE,archive,YES,NO,,VIDEO,VIDEO,40.mp4,VIDEO,,,,1023920,No project assignment — VIDEO category or unclassified
AST-000975,,ARCHIVE,UNKNOWN,TIER_4,NOT_USABLE,archive,YES,NO,,VIDEO,VIDEO,41.mp4,VIDEO,,,,2225971,No project assignment — VIDEO category or unclassified
AST-000976,,ARCHIVE,UNKNOWN,TIER_4,NOT_USABLE,archive,YES,NO,DUP-00358,VIDEO,VIDEO,42.mp4,VIDEO,,,,11694803,No project assignment — VIDEO category or unclassified
AST-000977,,ARCHIVE,UNKNOWN,TIER_4,NOT_USABLE,archive,NO,NO,DUP-00358,VIDEO,VIDEO,42A.mp4,VIDEO,,,,11694803,No project assignment — VIDEO category or unclassified
AST-000978,,ARCHIVE,UNKNOWN,TIER_4,NOT_USABLE,archive,YES,NO,,VIDEO,VIDEO,43.mp4,VIDEO,,,,6959259,No project assignment — VIDEO category or unclassified
AST-000979,,ARCHIVE,UNKNOWN,TIER_4,NOT_USABLE,archive,YES,NO,,VIDEO,VIDEO,5.mp4,VIDEO,,,,3237871,No project assignment — VIDEO category or unclassified
AST-000980,,ARCHIVE,UNKNOWN,TIER_4,NOT_USABLE,archive,YES,NO,,VIDEO,VIDEO,6.mp4,VIDEO,,,,5552422,No project assignment — VIDEO category or unclassified
AST-000981,,ARCHIVE,UNKNOWN,TIER_4,NOT_USABLE,archive,YES,NO,,VIDEO,VIDEO,7.mp4,VIDEO,,,,3571228,No project assignment — VIDEO category or unclassified
AST-000982,,ARCHIVE,UNKNOWN,TIER_4,NOT_USABLE,archive,YES,NO,,VIDEO,VIDEO,8.mp4,VIDEO,,,,1610133,No project assignment — VIDEO category or unclassified
AST-000983,,ARCHIVE,UNKNOWN,TIER_4,NOT_USABLE,archive,YES,NO,,VIDEO,VIDEO,9.mp4,VIDEO,,,,4378251,No project assignment — VIDEO category or unclassified
AST-000984,PRJ-LOCAL-0060,GALLERY,MARKETING,TIER_4,NEEDS_RESTORE,gallery,YES,NO,DUP-00033,WEB DESIGN,GKV Law Firm,GKV Law Firm 2.jpg,IMAGE,VERY_LOW,400,338,124931,
AST-000985,PRJ-LOCAL-0060,GALLERY,MARKETING,TIER_4,NEEDS_RESTORE,gallery,YES,NO,DUP-00034,WEB DESIGN,GKV Law Firm,GKVLawFirm.jpg,IMAGE,VERY_LOW,660,274,97858,
AST-000986,PRJ-LOCAL-0060,GALLERY,MARKETING,TIER_4,NEEDS_RESTORE,gallery,YES,NO,DUP-00053,WEB DESIGN,MBA Air,MBA Air 2.jpg,IMAGE,VERY_LOW,400,323,157165,
AST-000987,PRJ-LOCAL-0060,GALLERY,MARKETING,TIER_4,NEEDS_RESTORE,gallery,YES,NO,DUP-00054,WEB DESIGN,MBA Air,MBA_Air.jpg,IMAGE,VERY_LOW,660,274,97413,
AST-000988,PRJ-LOCAL-0060,GALLERY,MARKETING,TIER_4,NEEDS_RESTORE,gallery,YES,NO,DUP-00101,WEB DESIGN,Suna Salon,Suna Salon 2.jpg,IMAGE,VERY_LOW,400,321,119304,
AST-000989,PRJ-LOCAL-0060,GALLERY,MARKETING,TIER_4,NEEDS_RESTORE,gallery,YES,NO,DUP-00102,WEB DESIGN,Suna Salon,SunaSalon.jpg,IMAGE,VERY_LOW,660,274,106322,
AST-000990,PRJ-LOCAL-0060,GALLERY,MARKETING,TIER_4,NEEDS_RESTORE,gallery,YES,NO,DUP-00115,WEB DESIGN,Tutor My Kid,Tutor My Kid 2.jpg,IMAGE,VERY_LOW,400,322,126701,
AST-000991,PRJ-LOCAL-0060,GALLERY,MARKETING,TIER_4,NEEDS_RESTORE,gallery,YES,NO,DUP-00258,WEB DESIGN,Tutor My Kid,tmk.jpg,IMAGE,VERY_LOW,660,274,124597,
AST-000992,PRJ-LOCAL-0060,GALLERY,MARKETING,TIER_4,NEEDS_RESTORE,gallery,YES,NO,DUP-00124,WEB DESIGN,Your Lucky Eye,Your Lucky Eye 2.jpg,IMAGE,VERY_LOW,400,338,124228,
AST-000993,PRJ-LOCAL-0060,GALLERY,MARKETING,TIER_4,NEEDS_RESTORE,gallery,YES,NO,DUP-00266,WEB DESIGN,Your Lucky Eye,your_lucky_eye.jpg,IMAGE,VERY_LOW,660,274,99020,
